catalog_id,niche_id,niche_name,template_name,slug,page_type,conversion_objective,target_audience,primary_cta,section_sequence,required_controlled_nodes,required_future_nodes,required_editable_fields,visual_direction,thumbnail_strategy,structural_distinction_rationale,catalog_status
"TPL-001","1","Clínicas de Odontologia e Harmonização Facial","Clínicas Direct Ads Express","tpl-odonto-ads-captura-rapida","Landing Page Direta","Captura Imediata de Leads Google/Meta Ads","Pacientes/clientes urgentes em busca de atendimento direto","Solicitar Atendimento Imediato","hero -> form -> benefits -> testimonials -> footer","HeroBlock;FormBlock;BenefitsBlock;TestimonialsBlock;FooterBlock","NONE","headline,subheadline,badge_text,form_fields,submit_button_text,benefits_list,testimonials_list,copyright_text","Clean responsivo com destaque para formulário de conversão direta","Renderização do formulário em topo claro e CTA com contraste","Foco exclusivo em conversão de fundo de funil com formulário acima da dobra e sem fuga.","pilot_eligible"
"TPL-002","1","Clínicas de Odontologia e Harmonização Facial","Clínicas Agendamento VIP","tpl-odonto-agendamento-consulta-vip","Landing de Marcações","Agendamento Direct de Primeira Consulta","Clientes qualificados procurando atendimento exclusivo","Agendar Consulta VIP","hero -> services -> process -> testimonials -> contact -> footer","HeroBlock;ServicesBlock;ProcessBlock;TestimonialsBlock;ContactBlock;FooterBlock","NONE","headline,subheadline,badge_text,services_cards,process_steps,testimonials_list,contact_info,copyright_text","Tom premium com cartões espaçados e etapas do processo ilustradas","Hero com destaque de especialidades e botão de agendamento em destaque","Apresenta a jornada de atendimento passo a passo para gerar confiança no agendamento.","pilot_eligible"
"TPL-003","1","Clínicas de Odontologia e Harmonização Facial","Clínicas Institucional Autoridade","tpl-odonto-institucional-autoridade","Website Institucional","Construção de Autoridade de Marca e Apresentação de Equipa","Clientes corporativos e parceiros estratégicos","Conhecer Soluções da Empresa","hero -> about -> services -> team -> contact -> footer","HeroBlock;AboutBlock;ServicesBlock;TeamBlock;ContactBlock;FooterBlock","NONE","headline,subheadline,story_text,stat_number,stat_label,services_cards,team_members,contact_info,copyright_text","Design corporativo sóbrio com tipografia forte e fotos da equipa","Preview da secção de história e griha de membros da equipa","Posiciona o negócio como líder de mercado através da história e equipa médica/profissional.","pilot_eligible"
"TPL-004","1","Clínicas de Odontologia e Harmonização Facial","Clínicas Cotação Express","tpl-odonto-cotacao-progressiva-express","Landing de Cotação","Solicitação de Orçamento com Dados Iniciais","Compradores buscando estimativa rápida de investimento","Pedir Orçamento Gratuito","hero -> benefits -> form -> faq -> footer","HeroBlock;BenefitsBlock;FormBlock;FaqBlock;FooterBlock","NONE","headline,subheadline,benefits_items,form_fields,submit_button_text,faq_items,copyright_text","Foco em clareza de benefícios antes de expor os campos de orçamento","Captura destacando cartões de diferenciais e formulário de orçamento","Elimina objeções de preço respondendo perguntas frequentes antes do pedido de cotação.","pilot_eligible"
"TPL-005","1","Clínicas de Odontologia e Harmonização Facial","Clínicas Catálogo de Especialidades","tpl-odonto-procedimentos-especializados","Landing de Serviços","Apresentação Detalhada do Portfólio de Serviços","Público que procura soluções técnicas específicas","Consultar Especialista","hero -> services -> benefits -> process -> form -> footer","HeroBlock;ServicesBlock;BenefitsBlock;ProcessBlock;FormBlock;FooterBlock","NONE","headline,subheadline,services_cards,benefits_items,process_steps,form_fields,copyright_text","Grelha modular de serviços com ícones e marcadores técnicos","Visão geral do catálogo de serviços em grelha 3 colunas","Organiza serviços complexos de forma modular e clara para facilidade de navegação.","pilot_eligible"
"TPL-006","1","Clínicas de Odontologia e Harmonização Facial","Clínicas Casos & Prova Social","tpl-odonto-prova-social-intensa","Landing Page Direta","Conversão Baseada em Depoimentos e Prova de Confiança","Clientes indecisos que necessitam de validação de terceiros","Ver Resultados e Agendar","hero -> testimonials -> benefits -> faq -> contact -> footer","HeroBlock;TestimonialsBlock;BenefitsBlock;FaqBlock;ContactBlock;FooterBlock","NONE","headline,subheadline,testimonials_list,benefits_items,faq_items,contact_info,copyright_text","Estilo visual focado em cartões de avaliações com estrelas e avatares","Secção Hero integrada com avaliações 5 estrelas em destaque","Utiliza o gatilho da prova social em posição de destaque máximo para quebrar desconfiança.","pilot_eligible"
"TPL-007","1","Clínicas de Odontologia e Harmonização Facial","Clínicas Diagnóstico Gratuito","tpl-odonto-diagnostico-inicial-gratuito","Landing Page Direta","Captação de Leads via Oferta de Diagnóstico sem Custo","Clientes em fase de descoberta que procuram avaliação inicial","Solicitar Diagnóstico sem Custo","hero -> process -> benefits -> form -> footer","HeroBlock;ProcessBlock;BenefitsBlock;FormBlock;FooterBlock","NONE","headline,subheadline,process_steps,benefits_items,form_fields,copyright_text","Cores de alta energia e badges explicativos do diagnóstico","Hero com badge de Diagnóstico Gratuito e formulário em destaque","Reduz a barreira de entrada oferecendo uma avaliação sem compromisso financeiro.","pilot_eligible"
"TPL-008","1","Clínicas de Odontologia e Harmonização Facial","Clínicas Plantão & Atendimento Rápido","tpl-odonto-atendimento-urgencia-24h","Landing Page Direta","Conversão Urgente para Casos Imediatos","Público com necessidade urgente ou atendimento emergencial","Falar com Atendimento Rápido","hero -> contact -> services -> faq -> footer","HeroBlock;ContactBlock;ServicesBlock;FaqBlock;FooterBlock","NONE","headline,subheadline,phone,email,address,services_cards,faq_items,copyright_text","Layout de alta visibilidade com botão telefónico/WhatsApp de destaque imediato","Hero com botões de contacto direto e mapa de localização rápida","Focado em resolução imediata com telefone e mapa acessíveis sem rolagem.","pilot_eligible"
"TPL-009","1","Clínicas de Odontologia e Harmonização Facial","Clínicas Guia de Esclarecimento & FAQ","tpl-odonto-duvidas-e-faq-interativo","Landing Educacional","Captação via Esclarecimento de Dúvidas Técnicas","Clientes que pesquisam objeções antes de contratar","Tirar Minha Dúvida com Especialista","hero -> faq -> benefits -> form -> footer","HeroBlock;FaqBlock;BenefitsBlock;FormBlock;FooterBlock","NONE","headline,subheadline,faq_items,benefits_items,form_fields,copyright_text","Accordion limpo com boa legibilidade e tipografia contrastante","Secção de perguntas frequentes em destaque com busca visual","Resolve objeções complexas antecipadamente para converter tráfego qualificado.","pilot_eligible"
"TPL-010","1","Clínicas de Odontologia e Harmonização Facial","Clínicas Equipa & Corpo Clínico/Técnico","tpl-odonto-equipa-e-corpo-tecnico","Website Institucional","Apresentação de Credenciais e Especialistas","Clientes que escolhem profissionais por currículo e autoridade","Marcar com Nossos Especialistas","hero -> team -> about -> services -> contact -> footer","HeroBlock;TeamBlock;AboutBlock;ServicesBlock;ContactBlock;FooterBlock","NONE","headline,subheadline,team_members,story_text,services_cards,contact_info,copyright_text","Grelha elegante de perfis profissionais com bios detalhadas","Cartões de equipa com fotos profissionais e bios curtas","Foco no fator humano e nas credenciais individuais da equipa para passar segurança.","pilot_eligible"
"TPL-011","1","Clínicas de Odontologia e Harmonização Facial","Clínicas Unidades & Mapa Local","tpl-odonto-localizacao-e-unidades","Landing Local","Atração de Clientes Locais por Proximidade Geográfica","Moradores/empresas da região geográfica de atendimento","Ver Rota e Agendar Visita","hero -> contact -> services -> testimonials -> footer","HeroBlock;ContactBlock;ServicesBlock;TestimonialsBlock;FooterBlock","NONE","headline,subheadline,google_maps_url,address,phone,services_cards,testimonials_list,copyright_text","Destaque visual para o mapa interativo e informações de endereço","Secção de contacto com mapa integrado e horários de funcionamento","Foco total em busca local e facilidade de localização geográfica.","pilot_eligible"
"TPL-012","1","Clínicas de Odontologia e Harmonização Facial","Clínicas Apresentação de Pacotes","tpl-odonto-pacotes-e-condicoes","Landing de Vendas","Conversão para Pacotes Estruturados de Serviços","Clientes interessados em combos e condições especiais","Escolher Meu Pacote","hero -> services -> benefits -> form -> faq -> footer","HeroBlock;ServicesBlock;BenefitsBlock;FormBlock;FaqBlock;FooterBlock","NONE","headline,subheadline,services_cards,benefits_items,form_fields,faq_items,copyright_text","Grelha de pacotes com marcadores visuais do mais popular","Grelha de serviços formatada como cartões de pacotes","Facilita a decisão de compra agrupando serviços em ofertas claras.","pilot_eligible"
"TPL-013","1","Clínicas de Odontologia e Harmonização Facial","Clínicas Nossa História & Propósito","tpl-odonto-historia-e-proposito","Website Institucional","Conexão Emocional e Alinhamento de Valores","Clientes que valorizam a missão e reputação da empresa","Fazer Parte da Nossa História","hero -> about -> process -> team -> contact -> footer","HeroBlock;AboutBlock;ProcessBlock;TeamBlock;ContactBlock;FooterBlock","NONE","headline,subheadline,story_text,stat_number,stat_label,process_steps,team_members,contact_info,copyright_text","Narrativa em linha do tempo com fotografias institucionais","Secção About com bloco de estatísticas e imagens de bastidores","Constrói lealdade de longo prazo mostrando a trajetória e propósito do negócio.","pilot_eligible"
"TPL-014","1","Clínicas de Odontologia e Harmonização Facial","Clínicas Jornada do Cliente","tpl-odonto-solucao-passo-a-passo","Landing Educacional","Desmistificar o Processo de Prestação do Serviço","Clientes receosos quanto à complexidade do serviço","Iniciar Minha Jornada","hero -> process -> services -> testimonials -> form -> footer","HeroBlock;ProcessBlock;ServicesBlock;TestimonialsBlock;FormBlock;FooterBlock","NONE","headline,subheadline,process_steps,services_cards,testimonials_list,form_fields,copyright_text","Fluxo numérico progressivo (Passo 1, 2, 3) bem marcado","Infográfico do processo de 4 passos com conectores visuais","Reduz a ansiedade do cliente mostrando exatamente o que acontece em cada fase.","pilot_eligible"
"TPL-015","1","Clínicas de Odontologia e Harmonização Facial","Clínicas Oferta de Boas-Vindas","tpl-odonto-primeira-visita-especial","Landing Page Direta","Captação de Novos Clientes com Condição Especial","Público que nunca utilizou os serviços da empresa","Garantir Oferta de Boas-Vindas","hero -> benefits -> form -> testimonials -> footer","HeroBlock;BenefitsBlock;FormBlock;TestimonialsBlock;FooterBlock","NONE","headline,subheadline,badge_text,benefits_items,form_fields,testimonials_list,copyright_text","Badge destacado de oferta exclusiva no Hero","Hero com selo de Boas-Vindas e formulário de inscrição direta","Incentiva a experiência inicial através de um incentivo exclusivo para novos clientes.","pilot_eligible"
"TPL-016","1","Clínicas de Odontologia e Harmonização Facial","Clínicas Sales Page VSL Longa","tpl-odonto-vsl-video-sales-page","Sales Page Longa","Conversão via Vídeo de Vendas (VSL) e Pitch Estruturado","Leads de tráfego frio preparados por apresentação em vídeo","Garantir Vaga no Programa","hero_vsl -> benefits -> testimonials -> faq -> footer","BenefitsBlock;TestimonialsBlock;FaqBlock;FooterBlock","HeroVslBlock","headline,video_url,cta_primary_text,benefits_items,testimonials_list,faq_items,copyright_text","Container de vídeo centralizado com foco total na apresentação VSL","Player de vídeo VSL em topo escuro e botão CTA revelado abaixo","Focado em conversão audiovisual para infoprodutos e mentorias de alto valor.","blocked_by_node_registry"
"TPL-017","1","Clínicas de Odontologia e Harmonização Facial","Clínicas Planos & Tabela de Pricing","tpl-odonto-tabela-de-precos-saas","Produto / Demo / Trial","Seleção de Planos Mensais/Anuais e Free Trial","Decisores de compra avaliando pacotes e limites de software","Assinar Plano Selecionado","hero -> pricing_table -> benefits -> faq -> footer","HeroBlock;BenefitsBlock;FaqBlock;FooterBlock","PricingTableBlock","headline,subheadline,pricing_plans,features_comparison,faq_items,copyright_text","Cartões de preços comparativos com alternador Mensal/Anual","Grelha de 3 planos de preços com destaque para o plano recomendado","Transparência total de preços e funcionalidades para SaaS e assinaturas.","blocked_by_node_registry"
"TPL-018","1","Clínicas de Odontologia e Harmonização Facial","Clínicas Mostra de Portfólio & Projetos","tpl-odonto-galeria-portfolio-projetos","Website/Portfólio","Exibição Visual de Projetos Concluídos","Clientes de alto padrão avaliando qualidade estética e acabamento","Solicitar Projeto Semelhante","hero -> gallery_grid -> process -> contact -> footer","HeroBlock;ProcessBlock;ContactBlock;FooterBlock","GalleryGridBlock","headline,subheadline,gallery_images,project_categories,contact_info,copyright_text","Grelha masonry de alta resolução com lightbox interativo","Galeria visual de projetos com filtros por categoria","Demonstra a excelência técnica através do trabalho visualmente concluído.","blocked_by_node_registry"
"TPL-019","1","Clínicas de Odontologia e Harmonização Facial","Clínicas Calculadora Interativa de Cotação","tpl-odonto-simulador-calculadora-cotacao","Landing de Cotação","Estimativa Interativa em Tempo Real pelo Cliente","Clientes que desejam calcular o investimento aproximado","Enviar Resultado da Simulação","hero -> interactive_calculator -> form -> faq -> footer","HeroBlock;FormBlock;FaqBlock;FooterBlock","CalculatorBlock","headline,subheadline,calculator_fields,form_fields,faq_items,copyright_text","Sliders e seletores interativos com valor total calculado em tempo real","Calculadora interativa com controles deslizantes e resultado estimado","Engaja o utilizador permitindo simular o valor exato da sua necessidade.","blocked_by_node_registry"
"TPL-020","1","Clínicas de Odontologia e Harmonização Facial","Clínicas Agendador com Calendário Ao Vivo","tpl-odonto-calendario-agendamento-online","Landing de Marcações","Reserva Direta de Data e Horário em Agenda Integrada","Clientes que preferem selecionar o dia e hora no momento","Confirmar Data e Horário","hero -> booking_calendar -> testimonials -> footer","HeroBlock;TestimonialsBlock;FooterBlock","BookingCalendarBlock","headline,subheadline,available_slots,testimonials_list,copyright_text","Calendário interativo com escolha de horário em tempo real","Widget de calendário mensal com seleção de slots de horário","Elimina trocas de mensagens agendando a reunião/consulta diretamente.","blocked_by_node_registry"
"TPL-021","1","Clínicas de Odontologia e Harmonização Facial","Clínicas Comparativo de Soluções B2B","tpl-odonto-tabela-comparativa-recursos","Produto / Demo / Trial","Demonstração de Superioridade em Relação a Alternativas","Compradores B2B comparando concorrentes e funcionalidades","Escolher a Solução Líder","hero -> comparison_table -> benefits -> form -> footer","HeroBlock;BenefitsBlock;FormBlock;FooterBlock","ComparisonTableBlock","headline,subheadline,comparison_matrix,benefits_items,form_fields,copyright_text","Tabela comparativa com marcas de verificação (checkmarks) e destaques","Tabela comparativa matricial com a empresa destacada na 1ª coluna","Prova a vantagem competitiva de forma transparente através de matriz de recursos.","blocked_by_node_registry"
"TPL-022","1","Clínicas de Odontologia e Harmonização Facial","Clínicas Catálogo Filtrável de Soluções","tpl-odonto-catalogo-com-filtros-avancados","Website/Portfólio","Navegação por Granularidade de Nichos e Equipamentos","Clientes B2B buscando especificações técnicas detalhadas","Solicitar Ficha Técnica e Cotação","hero -> filtered_catalog -> contact -> footer","HeroBlock;ContactBlock;FooterBlock","FilteredCatalogBlock","headline,subheadline,catalog_items,filter_categories,contact_info,copyright_text","Filtros por categoria no topo e cartões com badges técnicos","Barra de filtros de produtos e grelha de resultados organizados","Facilita a busca em inventários extensos de serviços ou equipamentos.","blocked_by_node_registry"
"TPL-023","1","Clínicas de Odontologia e Harmonização Facial","Clínicas Experiência Virtual & Espaço","tpl-odonto-tour-virtual-galeria-360","Captação e Reserva","Apresentação Imersiva de Ambientes e Instalações","Noivas, organizadores de eventos e clientes de imobiliário","Agendar Visita Presencial","hero -> virtual_tour -> testimonials -> form -> footer","HeroBlock;TestimonialsBlock;FormBlock;FooterBlock","VirtualTourBlock","headline,subheadline,embed_tour_url,testimonials_list,form_fields,copyright_text","Visualizador panorâmico imersivo com botões de navegação","Preview de tour virtual 360 com ícone de navegação interativa","Encanta o cliente mostrando o espaço físico em alta definição antes da visita.","blocked_by_node_registry"
"TPL-024","1","Clínicas de Odontologia e Harmonização Facial","Clínicas Linha do Tempo & Tradição","tpl-odonto-linha-do-tempo-historica","Website Institucional","Demonstração de Tradição, Anos de Mercado e Milestones","Grandes contas corporativas buscando estabilidade e tradição","Falar com Nossa Gestão","hero -> timeline_history -> team -> contact -> footer","HeroBlock;TeamBlock;ContactBlock;FooterBlock","TimelineHistoryBlock","headline,subheadline,timeline_events,team_members,contact_info,copyright_text","Linha vertical cronológica com pontos de destaque históricos","Linha do tempo interativa marcando anos e conquistas da empresa","Transmite solidez e confiança comprovando anos de atuação no mercado.","blocked_by_node_registry"
"TPL-025","1","Clínicas de Odontologia e Harmonização Facial","Clínicas Cardápio Interativo & Menus","tpl-odonto-menu-degustacao-cardapio","Captação e Reserva","Apresentação de Opções de Menus e Buffets para Eventos","Organizadores de eventos e noivos escolhendo gastronomia","Solicitar Degustação do Cardápio","hero -> interactive_menu -> testimonials -> form -> footer","HeroBlock;TestimonialsBlock;FormBlock;FooterBlock","InteractiveMenuBlock","headline,subheadline,menu_categories,testimonials_list,form_fields,copyright_text","Abas organizadas por pratos (Entradas, Principais, Sobremesas) com fotos","Cardápio em abas estilizadas com imagens de gastronomia","Estimula o desejo gastronómico apresentando os menus de forma elegante.","blocked_by_node_registry"
"TPL-026","2","Cirurgia Plástica e Dermatologia","Cirurgia Direct Ads Express","tpl-dermato-ads-captura-rapida","Landing Page Direta","Captura Imediata de Leads Google/Meta Ads","Pacientes/clientes urgentes em busca de atendimento direto","Solicitar Atendimento Imediato","hero -> form -> benefits -> testimonials -> footer","HeroBlock;FormBlock;BenefitsBlock;TestimonialsBlock;FooterBlock","NONE","headline,subheadline,badge_text,form_fields,submit_button_text,benefits_list,testimonials_list,copyright_text","Clean responsivo com destaque para formulário de conversão direta","Renderização do formulário em topo claro e CTA com contraste","Foco exclusivo em conversão de fundo de funil com formulário acima da dobra e sem fuga.","pilot_eligible"
"TPL-027","2","Cirurgia Plástica e Dermatologia","Cirurgia Agendamento VIP","tpl-dermato-agendamento-consulta-vip","Landing de Marcações","Agendamento Direct de Primeira Consulta","Clientes qualificados procurando atendimento exclusivo","Agendar Consulta VIP","hero -> services -> process -> testimonials -> contact -> footer","HeroBlock;ServicesBlock;ProcessBlock;TestimonialsBlock;ContactBlock;FooterBlock","NONE","headline,subheadline,badge_text,services_cards,process_steps,testimonials_list,contact_info,copyright_text","Tom premium com cartões espaçados e etapas do processo ilustradas","Hero com destaque de especialidades e botão de agendamento em destaque","Apresenta a jornada de atendimento passo a passo para gerar confiança no agendamento.","pilot_eligible"
"TPL-028","2","Cirurgia Plástica e Dermatologia","Cirurgia Institucional Autoridade","tpl-dermato-institucional-autoridade","Website Institucional","Construção de Autoridade de Marca e Apresentação de Equipa","Clientes corporativos e parceiros estratégicos","Conhecer Soluções da Empresa","hero -> about -> services -> team -> contact -> footer","HeroBlock;AboutBlock;ServicesBlock;TeamBlock;ContactBlock;FooterBlock","NONE","headline,subheadline,story_text,stat_number,stat_label,services_cards,team_members,contact_info,copyright_text","Design corporativo sóbrio com tipografia forte e fotos da equipa","Preview da secção de história e griha de membros da equipa","Posiciona o negócio como líder de mercado através da história e equipa médica/profissional.","pilot_eligible"
"TPL-029","2","Cirurgia Plástica e Dermatologia","Cirurgia Cotação Express","tpl-dermato-cotacao-progressiva-express","Landing de Cotação","Solicitação de Orçamento com Dados Iniciais","Compradores buscando estimativa rápida de investimento","Pedir Orçamento Gratuito","hero -> benefits -> form -> faq -> footer","HeroBlock;BenefitsBlock;FormBlock;FaqBlock;FooterBlock","NONE","headline,subheadline,benefits_items,form_fields,submit_button_text,faq_items,copyright_text","Foco em clareza de benefícios antes de expor os campos de orçamento","Captura destacando cartões de diferenciais e formulário de orçamento","Elimina objeções de preço respondendo perguntas frequentes antes do pedido de cotação.","pilot_eligible"
"TPL-030","2","Cirurgia Plástica e Dermatologia","Cirurgia Catálogo de Especialidades","tpl-dermato-procedimentos-especializados","Landing de Serviços","Apresentação Detalhada do Portfólio de Serviços","Público que procura soluções técnicas específicas","Consultar Especialista","hero -> services -> benefits -> process -> form -> footer","HeroBlock;ServicesBlock;BenefitsBlock;ProcessBlock;FormBlock;FooterBlock","NONE","headline,subheadline,services_cards,benefits_items,process_steps,form_fields,copyright_text","Grelha modular de serviços com ícones e marcadores técnicos","Visão geral do catálogo de serviços em grelha 3 colunas","Organiza serviços complexos de forma modular e clara para facilidade de navegação.","pilot_eligible"
"TPL-031","2","Cirurgia Plástica e Dermatologia","Cirurgia Casos & Prova Social","tpl-dermato-prova-social-intensa","Landing Page Direta","Conversão Baseada em Depoimentos e Prova de Confiança","Clientes indecisos que necessitam de validação de terceiros","Ver Resultados e Agendar","hero -> testimonials -> benefits -> faq -> contact -> footer","HeroBlock;TestimonialsBlock;BenefitsBlock;FaqBlock;ContactBlock;FooterBlock","NONE","headline,subheadline,testimonials_list,benefits_items,faq_items,contact_info,copyright_text","Estilo visual focado em cartões de avaliações com estrelas e avatares","Secção Hero integrada com avaliações 5 estrelas em destaque","Utiliza o gatilho da prova social em posição de destaque máximo para quebrar desconfiança.","pilot_eligible"
"TPL-032","2","Cirurgia Plástica e Dermatologia","Cirurgia Diagnóstico Gratuito","tpl-dermato-diagnostico-inicial-gratuito","Landing Page Direta","Captação de Leads via Oferta de Diagnóstico sem Custo","Clientes em fase de descoberta que procuram avaliação inicial","Solicitar Diagnóstico sem Custo","hero -> process -> benefits -> form -> footer","HeroBlock;ProcessBlock;BenefitsBlock;FormBlock;FooterBlock","NONE","headline,subheadline,process_steps,benefits_items,form_fields,copyright_text","Cores de alta energia e badges explicativos do diagnóstico","Hero com badge de Diagnóstico Gratuito e formulário em destaque","Reduz a barreira de entrada oferecendo uma avaliação sem compromisso financeiro.","pilot_eligible"
"TPL-033","2","Cirurgia Plástica e Dermatologia","Cirurgia Plantão & Atendimento Rápido","tpl-dermato-atendimento-urgencia-24h","Landing Page Direta","Conversão Urgente para Casos Imediatos","Público com necessidade urgente ou atendimento emergencial","Falar com Atendimento Rápido","hero -> contact -> services -> faq -> footer","HeroBlock;ContactBlock;ServicesBlock;FaqBlock;FooterBlock","NONE","headline,subheadline,phone,email,address,services_cards,faq_items,copyright_text","Layout de alta visibilidade com botão telefónico/WhatsApp de destaque imediato","Hero com botões de contacto direto e mapa de localização rápida","Focado em resolução imediata com telefone e mapa acessíveis sem rolagem.","pilot_eligible"
"TPL-034","2","Cirurgia Plástica e Dermatologia","Cirurgia Guia de Esclarecimento & FAQ","tpl-dermato-duvidas-e-faq-interativo","Landing Educacional","Captação via Esclarecimento de Dúvidas Técnicas","Clientes que pesquisam objeções antes de contratar","Tirar Minha Dúvida com Especialista","hero -> faq -> benefits -> form -> footer","HeroBlock;FaqBlock;BenefitsBlock;FormBlock;FooterBlock","NONE","headline,subheadline,faq_items,benefits_items,form_fields,copyright_text","Accordion limpo com boa legibilidade e tipografia contrastante","Secção de perguntas frequentes em destaque com busca visual","Resolve objeções complexas antecipadamente para converter tráfego qualificado.","pilot_eligible"
"TPL-035","2","Cirurgia Plástica e Dermatologia","Cirurgia Equipa & Corpo Clínico/Técnico","tpl-dermato-equipa-e-corpo-tecnico","Website Institucional","Apresentação de Credenciais e Especialistas","Clientes que escolhem profissionais por currículo e autoridade","Marcar com Nossos Especialistas","hero -> team -> about -> services -> contact -> footer","HeroBlock;TeamBlock;AboutBlock;ServicesBlock;ContactBlock;FooterBlock","NONE","headline,subheadline,team_members,story_text,services_cards,contact_info,copyright_text","Grelha elegante de perfis profissionais com bios detalhadas","Cartões de equipa com fotos profissionais e bios curtas","Foco no fator humano e nas credenciais individuais da equipa para passar segurança.","pilot_eligible"
"TPL-036","2","Cirurgia Plástica e Dermatologia","Cirurgia Unidades & Mapa Local","tpl-dermato-localizacao-e-unidades","Landing Local","Atração de Clientes Locais por Proximidade Geográfica","Moradores/empresas da região geográfica de atendimento","Ver Rota e Agendar Visita","hero -> contact -> services -> testimonials -> footer","HeroBlock;ContactBlock;ServicesBlock;TestimonialsBlock;FooterBlock","NONE","headline,subheadline,google_maps_url,address,phone,services_cards,testimonials_list,copyright_text","Destaque visual para o mapa interativo e informações de endereço","Secção de contacto com mapa integrado e horários de funcionamento","Foco total em busca local e facilidade de localização geográfica.","pilot_eligible"
"TPL-037","2","Cirurgia Plástica e Dermatologia","Cirurgia Apresentação de Pacotes","tpl-dermato-pacotes-e-condicoes","Landing de Vendas","Conversão para Pacotes Estruturados de Serviços","Clientes interessados em combos e condições especiais","Escolher Meu Pacote","hero -> services -> benefits -> form -> faq -> footer","HeroBlock;ServicesBlock;BenefitsBlock;FormBlock;FaqBlock;FooterBlock","NONE","headline,subheadline,services_cards,benefits_items,form_fields,faq_items,copyright_text","Grelha de pacotes com marcadores visuais do mais popular","Grelha de serviços formatada como cartões de pacotes","Facilita a decisão de compra agrupando serviços em ofertas claras.","pilot_eligible"
"TPL-038","2","Cirurgia Plástica e Dermatologia","Cirurgia Nossa História & Propósito","tpl-dermato-historia-e-proposito","Website Institucional","Conexão Emocional e Alinhamento de Valores","Clientes que valorizam a missão e reputação da empresa","Fazer Parte da Nossa História","hero -> about -> process -> team -> contact -> footer","HeroBlock;AboutBlock;ProcessBlock;TeamBlock;ContactBlock;FooterBlock","NONE","headline,subheadline,story_text,stat_number,stat_label,process_steps,team_members,contact_info,copyright_text","Narrativa em linha do tempo com fotografias institucionais","Secção About com bloco de estatísticas e imagens de bastidores","Constrói lealdade de longo prazo mostrando a trajetória e propósito do negócio.","pilot_eligible"
"TPL-039","2","Cirurgia Plástica e Dermatologia","Cirurgia Jornada do Cliente","tpl-dermato-solucao-passo-a-passo","Landing Educacional","Desmistificar o Processo de Prestação do Serviço","Clientes receosos quanto à complexidade do serviço","Iniciar Minha Jornada","hero -> process -> services -> testimonials -> form -> footer","HeroBlock;ProcessBlock;ServicesBlock;TestimonialsBlock;FormBlock;FooterBlock","NONE","headline,subheadline,process_steps,services_cards,testimonials_list,form_fields,copyright_text","Fluxo numérico progressivo (Passo 1, 2, 3) bem marcado","Infográfico do processo de 4 passos com conectores visuais","Reduz a ansiedade do cliente mostrando exatamente o que acontece em cada fase.","pilot_eligible"
"TPL-040","2","Cirurgia Plástica e Dermatologia","Cirurgia Oferta de Boas-Vindas","tpl-dermato-primeira-visita-especial","Landing Page Direta","Captação de Novos Clientes com Condição Especial","Público que nunca utilizou os serviços da empresa","Garantir Oferta de Boas-Vindas","hero -> benefits -> form -> testimonials -> footer","HeroBlock;BenefitsBlock;FormBlock;TestimonialsBlock;FooterBlock","NONE","headline,subheadline,badge_text,benefits_items,form_fields,testimonials_list,copyright_text","Badge destacado de oferta exclusiva no Hero","Hero com selo de Boas-Vindas e formulário de inscrição direta","Incentiva a experiência inicial através de um incentivo exclusivo para novos clientes.","pilot_eligible"
"TPL-041","2","Cirurgia Plástica e Dermatologia","Cirurgia Sales Page VSL Longa","tpl-dermato-vsl-video-sales-page","Sales Page Longa","Conversão via Vídeo de Vendas (VSL) e Pitch Estruturado","Leads de tráfego frio preparados por apresentação em vídeo","Garantir Vaga no Programa","hero_vsl -> benefits -> testimonials -> faq -> footer","BenefitsBlock;TestimonialsBlock;FaqBlock;FooterBlock","HeroVslBlock","headline,video_url,cta_primary_text,benefits_items,testimonials_list,faq_items,copyright_text","Container de vídeo centralizado com foco total na apresentação VSL","Player de vídeo VSL em topo escuro e botão CTA revelado abaixo","Focado em conversão audiovisual para infoprodutos e mentorias de alto valor.","blocked_by_node_registry"
"TPL-042","2","Cirurgia Plástica e Dermatologia","Cirurgia Planos & Tabela de Pricing","tpl-dermato-tabela-de-precos-saas","Produto / Demo / Trial","Seleção de Planos Mensais/Anuais e Free Trial","Decisores de compra avaliando pacotes e limites de software","Assinar Plano Selecionado","hero -> pricing_table -> benefits -> faq -> footer","HeroBlock;BenefitsBlock;FaqBlock;FooterBlock","PricingTableBlock","headline,subheadline,pricing_plans,features_comparison,faq_items,copyright_text","Cartões de preços comparativos com alternador Mensal/Anual","Grelha de 3 planos de preços com destaque para o plano recomendado","Transparência total de preços e funcionalidades para SaaS e assinaturas.","blocked_by_node_registry"
"TPL-043","2","Cirurgia Plástica e Dermatologia","Cirurgia Mostra de Portfólio & Projetos","tpl-dermato-galeria-portfolio-projetos","Website/Portfólio","Exibição Visual de Projetos Concluídos","Clientes de alto padrão avaliando qualidade estética e acabamento","Solicitar Projeto Semelhante","hero -> gallery_grid -> process -> contact -> footer","HeroBlock;ProcessBlock;ContactBlock;FooterBlock","GalleryGridBlock","headline,subheadline,gallery_images,project_categories,contact_info,copyright_text","Grelha masonry de alta resolução com lightbox interativo","Galeria visual de projetos com filtros por categoria","Demonstra a excelência técnica através do trabalho visualmente concluído.","blocked_by_node_registry"
"TPL-044","2","Cirurgia Plástica e Dermatologia","Cirurgia Calculadora Interativa de Cotação","tpl-dermato-simulador-calculadora-cotacao","Landing de Cotação","Estimativa Interativa em Tempo Real pelo Cliente","Clientes que desejam calcular o investimento aproximado","Enviar Resultado da Simulação","hero -> interactive_calculator -> form -> faq -> footer","HeroBlock;FormBlock;FaqBlock;FooterBlock","CalculatorBlock","headline,subheadline,calculator_fields,form_fields,faq_items,copyright_text","Sliders e seletores interativos com valor total calculado em tempo real","Calculadora interativa com controles deslizantes e resultado estimado","Engaja o utilizador permitindo simular o valor exato da sua necessidade.","blocked_by_node_registry"
"TPL-045","2","Cirurgia Plástica e Dermatologia","Cirurgia Agendador com Calendário Ao Vivo","tpl-dermato-calendario-agendamento-online","Landing de Marcações","Reserva Direta de Data e Horário em Agenda Integrada","Clientes que preferem selecionar o dia e hora no momento","Confirmar Data e Horário","hero -> booking_calendar -> testimonials -> footer","HeroBlock;TestimonialsBlock;FooterBlock","BookingCalendarBlock","headline,subheadline,available_slots,testimonials_list,copyright_text","Calendário interativo com escolha de horário em tempo real","Widget de calendário mensal com seleção de slots de horário","Elimina trocas de mensagens agendando a reunião/consulta diretamente.","blocked_by_node_registry"
"TPL-046","2","Cirurgia Plástica e Dermatologia","Cirurgia Comparativo de Soluções B2B","tpl-dermato-tabela-comparativa-recursos","Produto / Demo / Trial","Demonstração de Superioridade em Relação a Alternativas","Compradores B2B comparando concorrentes e funcionalidades","Escolher a Solução Líder","hero -> comparison_table -> benefits -> form -> footer","HeroBlock;BenefitsBlock;FormBlock;FooterBlock","ComparisonTableBlock","headline,subheadline,comparison_matrix,benefits_items,form_fields,copyright_text","Tabela comparativa com marcas de verificação (checkmarks) e destaques","Tabela comparativa matricial com a empresa destacada na 1ª coluna","Prova a vantagem competitiva de forma transparente através de matriz de recursos.","blocked_by_node_registry"
"TPL-047","2","Cirurgia Plástica e Dermatologia","Cirurgia Catálogo Filtrável de Soluções","tpl-dermato-catalogo-com-filtros-avancados","Website/Portfólio","Navegação por Granularidade de Nichos e Equipamentos","Clientes B2B buscando especificações técnicas detalhadas","Solicitar Ficha Técnica e Cotação","hero -> filtered_catalog -> contact -> footer","HeroBlock;ContactBlock;FooterBlock","FilteredCatalogBlock","headline,subheadline,catalog_items,filter_categories,contact_info,copyright_text","Filtros por categoria no topo e cartões com badges técnicos","Barra de filtros de produtos e grelha de resultados organizados","Facilita a busca em inventários extensos de serviços ou equipamentos.","blocked_by_node_registry"
"TPL-048","2","Cirurgia Plástica e Dermatologia","Cirurgia Experiência Virtual & Espaço","tpl-dermato-tour-virtual-galeria-360","Captação e Reserva","Apresentação Imersiva de Ambientes e Instalações","Noivas, organizadores de eventos e clientes de imobiliário","Agendar Visita Presencial","hero -> virtual_tour -> testimonials -> form -> footer","HeroBlock;TestimonialsBlock;FormBlock;FooterBlock","VirtualTourBlock","headline,subheadline,embed_tour_url,testimonials_list,form_fields,copyright_text","Visualizador panorâmico imersivo com botões de navegação","Preview de tour virtual 360 com ícone de navegação interativa","Encanta o cliente mostrando o espaço físico em alta definição antes da visita.","blocked_by_node_registry"
"TPL-049","2","Cirurgia Plástica e Dermatologia","Cirurgia Linha do Tempo & Tradição","tpl-dermato-linha-do-tempo-historica","Website Institucional","Demonstração de Tradição, Anos de Mercado e Milestones","Grandes contas corporativas buscando estabilidade e tradição","Falar com Nossa Gestão","hero -> timeline_history -> team -> contact -> footer","HeroBlock;TeamBlock;ContactBlock;FooterBlock","TimelineHistoryBlock","headline,subheadline,timeline_events,team_members,contact_info,copyright_text","Linha vertical cronológica com pontos de destaque históricos","Linha do tempo interativa marcando anos e conquistas da empresa","Transmite solidez e confiança comprovando anos de atuação no mercado.","blocked_by_node_registry"
"TPL-050","2","Cirurgia Plástica e Dermatologia","Cirurgia Cardápio Interativo & Menus","tpl-dermato-menu-degustacao-cardapio","Captação e Reserva","Apresentação de Opções de Menus e Buffets para Eventos","Organizadores de eventos e noivos escolhendo gastronomia","Solicitar Degustação do Cardápio","hero -> interactive_menu -> testimonials -> form -> footer","HeroBlock;TestimonialsBlock;FormBlock;FooterBlock","InteractiveMenuBlock","headline,subheadline,menu_categories,testimonials_list,form_fields,copyright_text","Abas organizadas por pratos (Entradas, Principais, Sobremesas) com fotos","Cardápio em abas estilizadas com imagens de gastronomia","Estimula o desejo gastronómico apresentando os menus de forma elegante.","blocked_by_node_registry"
"TPL-051","3","Psicologia e Terapia Online","Psicologia Direct Ads Express","tpl-psico-ads-captura-rapida","Landing Page Direta","Captura Imediata de Leads Google/Meta Ads","Pacientes/clientes urgentes em busca de atendimento direto","Solicitar Atendimento Imediato","hero -> form -> benefits -> testimonials -> footer","HeroBlock;FormBlock;BenefitsBlock;TestimonialsBlock;FooterBlock","NONE","headline,subheadline,badge_text,form_fields,submit_button_text,benefits_list,testimonials_list,copyright_text","Clean responsivo com destaque para formulário de conversão direta","Renderização do formulário em topo claro e CTA com contraste","Foco exclusivo em conversão de fundo de funil com formulário acima da dobra e sem fuga.","pilot_eligible"
"TPL-052","3","Psicologia e Terapia Online","Psicologia Agendamento VIP","tpl-psico-agendamento-consulta-vip","Landing de Marcações","Agendamento Direct de Primeira Consulta","Clientes qualificados procurando atendimento exclusivo","Agendar Consulta VIP","hero -> services -> process -> testimonials -> contact -> footer","HeroBlock;ServicesBlock;ProcessBlock;TestimonialsBlock;ContactBlock;FooterBlock","NONE","headline,subheadline,badge_text,services_cards,process_steps,testimonials_list,contact_info,copyright_text","Tom premium com cartões espaçados e etapas do processo ilustradas","Hero com destaque de especialidades e botão de agendamento em destaque","Apresenta a jornada de atendimento passo a passo para gerar confiança no agendamento.","pilot_eligible"
"TPL-053","3","Psicologia e Terapia Online","Psicologia Institucional Autoridade","tpl-psico-institucional-autoridade","Website Institucional","Construção de Autoridade de Marca e Apresentação de Equipa","Clientes corporativos e parceiros estratégicos","Conhecer Soluções da Empresa","hero -> about -> services -> team -> contact -> footer","HeroBlock;AboutBlock;ServicesBlock;TeamBlock;ContactBlock;FooterBlock","NONE","headline,subheadline,story_text,stat_number,stat_label,services_cards,team_members,contact_info,copyright_text","Design corporativo sóbrio com tipografia forte e fotos da equipa","Preview da secção de história e griha de membros da equipa","Posiciona o negócio como líder de mercado através da história e equipa médica/profissional.","pilot_eligible"
"TPL-054","3","Psicologia e Terapia Online","Psicologia Cotação Express","tpl-psico-cotacao-progressiva-express","Landing de Cotação","Solicitação de Orçamento com Dados Iniciais","Compradores buscando estimativa rápida de investimento","Pedir Orçamento Gratuito","hero -> benefits -> form -> faq -> footer","HeroBlock;BenefitsBlock;FormBlock;FaqBlock;FooterBlock","NONE","headline,subheadline,benefits_items,form_fields,submit_button_text,faq_items,copyright_text","Foco em clareza de benefícios antes de expor os campos de orçamento","Captura destacando cartões de diferenciais e formulário de orçamento","Elimina objeções de preço respondendo perguntas frequentes antes do pedido de cotação.","pilot_eligible"
"TPL-055","3","Psicologia e Terapia Online","Psicologia Catálogo de Especialidades","tpl-psico-procedimentos-especializados","Landing de Serviços","Apresentação Detalhada do Portfólio de Serviços","Público que procura soluções técnicas específicas","Consultar Especialista","hero -> services -> benefits -> process -> form -> footer","HeroBlock;ServicesBlock;BenefitsBlock;ProcessBlock;FormBlock;FooterBlock","NONE","headline,subheadline,services_cards,benefits_items,process_steps,form_fields,copyright_text","Grelha modular de serviços com ícones e marcadores técnicos","Visão geral do catálogo de serviços em grelha 3 colunas","Organiza serviços complexos de forma modular e clara para facilidade de navegação.","pilot_eligible"
"TPL-056","3","Psicologia e Terapia Online","Psicologia Casos & Prova Social","tpl-psico-prova-social-intensa","Landing Page Direta","Conversão Baseada em Depoimentos e Prova de Confiança","Clientes indecisos que necessitam de validação de terceiros","Ver Resultados e Agendar","hero -> testimonials -> benefits -> faq -> contact -> footer","HeroBlock;TestimonialsBlock;BenefitsBlock;FaqBlock;ContactBlock;FooterBlock","NONE","headline,subheadline,testimonials_list,benefits_items,faq_items,contact_info,copyright_text","Estilo visual focado em cartões de avaliações com estrelas e avatares","Secção Hero integrada com avaliações 5 estrelas em destaque","Utiliza o gatilho da prova social em posição de destaque máximo para quebrar desconfiança.","pilot_eligible"
"TPL-057","3","Psicologia e Terapia Online","Psicologia Diagnóstico Gratuito","tpl-psico-diagnostico-inicial-gratuito","Landing Page Direta","Captação de Leads via Oferta de Diagnóstico sem Custo","Clientes em fase de descoberta que procuram avaliação inicial","Solicitar Diagnóstico sem Custo","hero -> process -> benefits -> form -> footer","HeroBlock;ProcessBlock;BenefitsBlock;FormBlock;FooterBlock","NONE","headline,subheadline,process_steps,benefits_items,form_fields,copyright_text","Cores de alta energia e badges explicativos do diagnóstico","Hero com badge de Diagnóstico Gratuito e formulário em destaque","Reduz a barreira de entrada oferecendo uma avaliação sem compromisso financeiro.","pilot_eligible"
"TPL-058","3","Psicologia e Terapia Online","Psicologia Plantão & Atendimento Rápido","tpl-psico-atendimento-urgencia-24h","Landing Page Direta","Conversão Urgente para Casos Imediatos","Público com necessidade urgente ou atendimento emergencial","Falar com Atendimento Rápido","hero -> contact -> services -> faq -> footer","HeroBlock;ContactBlock;ServicesBlock;FaqBlock;FooterBlock","NONE","headline,subheadline,phone,email,address,services_cards,faq_items,copyright_text","Layout de alta visibilidade com botão telefónico/WhatsApp de destaque imediato","Hero com botões de contacto direto e mapa de localização rápida","Focado em resolução imediata com telefone e mapa acessíveis sem rolagem.","pilot_eligible"
"TPL-059","3","Psicologia e Terapia Online","Psicologia Guia de Esclarecimento & FAQ","tpl-psico-duvidas-e-faq-interativo","Landing Educacional","Captação via Esclarecimento de Dúvidas Técnicas","Clientes que pesquisam objeções antes de contratar","Tirar Minha Dúvida com Especialista","hero -> faq -> benefits -> form -> footer","HeroBlock;FaqBlock;BenefitsBlock;FormBlock;FooterBlock","NONE","headline,subheadline,faq_items,benefits_items,form_fields,copyright_text","Accordion limpo com boa legibilidade e tipografia contrastante","Secção de perguntas frequentes em destaque com busca visual","Resolve objeções complexas antecipadamente para converter tráfego qualificado.","pilot_eligible"
"TPL-060","3","Psicologia e Terapia Online","Psicologia Equipa & Corpo Clínico/Técnico","tpl-psico-equipa-e-corpo-tecnico","Website Institucional","Apresentação de Credenciais e Especialistas","Clientes que escolhem profissionais por currículo e autoridade","Marcar com Nossos Especialistas","hero -> team -> about -> services -> contact -> footer","HeroBlock;TeamBlock;AboutBlock;ServicesBlock;ContactBlock;FooterBlock","NONE","headline,subheadline,team_members,story_text,services_cards,contact_info,copyright_text","Grelha elegante de perfis profissionais com bios detalhadas","Cartões de equipa com fotos profissionais e bios curtas","Foco no fator humano e nas credenciais individuais da equipa para passar segurança.","pilot_eligible"
"TPL-061","3","Psicologia e Terapia Online","Psicologia Unidades & Mapa Local","tpl-psico-localizacao-e-unidades","Landing Local","Atração de Clientes Locais por Proximidade Geográfica","Moradores/empresas da região geográfica de atendimento","Ver Rota e Agendar Visita","hero -> contact -> services -> testimonials -> footer","HeroBlock;ContactBlock;ServicesBlock;TestimonialsBlock;FooterBlock","NONE","headline,subheadline,google_maps_url,address,phone,services_cards,testimonials_list,copyright_text","Destaque visual para o mapa interativo e informações de endereço","Secção de contacto com mapa integrado e horários de funcionamento","Foco total em busca local e facilidade de localização geográfica.","pilot_eligible"
"TPL-062","3","Psicologia e Terapia Online","Psicologia Apresentação de Pacotes","tpl-psico-pacotes-e-condicoes","Landing de Vendas","Conversão para Pacotes Estruturados de Serviços","Clientes interessados em combos e condições especiais","Escolher Meu Pacote","hero -> services -> benefits -> form -> faq -> footer","HeroBlock;ServicesBlock;BenefitsBlock;FormBlock;FaqBlock;FooterBlock","NONE","headline,subheadline,services_cards,benefits_items,form_fields,faq_items,copyright_text","Grelha de pacotes com marcadores visuais do mais popular","Grelha de serviços formatada como cartões de pacotes","Facilita a decisão de compra agrupando serviços em ofertas claras.","pilot_eligible"
"TPL-063","3","Psicologia e Terapia Online","Psicologia Nossa História & Propósito","tpl-psico-historia-e-proposito","Website Institucional","Conexão Emocional e Alinhamento de Valores","Clientes que valorizam a missão e reputação da empresa","Fazer Parte da Nossa História","hero -> about -> process -> team -> contact -> footer","HeroBlock;AboutBlock;ProcessBlock;TeamBlock;ContactBlock;FooterBlock","NONE","headline,subheadline,story_text,stat_number,stat_label,process_steps,team_members,contact_info,copyright_text","Narrativa em linha do tempo com fotografias institucionais","Secção About com bloco de estatísticas e imagens de bastidores","Constrói lealdade de longo prazo mostrando a trajetória e propósito do negócio.","pilot_eligible"
"TPL-064","3","Psicologia e Terapia Online","Psicologia Jornada do Cliente","tpl-psico-solucao-passo-a-passo","Landing Educacional","Desmistificar o Processo de Prestação do Serviço","Clientes receosos quanto à complexidade do serviço","Iniciar Minha Jornada","hero -> process -> services -> testimonials -> form -> footer","HeroBlock;ProcessBlock;ServicesBlock;TestimonialsBlock;FormBlock;FooterBlock","NONE","headline,subheadline,process_steps,services_cards,testimonials_list,form_fields,copyright_text","Fluxo numérico progressivo (Passo 1, 2, 3) bem marcado","Infográfico do processo de 4 passos com conectores visuais","Reduz a ansiedade do cliente mostrando exatamente o que acontece em cada fase.","pilot_eligible"
"TPL-065","3","Psicologia e Terapia Online","Psicologia Oferta de Boas-Vindas","tpl-psico-primeira-visita-especial","Landing Page Direta","Captação de Novos Clientes com Condição Especial","Público que nunca utilizou os serviços da empresa","Garantir Oferta de Boas-Vindas","hero -> benefits -> form -> testimonials -> footer","HeroBlock;BenefitsBlock;FormBlock;TestimonialsBlock;FooterBlock","NONE","headline,subheadline,badge_text,benefits_items,form_fields,testimonials_list,copyright_text","Badge destacado de oferta exclusiva no Hero","Hero com selo de Boas-Vindas e formulário de inscrição direta","Incentiva a experiência inicial através de um incentivo exclusivo para novos clientes.","pilot_eligible"
"TPL-066","3","Psicologia e Terapia Online","Psicologia Sales Page VSL Longa","tpl-psico-vsl-video-sales-page","Sales Page Longa","Conversão via Vídeo de Vendas (VSL) e Pitch Estruturado","Leads de tráfego frio preparados por apresentação em vídeo","Garantir Vaga no Programa","hero_vsl -> benefits -> testimonials -> faq -> footer","BenefitsBlock;TestimonialsBlock;FaqBlock;FooterBlock","HeroVslBlock","headline,video_url,cta_primary_text,benefits_items,testimonials_list,faq_items,copyright_text","Container de vídeo centralizado com foco total na apresentação VSL","Player de vídeo VSL em topo escuro e botão CTA revelado abaixo","Focado em conversão audiovisual para infoprodutos e mentorias de alto valor.","blocked_by_node_registry"
"TPL-067","3","Psicologia e Terapia Online","Psicologia Planos & Tabela de Pricing","tpl-psico-tabela-de-precos-saas","Produto / Demo / Trial","Seleção de Planos Mensais/Anuais e Free Trial","Decisores de compra avaliando pacotes e limites de software","Assinar Plano Selecionado","hero -> pricing_table -> benefits -> faq -> footer","HeroBlock;BenefitsBlock;FaqBlock;FooterBlock","PricingTableBlock","headline,subheadline,pricing_plans,features_comparison,faq_items,copyright_text","Cartões de preços comparativos com alternador Mensal/Anual","Grelha de 3 planos de preços com destaque para o plano recomendado","Transparência total de preços e funcionalidades para SaaS e assinaturas.","blocked_by_node_registry"
"TPL-068","3","Psicologia e Terapia Online","Psicologia Mostra de Portfólio & Projetos","tpl-psico-galeria-portfolio-projetos","Website/Portfólio","Exibição Visual de Projetos Concluídos","Clientes de alto padrão avaliando qualidade estética e acabamento","Solicitar Projeto Semelhante","hero -> gallery_grid -> process -> contact -> footer","HeroBlock;ProcessBlock;ContactBlock;FooterBlock","GalleryGridBlock","headline,subheadline,gallery_images,project_categories,contact_info,copyright_text","Grelha masonry de alta resolução com lightbox interativo","Galeria visual de projetos com filtros por categoria","Demonstra a excelência técnica através do trabalho visualmente concluído.","blocked_by_node_registry"
"TPL-069","3","Psicologia e Terapia Online","Psicologia Calculadora Interativa de Cotação","tpl-psico-simulador-calculadora-cotacao","Landing de Cotação","Estimativa Interativa em Tempo Real pelo Cliente","Clientes que desejam calcular o investimento aproximado","Enviar Resultado da Simulação","hero -> interactive_calculator -> form -> faq -> footer","HeroBlock;FormBlock;FaqBlock;FooterBlock","CalculatorBlock","headline,subheadline,calculator_fields,form_fields,faq_items,copyright_text","Sliders e seletores interativos com valor total calculado em tempo real","Calculadora interativa com controles deslizantes e resultado estimado","Engaja o utilizador permitindo simular o valor exato da sua necessidade.","blocked_by_node_registry"
"TPL-070","3","Psicologia e Terapia Online","Psicologia Agendador com Calendário Ao Vivo","tpl-psico-calendario-agendamento-online","Landing de Marcações","Reserva Direta de Data e Horário em Agenda Integrada","Clientes que preferem selecionar o dia e hora no momento","Confirmar Data e Horário","hero -> booking_calendar -> testimonials -> footer","HeroBlock;TestimonialsBlock;FooterBlock","BookingCalendarBlock","headline,subheadline,available_slots,testimonials_list,copyright_text","Calendário interativo com escolha de horário em tempo real","Widget de calendário mensal com seleção de slots de horário","Elimina trocas de mensagens agendando a reunião/consulta diretamente.","blocked_by_node_registry"
"TPL-071","3","Psicologia e Terapia Online","Psicologia Comparativo de Soluções B2B","tpl-psico-tabela-comparativa-recursos","Produto / Demo / Trial","Demonstração de Superioridade em Relação a Alternativas","Compradores B2B comparando concorrentes e funcionalidades","Escolher a Solução Líder","hero -> comparison_table -> benefits -> form -> footer","HeroBlock;BenefitsBlock;FormBlock;FooterBlock","ComparisonTableBlock","headline,subheadline,comparison_matrix,benefits_items,form_fields,copyright_text","Tabela comparativa com marcas de verificação (checkmarks) e destaques","Tabela comparativa matricial com a empresa destacada na 1ª coluna","Prova a vantagem competitiva de forma transparente através de matriz de recursos.","blocked_by_node_registry"
"TPL-072","3","Psicologia e Terapia Online","Psicologia Catálogo Filtrável de Soluções","tpl-psico-catalogo-com-filtros-avancados","Website/Portfólio","Navegação por Granularidade de Nichos e Equipamentos","Clientes B2B buscando especificações técnicas detalhadas","Solicitar Ficha Técnica e Cotação","hero -> filtered_catalog -> contact -> footer","HeroBlock;ContactBlock;FooterBlock","FilteredCatalogBlock","headline,subheadline,catalog_items,filter_categories,contact_info,copyright_text","Filtros por categoria no topo e cartões com badges técnicos","Barra de filtros de produtos e grelha de resultados organizados","Facilita a busca em inventários extensos de serviços ou equipamentos.","blocked_by_node_registry"
"TPL-073","3","Psicologia e Terapia Online","Psicologia Experiência Virtual & Espaço","tpl-psico-tour-virtual-galeria-360","Captação e Reserva","Apresentação Imersiva de Ambientes e Instalações","Noivas, organizadores de eventos e clientes de imobiliário","Agendar Visita Presencial","hero -> virtual_tour -> testimonials -> form -> footer","HeroBlock;TestimonialsBlock;FormBlock;FooterBlock","VirtualTourBlock","headline,subheadline,embed_tour_url,testimonials_list,form_fields,copyright_text","Visualizador panorâmico imersivo com botões de navegação","Preview de tour virtual 360 com ícone de navegação interativa","Encanta o cliente mostrando o espaço físico em alta definição antes da visita.","blocked_by_node_registry"
"TPL-074","3","Psicologia e Terapia Online","Psicologia Linha do Tempo & Tradição","tpl-psico-linha-do-tempo-historica","Website Institucional","Demonstração de Tradição, Anos de Mercado e Milestones","Grandes contas corporativas buscando estabilidade e tradição","Falar com Nossa Gestão","hero -> timeline_history -> team -> contact -> footer","HeroBlock;TeamBlock;ContactBlock;FooterBlock","TimelineHistoryBlock","headline,subheadline,timeline_events,team_members,contact_info,copyright_text","Linha vertical cronológica com pontos de destaque históricos","Linha do tempo interativa marcando anos e conquistas da empresa","Transmite solidez e confiança comprovando anos de atuação no mercado.","blocked_by_node_registry"
"TPL-075","3","Psicologia e Terapia Online","Psicologia Cardápio Interativo & Menus","tpl-psico-menu-degustacao-cardapio","Captação e Reserva","Apresentação de Opções de Menus e Buffets para Eventos","Organizadores de eventos e noivos escolhendo gastronomia","Solicitar Degustação do Cardápio","hero -> interactive_menu -> testimonials -> form -> footer","HeroBlock;TestimonialsBlock;FormBlock;FooterBlock","InteractiveMenuBlock","headline,subheadline,menu_categories,testimonials_list,form_fields,copyright_text","Abas organizadas por pratos (Entradas, Principais, Sobremesas) com fotos","Cardápio em abas estilizadas com imagens de gastronomia","Estimula o desejo gastronómico apresentando os menus de forma elegante.","blocked_by_node_registry"
"TPL-076","4","Fisioterapia e Quiropraxia","Fisioterapia Direct Ads Express","tpl-fisio-ads-captura-rapida","Landing Page Direta","Captura Imediata de Leads Google/Meta Ads","Pacientes/clientes urgentes em busca de atendimento direto","Solicitar Atendimento Imediato","hero -> form -> benefits -> testimonials -> footer","HeroBlock;FormBlock;BenefitsBlock;TestimonialsBlock;FooterBlock","NONE","headline,subheadline,badge_text,form_fields,submit_button_text,benefits_list,testimonials_list,copyright_text","Clean responsivo com destaque para formulário de conversão direta","Renderização do formulário em topo claro e CTA com contraste","Foco exclusivo em conversão de fundo de funil com formulário acima da dobra e sem fuga.","pilot_eligible"
"TPL-077","4","Fisioterapia e Quiropraxia","Fisioterapia Agendamento VIP","tpl-fisio-agendamento-consulta-vip","Landing de Marcações","Agendamento Direct de Primeira Consulta","Clientes qualificados procurando atendimento exclusivo","Agendar Consulta VIP","hero -> services -> process -> testimonials -> contact -> footer","HeroBlock;ServicesBlock;ProcessBlock;TestimonialsBlock;ContactBlock;FooterBlock","NONE","headline,subheadline,badge_text,services_cards,process_steps,testimonials_list,contact_info,copyright_text","Tom premium com cartões espaçados e etapas do processo ilustradas","Hero com destaque de especialidades e botão de agendamento em destaque","Apresenta a jornada de atendimento passo a passo para gerar confiança no agendamento.","pilot_eligible"
"TPL-078","4","Fisioterapia e Quiropraxia","Fisioterapia Institucional Autoridade","tpl-fisio-institucional-autoridade","Website Institucional","Construção de Autoridade de Marca e Apresentação de Equipa","Clientes corporativos e parceiros estratégicos","Conhecer Soluções da Empresa","hero -> about -> services -> team -> contact -> footer","HeroBlock;AboutBlock;ServicesBlock;TeamBlock;ContactBlock;FooterBlock","NONE","headline,subheadline,story_text,stat_number,stat_label,services_cards,team_members,contact_info,copyright_text","Design corporativo sóbrio com tipografia forte e fotos da equipa","Preview da secção de história e griha de membros da equipa","Posiciona o negócio como líder de mercado através da história e equipa médica/profissional.","pilot_eligible"
"TPL-079","4","Fisioterapia e Quiropraxia","Fisioterapia Cotação Express","tpl-fisio-cotacao-progressiva-express","Landing de Cotação","Solicitação de Orçamento com Dados Iniciais","Compradores buscando estimativa rápida de investimento","Pedir Orçamento Gratuito","hero -> benefits -> form -> faq -> footer","HeroBlock;BenefitsBlock;FormBlock;FaqBlock;FooterBlock","NONE","headline,subheadline,benefits_items,form_fields,submit_button_text,faq_items,copyright_text","Foco em clareza de benefícios antes de expor os campos de orçamento","Captura destacando cartões de diferenciais e formulário de orçamento","Elimina objeções de preço respondendo perguntas frequentes antes do pedido de cotação.","pilot_eligible"
"TPL-080","4","Fisioterapia e Quiropraxia","Fisioterapia Catálogo de Especialidades","tpl-fisio-procedimentos-especializados","Landing de Serviços","Apresentação Detalhada do Portfólio de Serviços","Público que procura soluções técnicas específicas","Consultar Especialista","hero -> services -> benefits -> process -> form -> footer","HeroBlock;ServicesBlock;BenefitsBlock;ProcessBlock;FormBlock;FooterBlock","NONE","headline,subheadline,services_cards,benefits_items,process_steps,form_fields,copyright_text","Grelha modular de serviços com ícones e marcadores técnicos","Visão geral do catálogo de serviços em grelha 3 colunas","Organiza serviços complexos de forma modular e clara para facilidade de navegação.","pilot_eligible"
"TPL-081","4","Fisioterapia e Quiropraxia","Fisioterapia Casos & Prova Social","tpl-fisio-prova-social-intensa","Landing Page Direta","Conversão Baseada em Depoimentos e Prova de Confiança","Clientes indecisos que necessitam de validação de terceiros","Ver Resultados e Agendar","hero -> testimonials -> benefits -> faq -> contact -> footer","HeroBlock;TestimonialsBlock;BenefitsBlock;FaqBlock;ContactBlock;FooterBlock","NONE","headline,subheadline,testimonials_list,benefits_items,faq_items,contact_info,copyright_text","Estilo visual focado em cartões de avaliações com estrelas e avatares","Secção Hero integrada com avaliações 5 estrelas em destaque","Utiliza o gatilho da prova social em posição de destaque máximo para quebrar desconfiança.","pilot_eligible"
"TPL-082","4","Fisioterapia e Quiropraxia","Fisioterapia Diagnóstico Gratuito","tpl-fisio-diagnostico-inicial-gratuito","Landing Page Direta","Captação de Leads via Oferta de Diagnóstico sem Custo","Clientes em fase de descoberta que procuram avaliação inicial","Solicitar Diagnóstico sem Custo","hero -> process -> benefits -> form -> footer","HeroBlock;ProcessBlock;BenefitsBlock;FormBlock;FooterBlock","NONE","headline,subheadline,process_steps,benefits_items,form_fields,copyright_text","Cores de alta energia e badges explicativos do diagnóstico","Hero com badge de Diagnóstico Gratuito e formulário em destaque","Reduz a barreira de entrada oferecendo uma avaliação sem compromisso financeiro.","pilot_eligible"
"TPL-083","4","Fisioterapia e Quiropraxia","Fisioterapia Plantão & Atendimento Rápido","tpl-fisio-atendimento-urgencia-24h","Landing Page Direta","Conversão Urgente para Casos Imediatos","Público com necessidade urgente ou atendimento emergencial","Falar com Atendimento Rápido","hero -> contact -> services -> faq -> footer","HeroBlock;ContactBlock;ServicesBlock;FaqBlock;FooterBlock","NONE","headline,subheadline,phone,email,address,services_cards,faq_items,copyright_text","Layout de alta visibilidade com botão telefónico/WhatsApp de destaque imediato","Hero com botões de contacto direto e mapa de localização rápida","Focado em resolução imediata com telefone e mapa acessíveis sem rolagem.","pilot_eligible"
"TPL-084","4","Fisioterapia e Quiropraxia","Fisioterapia Guia de Esclarecimento & FAQ","tpl-fisio-duvidas-e-faq-interativo","Landing Educacional","Captação via Esclarecimento de Dúvidas Técnicas","Clientes que pesquisam objeções antes de contratar","Tirar Minha Dúvida com Especialista","hero -> faq -> benefits -> form -> footer","HeroBlock;FaqBlock;BenefitsBlock;FormBlock;FooterBlock","NONE","headline,subheadline,faq_items,benefits_items,form_fields,copyright_text","Accordion limpo com boa legibilidade e tipografia contrastante","Secção de perguntas frequentes em destaque com busca visual","Resolve objeções complexas antecipadamente para converter tráfego qualificado.","pilot_eligible"
"TPL-085","4","Fisioterapia e Quiropraxia","Fisioterapia Equipa & Corpo Clínico/Técnico","tpl-fisio-equipa-e-corpo-tecnico","Website Institucional","Apresentação de Credenciais e Especialistas","Clientes que escolhem profissionais por currículo e autoridade","Marcar com Nossos Especialistas","hero -> team -> about -> services -> contact -> footer","HeroBlock;TeamBlock;AboutBlock;ServicesBlock;ContactBlock;FooterBlock","NONE","headline,subheadline,team_members,story_text,services_cards,contact_info,copyright_text","Grelha elegante de perfis profissionais com bios detalhadas","Cartões de equipa com fotos profissionais e bios curtas","Foco no fator humano e nas credenciais individuais da equipa para passar segurança.","pilot_eligible"
"TPL-086","4","Fisioterapia e Quiropraxia","Fisioterapia Unidades & Mapa Local","tpl-fisio-localizacao-e-unidades","Landing Local","Atração de Clientes Locais por Proximidade Geográfica","Moradores/empresas da região geográfica de atendimento","Ver Rota e Agendar Visita","hero -> contact -> services -> testimonials -> footer","HeroBlock;ContactBlock;ServicesBlock;TestimonialsBlock;FooterBlock","NONE","headline,subheadline,google_maps_url,address,phone,services_cards,testimonials_list,copyright_text","Destaque visual para o mapa interativo e informações de endereço","Secção de contacto com mapa integrado e horários de funcionamento","Foco total em busca local e facilidade de localização geográfica.","pilot_eligible"
"TPL-087","4","Fisioterapia e Quiropraxia","Fisioterapia Apresentação de Pacotes","tpl-fisio-pacotes-e-condicoes","Landing de Vendas","Conversão para Pacotes Estruturados de Serviços","Clientes interessados em combos e condições especiais","Escolher Meu Pacote","hero -> services -> benefits -> form -> faq -> footer","HeroBlock;ServicesBlock;BenefitsBlock;FormBlock;FaqBlock;FooterBlock","NONE","headline,subheadline,services_cards,benefits_items,form_fields,faq_items,copyright_text","Grelha de pacotes com marcadores visuais do mais popular","Grelha de serviços formatada como cartões de pacotes","Facilita a decisão de compra agrupando serviços em ofertas claras.","pilot_eligible"
"TPL-088","4","Fisioterapia e Quiropraxia","Fisioterapia Nossa História & Propósito","tpl-fisio-historia-e-proposito","Website Institucional","Conexão Emocional e Alinhamento de Valores","Clientes que valorizam a missão e reputação da empresa","Fazer Parte da Nossa História","hero -> about -> process -> team -> contact -> footer","HeroBlock;AboutBlock;ProcessBlock;TeamBlock;ContactBlock;FooterBlock","NONE","headline,subheadline,story_text,stat_number,stat_label,process_steps,team_members,contact_info,copyright_text","Narrativa em linha do tempo com fotografias institucionais","Secção About com bloco de estatísticas e imagens de bastidores","Constrói lealdade de longo prazo mostrando a trajetória e propósito do negócio.","pilot_eligible"
"TPL-089","4","Fisioterapia e Quiropraxia","Fisioterapia Jornada do Cliente","tpl-fisio-solucao-passo-a-passo","Landing Educacional","Desmistificar o Processo de Prestação do Serviço","Clientes receosos quanto à complexidade do serviço","Iniciar Minha Jornada","hero -> process -> services -> testimonials -> form -> footer","HeroBlock;ProcessBlock;ServicesBlock;TestimonialsBlock;FormBlock;FooterBlock","NONE","headline,subheadline,process_steps,services_cards,testimonials_list,form_fields,copyright_text","Fluxo numérico progressivo (Passo 1, 2, 3) bem marcado","Infográfico do processo de 4 passos com conectores visuais","Reduz a ansiedade do cliente mostrando exatamente o que acontece em cada fase.","pilot_eligible"
"TPL-090","4","Fisioterapia e Quiropraxia","Fisioterapia Oferta de Boas-Vindas","tpl-fisio-primeira-visita-especial","Landing Page Direta","Captação de Novos Clientes com Condição Especial","Público que nunca utilizou os serviços da empresa","Garantir Oferta de Boas-Vindas","hero -> benefits -> form -> testimonials -> footer","HeroBlock;BenefitsBlock;FormBlock;TestimonialsBlock;FooterBlock","NONE","headline,subheadline,badge_text,benefits_items,form_fields,testimonials_list,copyright_text","Badge destacado de oferta exclusiva no Hero","Hero com selo de Boas-Vindas e formulário de inscrição direta","Incentiva a experiência inicial através de um incentivo exclusivo para novos clientes.","pilot_eligible"
"TPL-091","4","Fisioterapia e Quiropraxia","Fisioterapia Sales Page VSL Longa","tpl-fisio-vsl-video-sales-page","Sales Page Longa","Conversão via Vídeo de Vendas (VSL) e Pitch Estruturado","Leads de tráfego frio preparados por apresentação em vídeo","Garantir Vaga no Programa","hero_vsl -> benefits -> testimonials -> faq -> footer","BenefitsBlock;TestimonialsBlock;FaqBlock;FooterBlock","HeroVslBlock","headline,video_url,cta_primary_text,benefits_items,testimonials_list,faq_items,copyright_text","Container de vídeo centralizado com foco total na apresentação VSL","Player de vídeo VSL em topo escuro e botão CTA revelado abaixo","Focado em conversão audiovisual para infoprodutos e mentorias de alto valor.","blocked_by_node_registry"
"TPL-092","4","Fisioterapia e Quiropraxia","Fisioterapia Planos & Tabela de Pricing","tpl-fisio-tabela-de-precos-saas","Produto / Demo / Trial","Seleção de Planos Mensais/Anuais e Free Trial","Decisores de compra avaliando pacotes e limites de software","Assinar Plano Selecionado","hero -> pricing_table -> benefits -> faq -> footer","HeroBlock;BenefitsBlock;FaqBlock;FooterBlock","PricingTableBlock","headline,subheadline,pricing_plans,features_comparison,faq_items,copyright_text","Cartões de preços comparativos com alternador Mensal/Anual","Grelha de 3 planos de preços com destaque para o plano recomendado","Transparência total de preços e funcionalidades para SaaS e assinaturas.","blocked_by_node_registry"
"TPL-093","4","Fisioterapia e Quiropraxia","Fisioterapia Mostra de Portfólio & Projetos","tpl-fisio-galeria-portfolio-projetos","Website/Portfólio","Exibição Visual de Projetos Concluídos","Clientes de alto padrão avaliando qualidade estética e acabamento","Solicitar Projeto Semelhante","hero -> gallery_grid -> process -> contact -> footer","HeroBlock;ProcessBlock;ContactBlock;FooterBlock","GalleryGridBlock","headline,subheadline,gallery_images,project_categories,contact_info,copyright_text","Grelha masonry de alta resolução com lightbox interativo","Galeria visual de projetos com filtros por categoria","Demonstra a excelência técnica através do trabalho visualmente concluído.","blocked_by_node_registry"
"TPL-094","4","Fisioterapia e Quiropraxia","Fisioterapia Calculadora Interativa de Cotação","tpl-fisio-simulador-calculadora-cotacao","Landing de Cotação","Estimativa Interativa em Tempo Real pelo Cliente","Clientes que desejam calcular o investimento aproximado","Enviar Resultado da Simulação","hero -> interactive_calculator -> form -> faq -> footer","HeroBlock;FormBlock;FaqBlock;FooterBlock","CalculatorBlock","headline,subheadline,calculator_fields,form_fields,faq_items,copyright_text","Sliders e seletores interativos com valor total calculado em tempo real","Calculadora interativa com controles deslizantes e resultado estimado","Engaja o utilizador permitindo simular o valor exato da sua necessidade.","blocked_by_node_registry"
"TPL-095","4","Fisioterapia e Quiropraxia","Fisioterapia Agendador com Calendário Ao Vivo","tpl-fisio-calendario-agendamento-online","Landing de Marcações","Reserva Direta de Data e Horário em Agenda Integrada","Clientes que preferem selecionar o dia e hora no momento","Confirmar Data e Horário","hero -> booking_calendar -> testimonials -> footer","HeroBlock;TestimonialsBlock;FooterBlock","BookingCalendarBlock","headline,subheadline,available_slots,testimonials_list,copyright_text","Calendário interativo com escolha de horário em tempo real","Widget de calendário mensal com seleção de slots de horário","Elimina trocas de mensagens agendando a reunião/consulta diretamente.","blocked_by_node_registry"
"TPL-096","4","Fisioterapia e Quiropraxia","Fisioterapia Comparativo de Soluções B2B","tpl-fisio-tabela-comparativa-recursos","Produto / Demo / Trial","Demonstração de Superioridade em Relação a Alternativas","Compradores B2B comparando concorrentes e funcionalidades","Escolher a Solução Líder","hero -> comparison_table -> benefits -> form -> footer","HeroBlock;BenefitsBlock;FormBlock;FooterBlock","ComparisonTableBlock","headline,subheadline,comparison_matrix,benefits_items,form_fields,copyright_text","Tabela comparativa com marcas de verificação (checkmarks) e destaques","Tabela comparativa matricial com a empresa destacada na 1ª coluna","Prova a vantagem competitiva de forma transparente através de matriz de recursos.","blocked_by_node_registry"
"TPL-097","4","Fisioterapia e Quiropraxia","Fisioterapia Catálogo Filtrável de Soluções","tpl-fisio-catalogo-com-filtros-avancados","Website/Portfólio","Navegação por Granularidade de Nichos e Equipamentos","Clientes B2B buscando especificações técnicas detalhadas","Solicitar Ficha Técnica e Cotação","hero -> filtered_catalog -> contact -> footer","HeroBlock;ContactBlock;FooterBlock","FilteredCatalogBlock","headline,subheadline,catalog_items,filter_categories,contact_info,copyright_text","Filtros por categoria no topo e cartões com badges técnicos","Barra de filtros de produtos e grelha de resultados organizados","Facilita a busca em inventários extensos de serviços ou equipamentos.","blocked_by_node_registry"
"TPL-098","4","Fisioterapia e Quiropraxia","Fisioterapia Experiência Virtual & Espaço","tpl-fisio-tour-virtual-galeria-360","Captação e Reserva","Apresentação Imersiva de Ambientes e Instalações","Noivas, organizadores de eventos e clientes de imobiliário","Agendar Visita Presencial","hero -> virtual_tour -> testimonials -> form -> footer","HeroBlock;TestimonialsBlock;FormBlock;FooterBlock","VirtualTourBlock","headline,subheadline,embed_tour_url,testimonials_list,form_fields,copyright_text","Visualizador panorâmico imersivo com botões de navegação","Preview de tour virtual 360 com ícone de navegação interativa","Encanta o cliente mostrando o espaço físico em alta definição antes da visita.","blocked_by_node_registry"
"TPL-099","4","Fisioterapia e Quiropraxia","Fisioterapia Linha do Tempo & Tradição","tpl-fisio-linha-do-tempo-historica","Website Institucional","Demonstração de Tradição, Anos de Mercado e Milestones","Grandes contas corporativas buscando estabilidade e tradição","Falar com Nossa Gestão","hero -> timeline_history -> team -> contact -> footer","HeroBlock;TeamBlock;ContactBlock;FooterBlock","TimelineHistoryBlock","headline,subheadline,timeline_events,team_members,contact_info,copyright_text","Linha vertical cronológica com pontos de destaque históricos","Linha do tempo interativa marcando anos e conquistas da empresa","Transmite solidez e confiança comprovando anos de atuação no mercado.","blocked_by_node_registry"
"TPL-100","4","Fisioterapia e Quiropraxia","Fisioterapia Cardápio Interativo & Menus","tpl-fisio-menu-degustacao-cardapio","Captação e Reserva","Apresentação de Opções de Menus e Buffets para Eventos","Organizadores de eventos e noivos escolhendo gastronomia","Solicitar Degustação do Cardápio","hero -> interactive_menu -> testimonials -> form -> footer","HeroBlock;TestimonialsBlock;FormBlock;FooterBlock","InteractiveMenuBlock","headline,subheadline,menu_categories,testimonials_list,form_fields,copyright_text","Abas organizadas por pratos (Entradas, Principais, Sobremesas) com fotos","Cardápio em abas estilizadas com imagens de gastronomia","Estimula o desejo gastronómico apresentando os menus de forma elegante.","blocked_by_node_registry"
"TPL-101","5","Nutrição e Nutrologia","Nutrição Direct Ads Express","tpl-nutri-ads-captura-rapida","Landing Page Direta","Captura Imediata de Leads Google/Meta Ads","Pacientes/clientes urgentes em busca de atendimento direto","Solicitar Atendimento Imediato","hero -> form -> benefits -> testimonials -> footer","HeroBlock;FormBlock;BenefitsBlock;TestimonialsBlock;FooterBlock","NONE","headline,subheadline,badge_text,form_fields,submit_button_text,benefits_list,testimonials_list,copyright_text","Clean responsivo com destaque para formulário de conversão direta","Renderização do formulário em topo claro e CTA com contraste","Foco exclusivo em conversão de fundo de funil com formulário acima da dobra e sem fuga.","pilot_eligible"
"TPL-102","5","Nutrição e Nutrologia","Nutrição Agendamento VIP","tpl-nutri-agendamento-consulta-vip","Landing de Marcações","Agendamento Direct de Primeira Consulta","Clientes qualificados procurando atendimento exclusivo","Agendar Consulta VIP","hero -> services -> process -> testimonials -> contact -> footer","HeroBlock;ServicesBlock;ProcessBlock;TestimonialsBlock;ContactBlock;FooterBlock","NONE","headline,subheadline,badge_text,services_cards,process_steps,testimonials_list,contact_info,copyright_text","Tom premium com cartões espaçados e etapas do processo ilustradas","Hero com destaque de especialidades e botão de agendamento em destaque","Apresenta a jornada de atendimento passo a passo para gerar confiança no agendamento.","pilot_eligible"
"TPL-103","5","Nutrição e Nutrologia","Nutrição Institucional Autoridade","tpl-nutri-institucional-autoridade","Website Institucional","Construção de Autoridade de Marca e Apresentação de Equipa","Clientes corporativos e parceiros estratégicos","Conhecer Soluções da Empresa","hero -> about -> services -> team -> contact -> footer","HeroBlock;AboutBlock;ServicesBlock;TeamBlock;ContactBlock;FooterBlock","NONE","headline,subheadline,story_text,stat_number,stat_label,services_cards,team_members,contact_info,copyright_text","Design corporativo sóbrio com tipografia forte e fotos da equipa","Preview da secção de história e griha de membros da equipa","Posiciona o negócio como líder de mercado através da história e equipa médica/profissional.","pilot_eligible"
"TPL-104","5","Nutrição e Nutrologia","Nutrição Cotação Express","tpl-nutri-cotacao-progressiva-express","Landing de Cotação","Solicitação de Orçamento com Dados Iniciais","Compradores buscando estimativa rápida de investimento","Pedir Orçamento Gratuito","hero -> benefits -> form -> faq -> footer","HeroBlock;BenefitsBlock;FormBlock;FaqBlock;FooterBlock","NONE","headline,subheadline,benefits_items,form_fields,submit_button_text,faq_items,copyright_text","Foco em clareza de benefícios antes de expor os campos de orçamento","Captura destacando cartões de diferenciais e formulário de orçamento","Elimina objeções de preço respondendo perguntas frequentes antes do pedido de cotação.","pilot_eligible"
"TPL-105","5","Nutrição e Nutrologia","Nutrição Catálogo de Especialidades","tpl-nutri-procedimentos-especializados","Landing de Serviços","Apresentação Detalhada do Portfólio de Serviços","Público que procura soluções técnicas específicas","Consultar Especialista","hero -> services -> benefits -> process -> form -> footer","HeroBlock;ServicesBlock;BenefitsBlock;ProcessBlock;FormBlock;FooterBlock","NONE","headline,subheadline,services_cards,benefits_items,process_steps,form_fields,copyright_text","Grelha modular de serviços com ícones e marcadores técnicos","Visão geral do catálogo de serviços em grelha 3 colunas","Organiza serviços complexos de forma modular e clara para facilidade de navegação.","pilot_eligible"
"TPL-106","5","Nutrição e Nutrologia","Nutrição Casos & Prova Social","tpl-nutri-prova-social-intensa","Landing Page Direta","Conversão Baseada em Depoimentos e Prova de Confiança","Clientes indecisos que necessitam de validação de terceiros","Ver Resultados e Agendar","hero -> testimonials -> benefits -> faq -> contact -> footer","HeroBlock;TestimonialsBlock;BenefitsBlock;FaqBlock;ContactBlock;FooterBlock","NONE","headline,subheadline,testimonials_list,benefits_items,faq_items,contact_info,copyright_text","Estilo visual focado em cartões de avaliações com estrelas e avatares","Secção Hero integrada com avaliações 5 estrelas em destaque","Utiliza o gatilho da prova social em posição de destaque máximo para quebrar desconfiança.","pilot_eligible"
"TPL-107","5","Nutrição e Nutrologia","Nutrição Diagnóstico Gratuito","tpl-nutri-diagnostico-inicial-gratuito","Landing Page Direta","Captação de Leads via Oferta de Diagnóstico sem Custo","Clientes em fase de descoberta que procuram avaliação inicial","Solicitar Diagnóstico sem Custo","hero -> process -> benefits -> form -> footer","HeroBlock;ProcessBlock;BenefitsBlock;FormBlock;FooterBlock","NONE","headline,subheadline,process_steps,benefits_items,form_fields,copyright_text","Cores de alta energia e badges explicativos do diagnóstico","Hero com badge de Diagnóstico Gratuito e formulário em destaque","Reduz a barreira de entrada oferecendo uma avaliação sem compromisso financeiro.","pilot_eligible"
"TPL-108","5","Nutrição e Nutrologia","Nutrição Plantão & Atendimento Rápido","tpl-nutri-atendimento-urgencia-24h","Landing Page Direta","Conversão Urgente para Casos Imediatos","Público com necessidade urgente ou atendimento emergencial","Falar com Atendimento Rápido","hero -> contact -> services -> faq -> footer","HeroBlock;ContactBlock;ServicesBlock;FaqBlock;FooterBlock","NONE","headline,subheadline,phone,email,address,services_cards,faq_items,copyright_text","Layout de alta visibilidade com botão telefónico/WhatsApp de destaque imediato","Hero com botões de contacto direto e mapa de localização rápida","Focado em resolução imediata com telefone e mapa acessíveis sem rolagem.","pilot_eligible"
"TPL-109","5","Nutrição e Nutrologia","Nutrição Guia de Esclarecimento & FAQ","tpl-nutri-duvidas-e-faq-interativo","Landing Educacional","Captação via Esclarecimento de Dúvidas Técnicas","Clientes que pesquisam objeções antes de contratar","Tirar Minha Dúvida com Especialista","hero -> faq -> benefits -> form -> footer","HeroBlock;FaqBlock;BenefitsBlock;FormBlock;FooterBlock","NONE","headline,subheadline,faq_items,benefits_items,form_fields,copyright_text","Accordion limpo com boa legibilidade e tipografia contrastante","Secção de perguntas frequentes em destaque com busca visual","Resolve objeções complexas antecipadamente para converter tráfego qualificado.","pilot_eligible"
"TPL-110","5","Nutrição e Nutrologia","Nutrição Equipa & Corpo Clínico/Técnico","tpl-nutri-equipa-e-corpo-tecnico","Website Institucional","Apresentação de Credenciais e Especialistas","Clientes que escolhem profissionais por currículo e autoridade","Marcar com Nossos Especialistas","hero -> team -> about -> services -> contact -> footer","HeroBlock;TeamBlock;AboutBlock;ServicesBlock;ContactBlock;FooterBlock","NONE","headline,subheadline,team_members,story_text,services_cards,contact_info,copyright_text","Grelha elegante de perfis profissionais com bios detalhadas","Cartões de equipa com fotos profissionais e bios curtas","Foco no fator humano e nas credenciais individuais da equipa para passar segurança.","pilot_eligible"
"TPL-111","5","Nutrição e Nutrologia","Nutrição Unidades & Mapa Local","tpl-nutri-localizacao-e-unidades","Landing Local","Atração de Clientes Locais por Proximidade Geográfica","Moradores/empresas da região geográfica de atendimento","Ver Rota e Agendar Visita","hero -> contact -> services -> testimonials -> footer","HeroBlock;ContactBlock;ServicesBlock;TestimonialsBlock;FooterBlock","NONE","headline,subheadline,google_maps_url,address,phone,services_cards,testimonials_list,copyright_text","Destaque visual para o mapa interativo e informações de endereço","Secção de contacto com mapa integrado e horários de funcionamento","Foco total em busca local e facilidade de localização geográfica.","pilot_eligible"
"TPL-112","5","Nutrição e Nutrologia","Nutrição Apresentação de Pacotes","tpl-nutri-pacotes-e-condicoes","Landing de Vendas","Conversão para Pacotes Estruturados de Serviços","Clientes interessados em combos e condições especiais","Escolher Meu Pacote","hero -> services -> benefits -> form -> faq -> footer","HeroBlock;ServicesBlock;BenefitsBlock;FormBlock;FaqBlock;FooterBlock","NONE","headline,subheadline,services_cards,benefits_items,form_fields,faq_items,copyright_text","Grelha de pacotes com marcadores visuais do mais popular","Grelha de serviços formatada como cartões de pacotes","Facilita a decisão de compra agrupando serviços em ofertas claras.","pilot_eligible"
"TPL-113","5","Nutrição e Nutrologia","Nutrição Nossa História & Propósito","tpl-nutri-historia-e-proposito","Website Institucional","Conexão Emocional e Alinhamento de Valores","Clientes que valorizam a missão e reputação da empresa","Fazer Parte da Nossa História","hero -> about -> process -> team -> contact -> footer","HeroBlock;AboutBlock;ProcessBlock;TeamBlock;ContactBlock;FooterBlock","NONE","headline,subheadline,story_text,stat_number,stat_label,process_steps,team_members,contact_info,copyright_text","Narrativa em linha do tempo com fotografias institucionais","Secção About com bloco de estatísticas e imagens de bastidores","Constrói lealdade de longo prazo mostrando a trajetória e propósito do negócio.","pilot_eligible"
"TPL-114","5","Nutrição e Nutrologia","Nutrição Jornada do Cliente","tpl-nutri-solucao-passo-a-passo","Landing Educacional","Desmistificar o Processo de Prestação do Serviço","Clientes receosos quanto à complexidade do serviço","Iniciar Minha Jornada","hero -> process -> services -> testimonials -> form -> footer","HeroBlock;ProcessBlock;ServicesBlock;TestimonialsBlock;FormBlock;FooterBlock","NONE","headline,subheadline,process_steps,services_cards,testimonials_list,form_fields,copyright_text","Fluxo numérico progressivo (Passo 1, 2, 3) bem marcado","Infográfico do processo de 4 passos com conectores visuais","Reduz a ansiedade do cliente mostrando exatamente o que acontece em cada fase.","pilot_eligible"
"TPL-115","5","Nutrição e Nutrologia","Nutrição Oferta de Boas-Vindas","tpl-nutri-primeira-visita-especial","Landing Page Direta","Captação de Novos Clientes com Condição Especial","Público que nunca utilizou os serviços da empresa","Garantir Oferta de Boas-Vindas","hero -> benefits -> form -> testimonials -> footer","HeroBlock;BenefitsBlock;FormBlock;TestimonialsBlock;FooterBlock","NONE","headline,subheadline,badge_text,benefits_items,form_fields,testimonials_list,copyright_text","Badge destacado de oferta exclusiva no Hero","Hero com selo de Boas-Vindas e formulário de inscrição direta","Incentiva a experiência inicial através de um incentivo exclusivo para novos clientes.","pilot_eligible"
"TPL-116","5","Nutrição e Nutrologia","Nutrição Sales Page VSL Longa","tpl-nutri-vsl-video-sales-page","Sales Page Longa","Conversão via Vídeo de Vendas (VSL) e Pitch Estruturado","Leads de tráfego frio preparados por apresentação em vídeo","Garantir Vaga no Programa","hero_vsl -> benefits -> testimonials -> faq -> footer","BenefitsBlock;TestimonialsBlock;FaqBlock;FooterBlock","HeroVslBlock","headline,video_url,cta_primary_text,benefits_items,testimonials_list,faq_items,copyright_text","Container de vídeo centralizado com foco total na apresentação VSL","Player de vídeo VSL em topo escuro e botão CTA revelado abaixo","Focado em conversão audiovisual para infoprodutos e mentorias de alto valor.","blocked_by_node_registry"
"TPL-117","5","Nutrição e Nutrologia","Nutrição Planos & Tabela de Pricing","tpl-nutri-tabela-de-precos-saas","Produto / Demo / Trial","Seleção de Planos Mensais/Anuais e Free Trial","Decisores de compra avaliando pacotes e limites de software","Assinar Plano Selecionado","hero -> pricing_table -> benefits -> faq -> footer","HeroBlock;BenefitsBlock;FaqBlock;FooterBlock","PricingTableBlock","headline,subheadline,pricing_plans,features_comparison,faq_items,copyright_text","Cartões de preços comparativos com alternador Mensal/Anual","Grelha de 3 planos de preços com destaque para o plano recomendado","Transparência total de preços e funcionalidades para SaaS e assinaturas.","blocked_by_node_registry"
"TPL-118","5","Nutrição e Nutrologia","Nutrição Mostra de Portfólio & Projetos","tpl-nutri-galeria-portfolio-projetos","Website/Portfólio","Exibição Visual de Projetos Concluídos","Clientes de alto padrão avaliando qualidade estética e acabamento","Solicitar Projeto Semelhante","hero -> gallery_grid -> process -> contact -> footer","HeroBlock;ProcessBlock;ContactBlock;FooterBlock","GalleryGridBlock","headline,subheadline,gallery_images,project_categories,contact_info,copyright_text","Grelha masonry de alta resolução com lightbox interativo","Galeria visual de projetos com filtros por categoria","Demonstra a excelência técnica através do trabalho visualmente concluído.","blocked_by_node_registry"
"TPL-119","5","Nutrição e Nutrologia","Nutrição Calculadora Interativa de Cotação","tpl-nutri-simulador-calculadora-cotacao","Landing de Cotação","Estimativa Interativa em Tempo Real pelo Cliente","Clientes que desejam calcular o investimento aproximado","Enviar Resultado da Simulação","hero -> interactive_calculator -> form -> faq -> footer","HeroBlock;FormBlock;FaqBlock;FooterBlock","CalculatorBlock","headline,subheadline,calculator_fields,form_fields,faq_items,copyright_text","Sliders e seletores interativos com valor total calculado em tempo real","Calculadora interativa com controles deslizantes e resultado estimado","Engaja o utilizador permitindo simular o valor exato da sua necessidade.","blocked_by_node_registry"
"TPL-120","5","Nutrição e Nutrologia","Nutrição Agendador com Calendário Ao Vivo","tpl-nutri-calendario-agendamento-online","Landing de Marcações","Reserva Direta de Data e Horário em Agenda Integrada","Clientes que preferem selecionar o dia e hora no momento","Confirmar Data e Horário","hero -> booking_calendar -> testimonials -> footer","HeroBlock;TestimonialsBlock;FooterBlock","BookingCalendarBlock","headline,subheadline,available_slots,testimonials_list,copyright_text","Calendário interativo com escolha de horário em tempo real","Widget de calendário mensal com seleção de slots de horário","Elimina trocas de mensagens agendando a reunião/consulta diretamente.","blocked_by_node_registry"
"TPL-121","5","Nutrição e Nutrologia","Nutrição Comparativo de Soluções B2B","tpl-nutri-tabela-comparativa-recursos","Produto / Demo / Trial","Demonstração de Superioridade em Relação a Alternativas","Compradores B2B comparando concorrentes e funcionalidades","Escolher a Solução Líder","hero -> comparison_table -> benefits -> form -> footer","HeroBlock;BenefitsBlock;FormBlock;FooterBlock","ComparisonTableBlock","headline,subheadline,comparison_matrix,benefits_items,form_fields,copyright_text","Tabela comparativa com marcas de verificação (checkmarks) e destaques","Tabela comparativa matricial com a empresa destacada na 1ª coluna","Prova a vantagem competitiva de forma transparente através de matriz de recursos.","blocked_by_node_registry"
"TPL-122","5","Nutrição e Nutrologia","Nutrição Catálogo Filtrável de Soluções","tpl-nutri-catalogo-com-filtros-avancados","Website/Portfólio","Navegação por Granularidade de Nichos e Equipamentos","Clientes B2B buscando especificações técnicas detalhadas","Solicitar Ficha Técnica e Cotação","hero -> filtered_catalog -> contact -> footer","HeroBlock;ContactBlock;FooterBlock","FilteredCatalogBlock","headline,subheadline,catalog_items,filter_categories,contact_info,copyright_text","Filtros por categoria no topo e cartões com badges técnicos","Barra de filtros de produtos e grelha de resultados organizados","Facilita a busca em inventários extensos de serviços ou equipamentos.","blocked_by_node_registry"
"TPL-123","5","Nutrição e Nutrologia","Nutrição Experiência Virtual & Espaço","tpl-nutri-tour-virtual-galeria-360","Captação e Reserva","Apresentação Imersiva de Ambientes e Instalações","Noivas, organizadores de eventos e clientes de imobiliário","Agendar Visita Presencial","hero -> virtual_tour -> testimonials -> form -> footer","HeroBlock;TestimonialsBlock;FormBlock;FooterBlock","VirtualTourBlock","headline,subheadline,embed_tour_url,testimonials_list,form_fields,copyright_text","Visualizador panorâmico imersivo com botões de navegação","Preview de tour virtual 360 com ícone de navegação interativa","Encanta o cliente mostrando o espaço físico em alta definição antes da visita.","blocked_by_node_registry"
"TPL-124","5","Nutrição e Nutrologia","Nutrição Linha do Tempo & Tradição","tpl-nutri-linha-do-tempo-historica","Website Institucional","Demonstração de Tradição, Anos de Mercado e Milestones","Grandes contas corporativas buscando estabilidade e tradição","Falar com Nossa Gestão","hero -> timeline_history -> team -> contact -> footer","HeroBlock;TeamBlock;ContactBlock;FooterBlock","TimelineHistoryBlock","headline,subheadline,timeline_events,team_members,contact_info,copyright_text","Linha vertical cronológica com pontos de destaque históricos","Linha do tempo interativa marcando anos e conquistas da empresa","Transmite solidez e confiança comprovando anos de atuação no mercado.","blocked_by_node_registry"
"TPL-125","5","Nutrição e Nutrologia","Nutrição Cardápio Interativo & Menus","tpl-nutri-menu-degustacao-cardapio","Captação e Reserva","Apresentação de Opções de Menus e Buffets para Eventos","Organizadores de eventos e noivos escolhendo gastronomia","Solicitar Degustação do Cardápio","hero -> interactive_menu -> testimonials -> form -> footer","HeroBlock;TestimonialsBlock;FormBlock;FooterBlock","InteractiveMenuBlock","headline,subheadline,menu_categories,testimonials_list,form_fields,copyright_text","Abas organizadas por pratos (Entradas, Principais, Sobremesas) com fotos","Cardápio em abas estilizadas com imagens de gastronomia","Estimula o desejo gastronómico apresentando os menus de forma elegante.","blocked_by_node_registry"
"TPL-126","6","Estética Avançada e Spas","Estética Direct Ads Express","tpl-estetica-ads-captura-rapida","Landing Page Direta","Captura Imediata de Leads Google/Meta Ads","Pacientes/clientes urgentes em busca de atendimento direto","Solicitar Atendimento Imediato","hero -> form -> benefits -> testimonials -> footer","HeroBlock;FormBlock;BenefitsBlock;TestimonialsBlock;FooterBlock","NONE","headline,subheadline,badge_text,form_fields,submit_button_text,benefits_list,testimonials_list,copyright_text","Clean responsivo com destaque para formulário de conversão direta","Renderização do formulário em topo claro e CTA com contraste","Foco exclusivo em conversão de fundo de funil com formulário acima da dobra e sem fuga.","pilot_eligible"
"TPL-127","6","Estética Avançada e Spas","Estética Agendamento VIP","tpl-estetica-agendamento-consulta-vip","Landing de Marcações","Agendamento Direct de Primeira Consulta","Clientes qualificados procurando atendimento exclusivo","Agendar Consulta VIP","hero -> services -> process -> testimonials -> contact -> footer","HeroBlock;ServicesBlock;ProcessBlock;TestimonialsBlock;ContactBlock;FooterBlock","NONE","headline,subheadline,badge_text,services_cards,process_steps,testimonials_list,contact_info,copyright_text","Tom premium com cartões espaçados e etapas do processo ilustradas","Hero com destaque de especialidades e botão de agendamento em destaque","Apresenta a jornada de atendimento passo a passo para gerar confiança no agendamento.","pilot_eligible"
"TPL-128","6","Estética Avançada e Spas","Estética Institucional Autoridade","tpl-estetica-institucional-autoridade","Website Institucional","Construção de Autoridade de Marca e Apresentação de Equipa","Clientes corporativos e parceiros estratégicos","Conhecer Soluções da Empresa","hero -> about -> services -> team -> contact -> footer","HeroBlock;AboutBlock;ServicesBlock;TeamBlock;ContactBlock;FooterBlock","NONE","headline,subheadline,story_text,stat_number,stat_label,services_cards,team_members,contact_info,copyright_text","Design corporativo sóbrio com tipografia forte e fotos da equipa","Preview da secção de história e griha de membros da equipa","Posiciona o negócio como líder de mercado através da história e equipa médica/profissional.","pilot_eligible"
"TPL-129","6","Estética Avançada e Spas","Estética Cotação Express","tpl-estetica-cotacao-progressiva-express","Landing de Cotação","Solicitação de Orçamento com Dados Iniciais","Compradores buscando estimativa rápida de investimento","Pedir Orçamento Gratuito","hero -> benefits -> form -> faq -> footer","HeroBlock;BenefitsBlock;FormBlock;FaqBlock;FooterBlock","NONE","headline,subheadline,benefits_items,form_fields,submit_button_text,faq_items,copyright_text","Foco em clareza de benefícios antes de expor os campos de orçamento","Captura destacando cartões de diferenciais e formulário de orçamento","Elimina objeções de preço respondendo perguntas frequentes antes do pedido de cotação.","pilot_eligible"
"TPL-130","6","Estética Avançada e Spas","Estética Catálogo de Especialidades","tpl-estetica-procedimentos-especializados","Landing de Serviços","Apresentação Detalhada do Portfólio de Serviços","Público que procura soluções técnicas específicas","Consultar Especialista","hero -> services -> benefits -> process -> form -> footer","HeroBlock;ServicesBlock;BenefitsBlock;ProcessBlock;FormBlock;FooterBlock","NONE","headline,subheadline,services_cards,benefits_items,process_steps,form_fields,copyright_text","Grelha modular de serviços com ícones e marcadores técnicos","Visão geral do catálogo de serviços em grelha 3 colunas","Organiza serviços complexos de forma modular e clara para facilidade de navegação.","pilot_eligible"
"TPL-131","6","Estética Avançada e Spas","Estética Casos & Prova Social","tpl-estetica-prova-social-intensa","Landing Page Direta","Conversão Baseada em Depoimentos e Prova de Confiança","Clientes indecisos que necessitam de validação de terceiros","Ver Resultados e Agendar","hero -> testimonials -> benefits -> faq -> contact -> footer","HeroBlock;TestimonialsBlock;BenefitsBlock;FaqBlock;ContactBlock;FooterBlock","NONE","headline,subheadline,testimonials_list,benefits_items,faq_items,contact_info,copyright_text","Estilo visual focado em cartões de avaliações com estrelas e avatares","Secção Hero integrada com avaliações 5 estrelas em destaque","Utiliza o gatilho da prova social em posição de destaque máximo para quebrar desconfiança.","pilot_eligible"
"TPL-132","6","Estética Avançada e Spas","Estética Diagnóstico Gratuito","tpl-estetica-diagnostico-inicial-gratuito","Landing Page Direta","Captação de Leads via Oferta de Diagnóstico sem Custo","Clientes em fase de descoberta que procuram avaliação inicial","Solicitar Diagnóstico sem Custo","hero -> process -> benefits -> form -> footer","HeroBlock;ProcessBlock;BenefitsBlock;FormBlock;FooterBlock","NONE","headline,subheadline,process_steps,benefits_items,form_fields,copyright_text","Cores de alta energia e badges explicativos do diagnóstico","Hero com badge de Diagnóstico Gratuito e formulário em destaque","Reduz a barreira de entrada oferecendo uma avaliação sem compromisso financeiro.","pilot_eligible"
"TPL-133","6","Estética Avançada e Spas","Estética Plantão & Atendimento Rápido","tpl-estetica-atendimento-urgencia-24h","Landing Page Direta","Conversão Urgente para Casos Imediatos","Público com necessidade urgente ou atendimento emergencial","Falar com Atendimento Rápido","hero -> contact -> services -> faq -> footer","HeroBlock;ContactBlock;ServicesBlock;FaqBlock;FooterBlock","NONE","headline,subheadline,phone,email,address,services_cards,faq_items,copyright_text","Layout de alta visibilidade com botão telefónico/WhatsApp de destaque imediato","Hero com botões de contacto direto e mapa de localização rápida","Focado em resolução imediata com telefone e mapa acessíveis sem rolagem.","pilot_eligible"
"TPL-134","6","Estética Avançada e Spas","Estética Guia de Esclarecimento & FAQ","tpl-estetica-duvidas-e-faq-interativo","Landing Educacional","Captação via Esclarecimento de Dúvidas Técnicas","Clientes que pesquisam objeções antes de contratar","Tirar Minha Dúvida com Especialista","hero -> faq -> benefits -> form -> footer","HeroBlock;FaqBlock;BenefitsBlock;FormBlock;FooterBlock","NONE","headline,subheadline,faq_items,benefits_items,form_fields,copyright_text","Accordion limpo com boa legibilidade e tipografia contrastante","Secção de perguntas frequentes em destaque com busca visual","Resolve objeções complexas antecipadamente para converter tráfego qualificado.","pilot_eligible"
"TPL-135","6","Estética Avançada e Spas","Estética Equipa & Corpo Clínico/Técnico","tpl-estetica-equipa-e-corpo-tecnico","Website Institucional","Apresentação de Credenciais e Especialistas","Clientes que escolhem profissionais por currículo e autoridade","Marcar com Nossos Especialistas","hero -> team -> about -> services -> contact -> footer","HeroBlock;TeamBlock;AboutBlock;ServicesBlock;ContactBlock;FooterBlock","NONE","headline,subheadline,team_members,story_text,services_cards,contact_info,copyright_text","Grelha elegante de perfis profissionais com bios detalhadas","Cartões de equipa com fotos profissionais e bios curtas","Foco no fator humano e nas credenciais individuais da equipa para passar segurança.","pilot_eligible"
"TPL-136","6","Estética Avançada e Spas","Estética Unidades & Mapa Local","tpl-estetica-localizacao-e-unidades","Landing Local","Atração de Clientes Locais por Proximidade Geográfica","Moradores/empresas da região geográfica de atendimento","Ver Rota e Agendar Visita","hero -> contact -> services -> testimonials -> footer","HeroBlock;ContactBlock;ServicesBlock;TestimonialsBlock;FooterBlock","NONE","headline,subheadline,google_maps_url,address,phone,services_cards,testimonials_list,copyright_text","Destaque visual para o mapa interativo e informações de endereço","Secção de contacto com mapa integrado e horários de funcionamento","Foco total em busca local e facilidade de localização geográfica.","pilot_eligible"
"TPL-137","6","Estética Avançada e Spas","Estética Apresentação de Pacotes","tpl-estetica-pacotes-e-condicoes","Landing de Vendas","Conversão para Pacotes Estruturados de Serviços","Clientes interessados em combos e condições especiais","Escolher Meu Pacote","hero -> services -> benefits -> form -> faq -> footer","HeroBlock;ServicesBlock;BenefitsBlock;FormBlock;FaqBlock;FooterBlock","NONE","headline,subheadline,services_cards,benefits_items,form_fields,faq_items,copyright_text","Grelha de pacotes com marcadores visuais do mais popular","Grelha de serviços formatada como cartões de pacotes","Facilita a decisão de compra agrupando serviços em ofertas claras.","pilot_eligible"
"TPL-138","6","Estética Avançada e Spas","Estética Nossa História & Propósito","tpl-estetica-historia-e-proposito","Website Institucional","Conexão Emocional e Alinhamento de Valores","Clientes que valorizam a missão e reputação da empresa","Fazer Parte da Nossa História","hero -> about -> process -> team -> contact -> footer","HeroBlock;AboutBlock;ProcessBlock;TeamBlock;ContactBlock;FooterBlock","NONE","headline,subheadline,story_text,stat_number,stat_label,process_steps,team_members,contact_info,copyright_text","Narrativa em linha do tempo com fotografias institucionais","Secção About com bloco de estatísticas e imagens de bastidores","Constrói lealdade de longo prazo mostrando a trajetória e propósito do negócio.","pilot_eligible"
"TPL-139","6","Estética Avançada e Spas","Estética Jornada do Cliente","tpl-estetica-solucao-passo-a-passo","Landing Educacional","Desmistificar o Processo de Prestação do Serviço","Clientes receosos quanto à complexidade do serviço","Iniciar Minha Jornada","hero -> process -> services -> testimonials -> form -> footer","HeroBlock;ProcessBlock;ServicesBlock;TestimonialsBlock;FormBlock;FooterBlock","NONE","headline,subheadline,process_steps,services_cards,testimonials_list,form_fields,copyright_text","Fluxo numérico progressivo (Passo 1, 2, 3) bem marcado","Infográfico do processo de 4 passos com conectores visuais","Reduz a ansiedade do cliente mostrando exatamente o que acontece em cada fase.","pilot_eligible"
"TPL-140","6","Estética Avançada e Spas","Estética Oferta de Boas-Vindas","tpl-estetica-primeira-visita-especial","Landing Page Direta","Captação de Novos Clientes com Condição Especial","Público que nunca utilizou os serviços da empresa","Garantir Oferta de Boas-Vindas","hero -> benefits -> form -> testimonials -> footer","HeroBlock;BenefitsBlock;FormBlock;TestimonialsBlock;FooterBlock","NONE","headline,subheadline,badge_text,benefits_items,form_fields,testimonials_list,copyright_text","Badge destacado de oferta exclusiva no Hero","Hero com selo de Boas-Vindas e formulário de inscrição direta","Incentiva a experiência inicial através de um incentivo exclusivo para novos clientes.","pilot_eligible"
"TPL-141","6","Estética Avançada e Spas","Estética Sales Page VSL Longa","tpl-estetica-vsl-video-sales-page","Sales Page Longa","Conversão via Vídeo de Vendas (VSL) e Pitch Estruturado","Leads de tráfego frio preparados por apresentação em vídeo","Garantir Vaga no Programa","hero_vsl -> benefits -> testimonials -> faq -> footer","BenefitsBlock;TestimonialsBlock;FaqBlock;FooterBlock","HeroVslBlock","headline,video_url,cta_primary_text,benefits_items,testimonials_list,faq_items,copyright_text","Container de vídeo centralizado com foco total na apresentação VSL","Player de vídeo VSL em topo escuro e botão CTA revelado abaixo","Focado em conversão audiovisual para infoprodutos e mentorias de alto valor.","blocked_by_node_registry"
"TPL-142","6","Estética Avançada e Spas","Estética Planos & Tabela de Pricing","tpl-estetica-tabela-de-precos-saas","Produto / Demo / Trial","Seleção de Planos Mensais/Anuais e Free Trial","Decisores de compra avaliando pacotes e limites de software","Assinar Plano Selecionado","hero -> pricing_table -> benefits -> faq -> footer","HeroBlock;BenefitsBlock;FaqBlock;FooterBlock","PricingTableBlock","headline,subheadline,pricing_plans,features_comparison,faq_items,copyright_text","Cartões de preços comparativos com alternador Mensal/Anual","Grelha de 3 planos de preços com destaque para o plano recomendado","Transparência total de preços e funcionalidades para SaaS e assinaturas.","blocked_by_node_registry"
"TPL-143","6","Estética Avançada e Spas","Estética Mostra de Portfólio & Projetos","tpl-estetica-galeria-portfolio-projetos","Website/Portfólio","Exibição Visual de Projetos Concluídos","Clientes de alto padrão avaliando qualidade estética e acabamento","Solicitar Projeto Semelhante","hero -> gallery_grid -> process -> contact -> footer","HeroBlock;ProcessBlock;ContactBlock;FooterBlock","GalleryGridBlock","headline,subheadline,gallery_images,project_categories,contact_info,copyright_text","Grelha masonry de alta resolução com lightbox interativo","Galeria visual de projetos com filtros por categoria","Demonstra a excelência técnica através do trabalho visualmente concluído.","blocked_by_node_registry"
"TPL-144","6","Estética Avançada e Spas","Estética Calculadora Interativa de Cotação","tpl-estetica-simulador-calculadora-cotacao","Landing de Cotação","Estimativa Interativa em Tempo Real pelo Cliente","Clientes que desejam calcular o investimento aproximado","Enviar Resultado da Simulação","hero -> interactive_calculator -> form -> faq -> footer","HeroBlock;FormBlock;FaqBlock;FooterBlock","CalculatorBlock","headline,subheadline,calculator_fields,form_fields,faq_items,copyright_text","Sliders e seletores interativos com valor total calculado em tempo real","Calculadora interativa com controles deslizantes e resultado estimado","Engaja o utilizador permitindo simular o valor exato da sua necessidade.","blocked_by_node_registry"
"TPL-145","6","Estética Avançada e Spas","Estética Agendador com Calendário Ao Vivo","tpl-estetica-calendario-agendamento-online","Landing de Marcações","Reserva Direta de Data e Horário em Agenda Integrada","Clientes que preferem selecionar o dia e hora no momento","Confirmar Data e Horário","hero -> booking_calendar -> testimonials -> footer","HeroBlock;TestimonialsBlock;FooterBlock","BookingCalendarBlock","headline,subheadline,available_slots,testimonials_list,copyright_text","Calendário interativo com escolha de horário em tempo real","Widget de calendário mensal com seleção de slots de horário","Elimina trocas de mensagens agendando a reunião/consulta diretamente.","blocked_by_node_registry"
"TPL-146","6","Estética Avançada e Spas","Estética Comparativo de Soluções B2B","tpl-estetica-tabela-comparativa-recursos","Produto / Demo / Trial","Demonstração de Superioridade em Relação a Alternativas","Compradores B2B comparando concorrentes e funcionalidades","Escolher a Solução Líder","hero -> comparison_table -> benefits -> form -> footer","HeroBlock;BenefitsBlock;FormBlock;FooterBlock","ComparisonTableBlock","headline,subheadline,comparison_matrix,benefits_items,form_fields,copyright_text","Tabela comparativa com marcas de verificação (checkmarks) e destaques","Tabela comparativa matricial com a empresa destacada na 1ª coluna","Prova a vantagem competitiva de forma transparente através de matriz de recursos.","blocked_by_node_registry"
"TPL-147","6","Estética Avançada e Spas","Estética Catálogo Filtrável de Soluções","tpl-estetica-catalogo-com-filtros-avancados","Website/Portfólio","Navegação por Granularidade de Nichos e Equipamentos","Clientes B2B buscando especificações técnicas detalhadas","Solicitar Ficha Técnica e Cotação","hero -> filtered_catalog -> contact -> footer","HeroBlock;ContactBlock;FooterBlock","FilteredCatalogBlock","headline,subheadline,catalog_items,filter_categories,contact_info,copyright_text","Filtros por categoria no topo e cartões com badges técnicos","Barra de filtros de produtos e grelha de resultados organizados","Facilita a busca em inventários extensos de serviços ou equipamentos.","blocked_by_node_registry"
"TPL-148","6","Estética Avançada e Spas","Estética Experiência Virtual & Espaço","tpl-estetica-tour-virtual-galeria-360","Captação e Reserva","Apresentação Imersiva de Ambientes e Instalações","Noivas, organizadores de eventos e clientes de imobiliário","Agendar Visita Presencial","hero -> virtual_tour -> testimonials -> form -> footer","HeroBlock;TestimonialsBlock;FormBlock;FooterBlock","VirtualTourBlock","headline,subheadline,embed_tour_url,testimonials_list,form_fields,copyright_text","Visualizador panorâmico imersivo com botões de navegação","Preview de tour virtual 360 com ícone de navegação interativa","Encanta o cliente mostrando o espaço físico em alta definição antes da visita.","blocked_by_node_registry"
"TPL-149","6","Estética Avançada e Spas","Estética Linha do Tempo & Tradição","tpl-estetica-linha-do-tempo-historica","Website Institucional","Demonstração de Tradição, Anos de Mercado e Milestones","Grandes contas corporativas buscando estabilidade e tradição","Falar com Nossa Gestão","hero -> timeline_history -> team -> contact -> footer","HeroBlock;TeamBlock;ContactBlock;FooterBlock","TimelineHistoryBlock","headline,subheadline,timeline_events,team_members,contact_info,copyright_text","Linha vertical cronológica com pontos de destaque históricos","Linha do tempo interativa marcando anos e conquistas da empresa","Transmite solidez e confiança comprovando anos de atuação no mercado.","blocked_by_node_registry"
"TPL-150","6","Estética Avançada e Spas","Estética Cardápio Interativo & Menus","tpl-estetica-menu-degustacao-cardapio","Captação e Reserva","Apresentação de Opções de Menus e Buffets para Eventos","Organizadores de eventos e noivos escolhendo gastronomia","Solicitar Degustação do Cardápio","hero -> interactive_menu -> testimonials -> form -> footer","HeroBlock;TestimonialsBlock;FormBlock;FooterBlock","InteractiveMenuBlock","headline,subheadline,menu_categories,testimonials_list,form_fields,copyright_text","Abas organizadas por pratos (Entradas, Principais, Sobremesas) com fotos","Cardápio em abas estilizadas com imagens de gastronomia","Estimula o desejo gastronómico apresentando os menus de forma elegante.","blocked_by_node_registry"
"TPL-151","7","Advocacia Previdenciária e Trabalhista","Advocacia Direct Ads Express","tpl-adv-prev-ads-captura-rapida","Landing Page Direta","Captura Imediata de Leads Google/Meta Ads","Pacientes/clientes urgentes em busca de atendimento direto","Solicitar Atendimento Imediato","hero -> form -> benefits -> testimonials -> footer","HeroBlock;FormBlock;BenefitsBlock;TestimonialsBlock;FooterBlock","NONE","headline,subheadline,badge_text,form_fields,submit_button_text,benefits_list,testimonials_list,copyright_text","Clean responsivo com destaque para formulário de conversão direta","Renderização do formulário em topo claro e CTA com contraste","Foco exclusivo em conversão de fundo de funil com formulário acima da dobra e sem fuga.","pilot_eligible"
"TPL-152","7","Advocacia Previdenciária e Trabalhista","Advocacia Agendamento VIP","tpl-adv-prev-agendamento-consulta-vip","Landing de Marcações","Agendamento Direct de Primeira Consulta","Clientes qualificados procurando atendimento exclusivo","Agendar Consulta VIP","hero -> services -> process -> testimonials -> contact -> footer","HeroBlock;ServicesBlock;ProcessBlock;TestimonialsBlock;ContactBlock;FooterBlock","NONE","headline,subheadline,badge_text,services_cards,process_steps,testimonials_list,contact_info,copyright_text","Tom premium com cartões espaçados e etapas do processo ilustradas","Hero com destaque de especialidades e botão de agendamento em destaque","Apresenta a jornada de atendimento passo a passo para gerar confiança no agendamento.","pilot_eligible"
"TPL-153","7","Advocacia Previdenciária e Trabalhista","Advocacia Institucional Autoridade","tpl-adv-prev-institucional-autoridade","Website Institucional","Construção de Autoridade de Marca e Apresentação de Equipa","Clientes corporativos e parceiros estratégicos","Conhecer Soluções da Empresa","hero -> about -> services -> team -> contact -> footer","HeroBlock;AboutBlock;ServicesBlock;TeamBlock;ContactBlock;FooterBlock","NONE","headline,subheadline,story_text,stat_number,stat_label,services_cards,team_members,contact_info,copyright_text","Design corporativo sóbrio com tipografia forte e fotos da equipa","Preview da secção de história e griha de membros da equipa","Posiciona o negócio como líder de mercado através da história e equipa médica/profissional.","pilot_eligible"
"TPL-154","7","Advocacia Previdenciária e Trabalhista","Advocacia Cotação Express","tpl-adv-prev-cotacao-progressiva-express","Landing de Cotação","Solicitação de Orçamento com Dados Iniciais","Compradores buscando estimativa rápida de investimento","Pedir Orçamento Gratuito","hero -> benefits -> form -> faq -> footer","HeroBlock;BenefitsBlock;FormBlock;FaqBlock;FooterBlock","NONE","headline,subheadline,benefits_items,form_fields,submit_button_text,faq_items,copyright_text","Foco em clareza de benefícios antes de expor os campos de orçamento","Captura destacando cartões de diferenciais e formulário de orçamento","Elimina objeções de preço respondendo perguntas frequentes antes do pedido de cotação.","pilot_eligible"
"TPL-155","7","Advocacia Previdenciária e Trabalhista","Advocacia Catálogo de Especialidades","tpl-adv-prev-procedimentos-especializados","Landing de Serviços","Apresentação Detalhada do Portfólio de Serviços","Público que procura soluções técnicas específicas","Consultar Especialista","hero -> services -> benefits -> process -> form -> footer","HeroBlock;ServicesBlock;BenefitsBlock;ProcessBlock;FormBlock;FooterBlock","NONE","headline,subheadline,services_cards,benefits_items,process_steps,form_fields,copyright_text","Grelha modular de serviços com ícones e marcadores técnicos","Visão geral do catálogo de serviços em grelha 3 colunas","Organiza serviços complexos de forma modular e clara para facilidade de navegação.","pilot_eligible"
"TPL-156","7","Advocacia Previdenciária e Trabalhista","Advocacia Casos & Prova Social","tpl-adv-prev-prova-social-intensa","Landing Page Direta","Conversão Baseada em Depoimentos e Prova de Confiança","Clientes indecisos que necessitam de validação de terceiros","Ver Resultados e Agendar","hero -> testimonials -> benefits -> faq -> contact -> footer","HeroBlock;TestimonialsBlock;BenefitsBlock;FaqBlock;ContactBlock;FooterBlock","NONE","headline,subheadline,testimonials_list,benefits_items,faq_items,contact_info,copyright_text","Estilo visual focado em cartões de avaliações com estrelas e avatares","Secção Hero integrada com avaliações 5 estrelas em destaque","Utiliza o gatilho da prova social em posição de destaque máximo para quebrar desconfiança.","pilot_eligible"
"TPL-157","7","Advocacia Previdenciária e Trabalhista","Advocacia Diagnóstico Gratuito","tpl-adv-prev-diagnostico-inicial-gratuito","Landing Page Direta","Captação de Leads via Oferta de Diagnóstico sem Custo","Clientes em fase de descoberta que procuram avaliação inicial","Solicitar Diagnóstico sem Custo","hero -> process -> benefits -> form -> footer","HeroBlock;ProcessBlock;BenefitsBlock;FormBlock;FooterBlock","NONE","headline,subheadline,process_steps,benefits_items,form_fields,copyright_text","Cores de alta energia e badges explicativos do diagnóstico","Hero com badge de Diagnóstico Gratuito e formulário em destaque","Reduz a barreira de entrada oferecendo uma avaliação sem compromisso financeiro.","pilot_eligible"
"TPL-158","7","Advocacia Previdenciária e Trabalhista","Advocacia Plantão & Atendimento Rápido","tpl-adv-prev-atendimento-urgencia-24h","Landing Page Direta","Conversão Urgente para Casos Imediatos","Público com necessidade urgente ou atendimento emergencial","Falar com Atendimento Rápido","hero -> contact -> services -> faq -> footer","HeroBlock;ContactBlock;ServicesBlock;FaqBlock;FooterBlock","NONE","headline,subheadline,phone,email,address,services_cards,faq_items,copyright_text","Layout de alta visibilidade com botão telefónico/WhatsApp de destaque imediato","Hero com botões de contacto direto e mapa de localização rápida","Focado em resolução imediata com telefone e mapa acessíveis sem rolagem.","pilot_eligible"
"TPL-159","7","Advocacia Previdenciária e Trabalhista","Advocacia Guia de Esclarecimento & FAQ","tpl-adv-prev-duvidas-e-faq-interativo","Landing Educacional","Captação via Esclarecimento de Dúvidas Técnicas","Clientes que pesquisam objeções antes de contratar","Tirar Minha Dúvida com Especialista","hero -> faq -> benefits -> form -> footer","HeroBlock;FaqBlock;BenefitsBlock;FormBlock;FooterBlock","NONE","headline,subheadline,faq_items,benefits_items,form_fields,copyright_text","Accordion limpo com boa legibilidade e tipografia contrastante","Secção de perguntas frequentes em destaque com busca visual","Resolve objeções complexas antecipadamente para converter tráfego qualificado.","pilot_eligible"
"TPL-160","7","Advocacia Previdenciária e Trabalhista","Advocacia Equipa & Corpo Clínico/Técnico","tpl-adv-prev-equipa-e-corpo-tecnico","Website Institucional","Apresentação de Credenciais e Especialistas","Clientes que escolhem profissionais por currículo e autoridade","Marcar com Nossos Especialistas","hero -> team -> about -> services -> contact -> footer","HeroBlock;TeamBlock;AboutBlock;ServicesBlock;ContactBlock;FooterBlock","NONE","headline,subheadline,team_members,story_text,services_cards,contact_info,copyright_text","Grelha elegante de perfis profissionais com bios detalhadas","Cartões de equipa com fotos profissionais e bios curtas","Foco no fator humano e nas credenciais individuais da equipa para passar segurança.","pilot_eligible"
"TPL-161","7","Advocacia Previdenciária e Trabalhista","Advocacia Unidades & Mapa Local","tpl-adv-prev-localizacao-e-unidades","Landing Local","Atração de Clientes Locais por Proximidade Geográfica","Moradores/empresas da região geográfica de atendimento","Ver Rota e Agendar Visita","hero -> contact -> services -> testimonials -> footer","HeroBlock;ContactBlock;ServicesBlock;TestimonialsBlock;FooterBlock","NONE","headline,subheadline,google_maps_url,address,phone,services_cards,testimonials_list,copyright_text","Destaque visual para o mapa interativo e informações de endereço","Secção de contacto com mapa integrado e horários de funcionamento","Foco total em busca local e facilidade de localização geográfica.","pilot_eligible"
"TPL-162","7","Advocacia Previdenciária e Trabalhista","Advocacia Apresentação de Pacotes","tpl-adv-prev-pacotes-e-condicoes","Landing de Vendas","Conversão para Pacotes Estruturados de Serviços","Clientes interessados em combos e condições especiais","Escolher Meu Pacote","hero -> services -> benefits -> form -> faq -> footer","HeroBlock;ServicesBlock;BenefitsBlock;FormBlock;FaqBlock;FooterBlock","NONE","headline,subheadline,services_cards,benefits_items,form_fields,faq_items,copyright_text","Grelha de pacotes com marcadores visuais do mais popular","Grelha de serviços formatada como cartões de pacotes","Facilita a decisão de compra agrupando serviços em ofertas claras.","pilot_eligible"
"TPL-163","7","Advocacia Previdenciária e Trabalhista","Advocacia Nossa História & Propósito","tpl-adv-prev-historia-e-proposito","Website Institucional","Conexão Emocional e Alinhamento de Valores","Clientes que valorizam a missão e reputação da empresa","Fazer Parte da Nossa História","hero -> about -> process -> team -> contact -> footer","HeroBlock;AboutBlock;ProcessBlock;TeamBlock;ContactBlock;FooterBlock","NONE","headline,subheadline,story_text,stat_number,stat_label,process_steps,team_members,contact_info,copyright_text","Narrativa em linha do tempo com fotografias institucionais","Secção About com bloco de estatísticas e imagens de bastidores","Constrói lealdade de longo prazo mostrando a trajetória e propósito do negócio.","pilot_eligible"
"TPL-164","7","Advocacia Previdenciária e Trabalhista","Advocacia Jornada do Cliente","tpl-adv-prev-solucao-passo-a-passo","Landing Educacional","Desmistificar o Processo de Prestação do Serviço","Clientes receosos quanto à complexidade do serviço","Iniciar Minha Jornada","hero -> process -> services -> testimonials -> form -> footer","HeroBlock;ProcessBlock;ServicesBlock;TestimonialsBlock;FormBlock;FooterBlock","NONE","headline,subheadline,process_steps,services_cards,testimonials_list,form_fields,copyright_text","Fluxo numérico progressivo (Passo 1, 2, 3) bem marcado","Infográfico do processo de 4 passos com conectores visuais","Reduz a ansiedade do cliente mostrando exatamente o que acontece em cada fase.","pilot_eligible"
"TPL-165","7","Advocacia Previdenciária e Trabalhista","Advocacia Oferta de Boas-Vindas","tpl-adv-prev-primeira-visita-especial","Landing Page Direta","Captação de Novos Clientes com Condição Especial","Público que nunca utilizou os serviços da empresa","Garantir Oferta de Boas-Vindas","hero -> benefits -> form -> testimonials -> footer","HeroBlock;BenefitsBlock;FormBlock;TestimonialsBlock;FooterBlock","NONE","headline,subheadline,badge_text,benefits_items,form_fields,testimonials_list,copyright_text","Badge destacado de oferta exclusiva no Hero","Hero com selo de Boas-Vindas e formulário de inscrição direta","Incentiva a experiência inicial através de um incentivo exclusivo para novos clientes.","pilot_eligible"
"TPL-166","7","Advocacia Previdenciária e Trabalhista","Advocacia Sales Page VSL Longa","tpl-adv-prev-vsl-video-sales-page","Sales Page Longa","Conversão via Vídeo de Vendas (VSL) e Pitch Estruturado","Leads de tráfego frio preparados por apresentação em vídeo","Garantir Vaga no Programa","hero_vsl -> benefits -> testimonials -> faq -> footer","BenefitsBlock;TestimonialsBlock;FaqBlock;FooterBlock","HeroVslBlock","headline,video_url,cta_primary_text,benefits_items,testimonials_list,faq_items,copyright_text","Container de vídeo centralizado com foco total na apresentação VSL","Player de vídeo VSL em topo escuro e botão CTA revelado abaixo","Focado em conversão audiovisual para infoprodutos e mentorias de alto valor.","blocked_by_node_registry"
"TPL-167","7","Advocacia Previdenciária e Trabalhista","Advocacia Planos & Tabela de Pricing","tpl-adv-prev-tabela-de-precos-saas","Produto / Demo / Trial","Seleção de Planos Mensais/Anuais e Free Trial","Decisores de compra avaliando pacotes e limites de software","Assinar Plano Selecionado","hero -> pricing_table -> benefits -> faq -> footer","HeroBlock;BenefitsBlock;FaqBlock;FooterBlock","PricingTableBlock","headline,subheadline,pricing_plans,features_comparison,faq_items,copyright_text","Cartões de preços comparativos com alternador Mensal/Anual","Grelha de 3 planos de preços com destaque para o plano recomendado","Transparência total de preços e funcionalidades para SaaS e assinaturas.","blocked_by_node_registry"
"TPL-168","7","Advocacia Previdenciária e Trabalhista","Advocacia Mostra de Portfólio & Projetos","tpl-adv-prev-galeria-portfolio-projetos","Website/Portfólio","Exibição Visual de Projetos Concluídos","Clientes de alto padrão avaliando qualidade estética e acabamento","Solicitar Projeto Semelhante","hero -> gallery_grid -> process -> contact -> footer","HeroBlock;ProcessBlock;ContactBlock;FooterBlock","GalleryGridBlock","headline,subheadline,gallery_images,project_categories,contact_info,copyright_text","Grelha masonry de alta resolução com lightbox interativo","Galeria visual de projetos com filtros por categoria","Demonstra a excelência técnica através do trabalho visualmente concluído.","blocked_by_node_registry"
"TPL-169","7","Advocacia Previdenciária e Trabalhista","Advocacia Calculadora Interativa de Cotação","tpl-adv-prev-simulador-calculadora-cotacao","Landing de Cotação","Estimativa Interativa em Tempo Real pelo Cliente","Clientes que desejam calcular o investimento aproximado","Enviar Resultado da Simulação","hero -> interactive_calculator -> form -> faq -> footer","HeroBlock;FormBlock;FaqBlock;FooterBlock","CalculatorBlock","headline,subheadline,calculator_fields,form_fields,faq_items,copyright_text","Sliders e seletores interativos com valor total calculado em tempo real","Calculadora interativa com controles deslizantes e resultado estimado","Engaja o utilizador permitindo simular o valor exato da sua necessidade.","blocked_by_node_registry"
"TPL-170","7","Advocacia Previdenciária e Trabalhista","Advocacia Agendador com Calendário Ao Vivo","tpl-adv-prev-calendario-agendamento-online","Landing de Marcações","Reserva Direta de Data e Horário em Agenda Integrada","Clientes que preferem selecionar o dia e hora no momento","Confirmar Data e Horário","hero -> booking_calendar -> testimonials -> footer","HeroBlock;TestimonialsBlock;FooterBlock","BookingCalendarBlock","headline,subheadline,available_slots,testimonials_list,copyright_text","Calendário interativo com escolha de horário em tempo real","Widget de calendário mensal com seleção de slots de horário","Elimina trocas de mensagens agendando a reunião/consulta diretamente.","blocked_by_node_registry"
"TPL-171","7","Advocacia Previdenciária e Trabalhista","Advocacia Comparativo de Soluções B2B","tpl-adv-prev-tabela-comparativa-recursos","Produto / Demo / Trial","Demonstração de Superioridade em Relação a Alternativas","Compradores B2B comparando concorrentes e funcionalidades","Escolher a Solução Líder","hero -> comparison_table -> benefits -> form -> footer","HeroBlock;BenefitsBlock;FormBlock;FooterBlock","ComparisonTableBlock","headline,subheadline,comparison_matrix,benefits_items,form_fields,copyright_text","Tabela comparativa com marcas de verificação (checkmarks) e destaques","Tabela comparativa matricial com a empresa destacada na 1ª coluna","Prova a vantagem competitiva de forma transparente através de matriz de recursos.","blocked_by_node_registry"
"TPL-172","7","Advocacia Previdenciária e Trabalhista","Advocacia Catálogo Filtrável de Soluções","tpl-adv-prev-catalogo-com-filtros-avancados","Website/Portfólio","Navegação por Granularidade de Nichos e Equipamentos","Clientes B2B buscando especificações técnicas detalhadas","Solicitar Ficha Técnica e Cotação","hero -> filtered_catalog -> contact -> footer","HeroBlock;ContactBlock;FooterBlock","FilteredCatalogBlock","headline,subheadline,catalog_items,filter_categories,contact_info,copyright_text","Filtros por categoria no topo e cartões com badges técnicos","Barra de filtros de produtos e grelha de resultados organizados","Facilita a busca em inventários extensos de serviços ou equipamentos.","blocked_by_node_registry"
"TPL-173","7","Advocacia Previdenciária e Trabalhista","Advocacia Experiência Virtual & Espaço","tpl-adv-prev-tour-virtual-galeria-360","Captação e Reserva","Apresentação Imersiva de Ambientes e Instalações","Noivas, organizadores de eventos e clientes de imobiliário","Agendar Visita Presencial","hero -> virtual_tour -> testimonials -> form -> footer","HeroBlock;TestimonialsBlock;FormBlock;FooterBlock","VirtualTourBlock","headline,subheadline,embed_tour_url,testimonials_list,form_fields,copyright_text","Visualizador panorâmico imersivo com botões de navegação","Preview de tour virtual 360 com ícone de navegação interativa","Encanta o cliente mostrando o espaço físico em alta definição antes da visita.","blocked_by_node_registry"
"TPL-174","7","Advocacia Previdenciária e Trabalhista","Advocacia Linha do Tempo & Tradição","tpl-adv-prev-linha-do-tempo-historica","Website Institucional","Demonstração de Tradição, Anos de Mercado e Milestones","Grandes contas corporativas buscando estabilidade e tradição","Falar com Nossa Gestão","hero -> timeline_history -> team -> contact -> footer","HeroBlock;TeamBlock;ContactBlock;FooterBlock","TimelineHistoryBlock","headline,subheadline,timeline_events,team_members,contact_info,copyright_text","Linha vertical cronológica com pontos de destaque históricos","Linha do tempo interativa marcando anos e conquistas da empresa","Transmite solidez e confiança comprovando anos de atuação no mercado.","blocked_by_node_registry"
"TPL-175","7","Advocacia Previdenciária e Trabalhista","Advocacia Cardápio Interativo & Menus","tpl-adv-prev-menu-degustacao-cardapio","Captação e Reserva","Apresentação de Opções de Menus e Buffets para Eventos","Organizadores de eventos e noivos escolhendo gastronomia","Solicitar Degustação do Cardápio","hero -> interactive_menu -> testimonials -> form -> footer","HeroBlock;TestimonialsBlock;FormBlock;FooterBlock","InteractiveMenuBlock","headline,subheadline,menu_categories,testimonials_list,form_fields,copyright_text","Abas organizadas por pratos (Entradas, Principais, Sobremesas) com fotos","Cardápio em abas estilizadas com imagens de gastronomia","Estimula o desejo gastronómico apresentando os menus de forma elegante.","blocked_by_node_registry"
"TPL-176","8","Advocacia Empresarial e Tributária","Advocacia Direct Ads Express","tpl-adv-corp-ads-captura-rapida","Landing Page Direta","Captura Imediata de Leads Google/Meta Ads","Pacientes/clientes urgentes em busca de atendimento direto","Solicitar Atendimento Imediato","hero -> form -> benefits -> testimonials -> footer","HeroBlock;FormBlock;BenefitsBlock;TestimonialsBlock;FooterBlock","NONE","headline,subheadline,badge_text,form_fields,submit_button_text,benefits_list,testimonials_list,copyright_text","Clean responsivo com destaque para formulário de conversão direta","Renderização do formulário em topo claro e CTA com contraste","Foco exclusivo em conversão de fundo de funil com formulário acima da dobra e sem fuga.","pilot_eligible"
"TPL-177","8","Advocacia Empresarial e Tributária","Advocacia Agendamento VIP","tpl-adv-corp-agendamento-consulta-vip","Landing de Marcações","Agendamento Direct de Primeira Consulta","Clientes qualificados procurando atendimento exclusivo","Agendar Consulta VIP","hero -> services -> process -> testimonials -> contact -> footer","HeroBlock;ServicesBlock;ProcessBlock;TestimonialsBlock;ContactBlock;FooterBlock","NONE","headline,subheadline,badge_text,services_cards,process_steps,testimonials_list,contact_info,copyright_text","Tom premium com cartões espaçados e etapas do processo ilustradas","Hero com destaque de especialidades e botão de agendamento em destaque","Apresenta a jornada de atendimento passo a passo para gerar confiança no agendamento.","pilot_eligible"
"TPL-178","8","Advocacia Empresarial e Tributária","Advocacia Institucional Autoridade","tpl-adv-corp-institucional-autoridade","Website Institucional","Construção de Autoridade de Marca e Apresentação de Equipa","Clientes corporativos e parceiros estratégicos","Conhecer Soluções da Empresa","hero -> about -> services -> team -> contact -> footer","HeroBlock;AboutBlock;ServicesBlock;TeamBlock;ContactBlock;FooterBlock","NONE","headline,subheadline,story_text,stat_number,stat_label,services_cards,team_members,contact_info,copyright_text","Design corporativo sóbrio com tipografia forte e fotos da equipa","Preview da secção de história e griha de membros da equipa","Posiciona o negócio como líder de mercado através da história e equipa médica/profissional.","pilot_eligible"
"TPL-179","8","Advocacia Empresarial e Tributária","Advocacia Cotação Express","tpl-adv-corp-cotacao-progressiva-express","Landing de Cotação","Solicitação de Orçamento com Dados Iniciais","Compradores buscando estimativa rápida de investimento","Pedir Orçamento Gratuito","hero -> benefits -> form -> faq -> footer","HeroBlock;BenefitsBlock;FormBlock;FaqBlock;FooterBlock","NONE","headline,subheadline,benefits_items,form_fields,submit_button_text,faq_items,copyright_text","Foco em clareza de benefícios antes de expor os campos de orçamento","Captura destacando cartões de diferenciais e formulário de orçamento","Elimina objeções de preço respondendo perguntas frequentes antes do pedido de cotação.","pilot_eligible"
"TPL-180","8","Advocacia Empresarial e Tributária","Advocacia Catálogo de Especialidades","tpl-adv-corp-procedimentos-especializados","Landing de Serviços","Apresentação Detalhada do Portfólio de Serviços","Público que procura soluções técnicas específicas","Consultar Especialista","hero -> services -> benefits -> process -> form -> footer","HeroBlock;ServicesBlock;BenefitsBlock;ProcessBlock;FormBlock;FooterBlock","NONE","headline,subheadline,services_cards,benefits_items,process_steps,form_fields,copyright_text","Grelha modular de serviços com ícones e marcadores técnicos","Visão geral do catálogo de serviços em grelha 3 colunas","Organiza serviços complexos de forma modular e clara para facilidade de navegação.","pilot_eligible"
"TPL-181","8","Advocacia Empresarial e Tributária","Advocacia Casos & Prova Social","tpl-adv-corp-prova-social-intensa","Landing Page Direta","Conversão Baseada em Depoimentos e Prova de Confiança","Clientes indecisos que necessitam de validação de terceiros","Ver Resultados e Agendar","hero -> testimonials -> benefits -> faq -> contact -> footer","HeroBlock;TestimonialsBlock;BenefitsBlock;FaqBlock;ContactBlock;FooterBlock","NONE","headline,subheadline,testimonials_list,benefits_items,faq_items,contact_info,copyright_text","Estilo visual focado em cartões de avaliações com estrelas e avatares","Secção Hero integrada com avaliações 5 estrelas em destaque","Utiliza o gatilho da prova social em posição de destaque máximo para quebrar desconfiança.","pilot_eligible"
"TPL-182","8","Advocacia Empresarial e Tributária","Advocacia Diagnóstico Gratuito","tpl-adv-corp-diagnostico-inicial-gratuito","Landing Page Direta","Captação de Leads via Oferta de Diagnóstico sem Custo","Clientes em fase de descoberta que procuram avaliação inicial","Solicitar Diagnóstico sem Custo","hero -> process -> benefits -> form -> footer","HeroBlock;ProcessBlock;BenefitsBlock;FormBlock;FooterBlock","NONE","headline,subheadline,process_steps,benefits_items,form_fields,copyright_text","Cores de alta energia e badges explicativos do diagnóstico","Hero com badge de Diagnóstico Gratuito e formulário em destaque","Reduz a barreira de entrada oferecendo uma avaliação sem compromisso financeiro.","pilot_eligible"
"TPL-183","8","Advocacia Empresarial e Tributária","Advocacia Plantão & Atendimento Rápido","tpl-adv-corp-atendimento-urgencia-24h","Landing Page Direta","Conversão Urgente para Casos Imediatos","Público com necessidade urgente ou atendimento emergencial","Falar com Atendimento Rápido","hero -> contact -> services -> faq -> footer","HeroBlock;ContactBlock;ServicesBlock;FaqBlock;FooterBlock","NONE","headline,subheadline,phone,email,address,services_cards,faq_items,copyright_text","Layout de alta visibilidade com botão telefónico/WhatsApp de destaque imediato","Hero com botões de contacto direto e mapa de localização rápida","Focado em resolução imediata com telefone e mapa acessíveis sem rolagem.","pilot_eligible"
"TPL-184","8","Advocacia Empresarial e Tributária","Advocacia Guia de Esclarecimento & FAQ","tpl-adv-corp-duvidas-e-faq-interativo","Landing Educacional","Captação via Esclarecimento de Dúvidas Técnicas","Clientes que pesquisam objeções antes de contratar","Tirar Minha Dúvida com Especialista","hero -> faq -> benefits -> form -> footer","HeroBlock;FaqBlock;BenefitsBlock;FormBlock;FooterBlock","NONE","headline,subheadline,faq_items,benefits_items,form_fields,copyright_text","Accordion limpo com boa legibilidade e tipografia contrastante","Secção de perguntas frequentes em destaque com busca visual","Resolve objeções complexas antecipadamente para converter tráfego qualificado.","pilot_eligible"
"TPL-185","8","Advocacia Empresarial e Tributária","Advocacia Equipa & Corpo Clínico/Técnico","tpl-adv-corp-equipa-e-corpo-tecnico","Website Institucional","Apresentação de Credenciais e Especialistas","Clientes que escolhem profissionais por currículo e autoridade","Marcar com Nossos Especialistas","hero -> team -> about -> services -> contact -> footer","HeroBlock;TeamBlock;AboutBlock;ServicesBlock;ContactBlock;FooterBlock","NONE","headline,subheadline,team_members,story_text,services_cards,contact_info,copyright_text","Grelha elegante de perfis profissionais com bios detalhadas","Cartões de equipa com fotos profissionais e bios curtas","Foco no fator humano e nas credenciais individuais da equipa para passar segurança.","pilot_eligible"
"TPL-186","8","Advocacia Empresarial e Tributária","Advocacia Unidades & Mapa Local","tpl-adv-corp-localizacao-e-unidades","Landing Local","Atração de Clientes Locais por Proximidade Geográfica","Moradores/empresas da região geográfica de atendimento","Ver Rota e Agendar Visita","hero -> contact -> services -> testimonials -> footer","HeroBlock;ContactBlock;ServicesBlock;TestimonialsBlock;FooterBlock","NONE","headline,subheadline,google_maps_url,address,phone,services_cards,testimonials_list,copyright_text","Destaque visual para o mapa interativo e informações de endereço","Secção de contacto com mapa integrado e horários de funcionamento","Foco total em busca local e facilidade de localização geográfica.","pilot_eligible"
"TPL-187","8","Advocacia Empresarial e Tributária","Advocacia Apresentação de Pacotes","tpl-adv-corp-pacotes-e-condicoes","Landing de Vendas","Conversão para Pacotes Estruturados de Serviços","Clientes interessados em combos e condições especiais","Escolher Meu Pacote","hero -> services -> benefits -> form -> faq -> footer","HeroBlock;ServicesBlock;BenefitsBlock;FormBlock;FaqBlock;FooterBlock","NONE","headline,subheadline,services_cards,benefits_items,form_fields,faq_items,copyright_text","Grelha de pacotes com marcadores visuais do mais popular","Grelha de serviços formatada como cartões de pacotes","Facilita a decisão de compra agrupando serviços em ofertas claras.","pilot_eligible"
"TPL-188","8","Advocacia Empresarial e Tributária","Advocacia Nossa História & Propósito","tpl-adv-corp-historia-e-proposito","Website Institucional","Conexão Emocional e Alinhamento de Valores","Clientes que valorizam a missão e reputação da empresa","Fazer Parte da Nossa História","hero -> about -> process -> team -> contact -> footer","HeroBlock;AboutBlock;ProcessBlock;TeamBlock;ContactBlock;FooterBlock","NONE","headline,subheadline,story_text,stat_number,stat_label,process_steps,team_members,contact_info,copyright_text","Narrativa em linha do tempo com fotografias institucionais","Secção About com bloco de estatísticas e imagens de bastidores","Constrói lealdade de longo prazo mostrando a trajetória e propósito do negócio.","pilot_eligible"
"TPL-189","8","Advocacia Empresarial e Tributária","Advocacia Jornada do Cliente","tpl-adv-corp-solucao-passo-a-passo","Landing Educacional","Desmistificar o Processo de Prestação do Serviço","Clientes receosos quanto à complexidade do serviço","Iniciar Minha Jornada","hero -> process -> services -> testimonials -> form -> footer","HeroBlock;ProcessBlock;ServicesBlock;TestimonialsBlock;FormBlock;FooterBlock","NONE","headline,subheadline,process_steps,services_cards,testimonials_list,form_fields,copyright_text","Fluxo numérico progressivo (Passo 1, 2, 3) bem marcado","Infográfico do processo de 4 passos com conectores visuais","Reduz a ansiedade do cliente mostrando exatamente o que acontece em cada fase.","pilot_eligible"
"TPL-190","8","Advocacia Empresarial e Tributária","Advocacia Oferta de Boas-Vindas","tpl-adv-corp-primeira-visita-especial","Landing Page Direta","Captação de Novos Clientes com Condição Especial","Público que nunca utilizou os serviços da empresa","Garantir Oferta de Boas-Vindas","hero -> benefits -> form -> testimonials -> footer","HeroBlock;BenefitsBlock;FormBlock;TestimonialsBlock;FooterBlock","NONE","headline,subheadline,badge_text,benefits_items,form_fields,testimonials_list,copyright_text","Badge destacado de oferta exclusiva no Hero","Hero com selo de Boas-Vindas e formulário de inscrição direta","Incentiva a experiência inicial através de um incentivo exclusivo para novos clientes.","pilot_eligible"
"TPL-191","8","Advocacia Empresarial e Tributária","Advocacia Sales Page VSL Longa","tpl-adv-corp-vsl-video-sales-page","Sales Page Longa","Conversão via Vídeo de Vendas (VSL) e Pitch Estruturado","Leads de tráfego frio preparados por apresentação em vídeo","Garantir Vaga no Programa","hero_vsl -> benefits -> testimonials -> faq -> footer","BenefitsBlock;TestimonialsBlock;FaqBlock;FooterBlock","HeroVslBlock","headline,video_url,cta_primary_text,benefits_items,testimonials_list,faq_items,copyright_text","Container de vídeo centralizado com foco total na apresentação VSL","Player de vídeo VSL em topo escuro e botão CTA revelado abaixo","Focado em conversão audiovisual para infoprodutos e mentorias de alto valor.","blocked_by_node_registry"
"TPL-192","8","Advocacia Empresarial e Tributária","Advocacia Planos & Tabela de Pricing","tpl-adv-corp-tabela-de-precos-saas","Produto / Demo / Trial","Seleção de Planos Mensais/Anuais e Free Trial","Decisores de compra avaliando pacotes e limites de software","Assinar Plano Selecionado","hero -> pricing_table -> benefits -> faq -> footer","HeroBlock;BenefitsBlock;FaqBlock;FooterBlock","PricingTableBlock","headline,subheadline,pricing_plans,features_comparison,faq_items,copyright_text","Cartões de preços comparativos com alternador Mensal/Anual","Grelha de 3 planos de preços com destaque para o plano recomendado","Transparência total de preços e funcionalidades para SaaS e assinaturas.","blocked_by_node_registry"
"TPL-193","8","Advocacia Empresarial e Tributária","Advocacia Mostra de Portfólio & Projetos","tpl-adv-corp-galeria-portfolio-projetos","Website/Portfólio","Exibição Visual de Projetos Concluídos","Clientes de alto padrão avaliando qualidade estética e acabamento","Solicitar Projeto Semelhante","hero -> gallery_grid -> process -> contact -> footer","HeroBlock;ProcessBlock;ContactBlock;FooterBlock","GalleryGridBlock","headline,subheadline,gallery_images,project_categories,contact_info,copyright_text","Grelha masonry de alta resolução com lightbox interativo","Galeria visual de projetos com filtros por categoria","Demonstra a excelência técnica através do trabalho visualmente concluído.","blocked_by_node_registry"
"TPL-194","8","Advocacia Empresarial e Tributária","Advocacia Calculadora Interativa de Cotação","tpl-adv-corp-simulador-calculadora-cotacao","Landing de Cotação","Estimativa Interativa em Tempo Real pelo Cliente","Clientes que desejam calcular o investimento aproximado","Enviar Resultado da Simulação","hero -> interactive_calculator -> form -> faq -> footer","HeroBlock;FormBlock;FaqBlock;FooterBlock","CalculatorBlock","headline,subheadline,calculator_fields,form_fields,faq_items,copyright_text","Sliders e seletores interativos com valor total calculado em tempo real","Calculadora interativa com controles deslizantes e resultado estimado","Engaja o utilizador permitindo simular o valor exato da sua necessidade.","blocked_by_node_registry"
"TPL-195","8","Advocacia Empresarial e Tributária","Advocacia Agendador com Calendário Ao Vivo","tpl-adv-corp-calendario-agendamento-online","Landing de Marcações","Reserva Direta de Data e Horário em Agenda Integrada","Clientes que preferem selecionar o dia e hora no momento","Confirmar Data e Horário","hero -> booking_calendar -> testimonials -> footer","HeroBlock;TestimonialsBlock;FooterBlock","BookingCalendarBlock","headline,subheadline,available_slots,testimonials_list,copyright_text","Calendário interativo com escolha de horário em tempo real","Widget de calendário mensal com seleção de slots de horário","Elimina trocas de mensagens agendando a reunião/consulta diretamente.","blocked_by_node_registry"
"TPL-196","8","Advocacia Empresarial e Tributária","Advocacia Comparativo de Soluções B2B","tpl-adv-corp-tabela-comparativa-recursos","Produto / Demo / Trial","Demonstração de Superioridade em Relação a Alternativas","Compradores B2B comparando concorrentes e funcionalidades","Escolher a Solução Líder","hero -> comparison_table -> benefits -> form -> footer","HeroBlock;BenefitsBlock;FormBlock;FooterBlock","ComparisonTableBlock","headline,subheadline,comparison_matrix,benefits_items,form_fields,copyright_text","Tabela comparativa com marcas de verificação (checkmarks) e destaques","Tabela comparativa matricial com a empresa destacada na 1ª coluna","Prova a vantagem competitiva de forma transparente através de matriz de recursos.","blocked_by_node_registry"
"TPL-197","8","Advocacia Empresarial e Tributária","Advocacia Catálogo Filtrável de Soluções","tpl-adv-corp-catalogo-com-filtros-avancados","Website/Portfólio","Navegação por Granularidade de Nichos e Equipamentos","Clientes B2B buscando especificações técnicas detalhadas","Solicitar Ficha Técnica e Cotação","hero -> filtered_catalog -> contact -> footer","HeroBlock;ContactBlock;FooterBlock","FilteredCatalogBlock","headline,subheadline,catalog_items,filter_categories,contact_info,copyright_text","Filtros por categoria no topo e cartões com badges técnicos","Barra de filtros de produtos e grelha de resultados organizados","Facilita a busca em inventários extensos de serviços ou equipamentos.","blocked_by_node_registry"
"TPL-198","8","Advocacia Empresarial e Tributária","Advocacia Experiência Virtual & Espaço","tpl-adv-corp-tour-virtual-galeria-360","Captação e Reserva","Apresentação Imersiva de Ambientes e Instalações","Noivas, organizadores de eventos e clientes de imobiliário","Agendar Visita Presencial","hero -> virtual_tour -> testimonials -> form -> footer","HeroBlock;TestimonialsBlock;FormBlock;FooterBlock","VirtualTourBlock","headline,subheadline,embed_tour_url,testimonials_list,form_fields,copyright_text","Visualizador panorâmico imersivo com botões de navegação","Preview de tour virtual 360 com ícone de navegação interativa","Encanta o cliente mostrando o espaço físico em alta definição antes da visita.","blocked_by_node_registry"
"TPL-199","8","Advocacia Empresarial e Tributária","Advocacia Linha do Tempo & Tradição","tpl-adv-corp-linha-do-tempo-historica","Website Institucional","Demonstração de Tradição, Anos de Mercado e Milestones","Grandes contas corporativas buscando estabilidade e tradição","Falar com Nossa Gestão","hero -> timeline_history -> team -> contact -> footer","HeroBlock;TeamBlock;ContactBlock;FooterBlock","TimelineHistoryBlock","headline,subheadline,timeline_events,team_members,contact_info,copyright_text","Linha vertical cronológica com pontos de destaque históricos","Linha do tempo interativa marcando anos e conquistas da empresa","Transmite solidez e confiança comprovando anos de atuação no mercado.","blocked_by_node_registry"
"TPL-200","8","Advocacia Empresarial e Tributária","Advocacia Cardápio Interativo & Menus","tpl-adv-corp-menu-degustacao-cardapio","Captação e Reserva","Apresentação de Opções de Menus e Buffets para Eventos","Organizadores de eventos e noivos escolhendo gastronomia","Solicitar Degustação do Cardápio","hero -> interactive_menu -> testimonials -> form -> footer","HeroBlock;TestimonialsBlock;FormBlock;FooterBlock","InteractiveMenuBlock","headline,subheadline,menu_categories,testimonials_list,form_fields,copyright_text","Abas organizadas por pratos (Entradas, Principais, Sobremesas) com fotos","Cardápio em abas estilizadas com imagens de gastronomia","Estimula o desejo gastronómico apresentando os menus de forma elegante.","blocked_by_node_registry"
"TPL-201","9","Contabilidade e BPO Financeiro","Contabilidade Direct Ads Express","tpl-contab-ads-captura-rapida","Landing Page Direta","Captura Imediata de Leads Google/Meta Ads","Pacientes/clientes urgentes em busca de atendimento direto","Solicitar Atendimento Imediato","hero -> form -> benefits -> testimonials -> footer","HeroBlock;FormBlock;BenefitsBlock;TestimonialsBlock;FooterBlock","NONE","headline,subheadline,badge_text,form_fields,submit_button_text,benefits_list,testimonials_list,copyright_text","Clean responsivo com destaque para formulário de conversão direta","Renderização do formulário em topo claro e CTA com contraste","Foco exclusivo em conversão de fundo de funil com formulário acima da dobra e sem fuga.","pilot_eligible"
"TPL-202","9","Contabilidade e BPO Financeiro","Contabilidade Agendamento VIP","tpl-contab-agendamento-consulta-vip","Landing de Marcações","Agendamento Direct de Primeira Consulta","Clientes qualificados procurando atendimento exclusivo","Agendar Consulta VIP","hero -> services -> process -> testimonials -> contact -> footer","HeroBlock;ServicesBlock;ProcessBlock;TestimonialsBlock;ContactBlock;FooterBlock","NONE","headline,subheadline,badge_text,services_cards,process_steps,testimonials_list,contact_info,copyright_text","Tom premium com cartões espaçados e etapas do processo ilustradas","Hero com destaque de especialidades e botão de agendamento em destaque","Apresenta a jornada de atendimento passo a passo para gerar confiança no agendamento.","pilot_eligible"
"TPL-203","9","Contabilidade e BPO Financeiro","Contabilidade Institucional Autoridade","tpl-contab-institucional-autoridade","Website Institucional","Construção de Autoridade de Marca e Apresentação de Equipa","Clientes corporativos e parceiros estratégicos","Conhecer Soluções da Empresa","hero -> about -> services -> team -> contact -> footer","HeroBlock;AboutBlock;ServicesBlock;TeamBlock;ContactBlock;FooterBlock","NONE","headline,subheadline,story_text,stat_number,stat_label,services_cards,team_members,contact_info,copyright_text","Design corporativo sóbrio com tipografia forte e fotos da equipa","Preview da secção de história e griha de membros da equipa","Posiciona o negócio como líder de mercado através da história e equipa médica/profissional.","pilot_eligible"
"TPL-204","9","Contabilidade e BPO Financeiro","Contabilidade Cotação Express","tpl-contab-cotacao-progressiva-express","Landing de Cotação","Solicitação de Orçamento com Dados Iniciais","Compradores buscando estimativa rápida de investimento","Pedir Orçamento Gratuito","hero -> benefits -> form -> faq -> footer","HeroBlock;BenefitsBlock;FormBlock;FaqBlock;FooterBlock","NONE","headline,subheadline,benefits_items,form_fields,submit_button_text,faq_items,copyright_text","Foco em clareza de benefícios antes de expor os campos de orçamento","Captura destacando cartões de diferenciais e formulário de orçamento","Elimina objeções de preço respondendo perguntas frequentes antes do pedido de cotação.","pilot_eligible"
"TPL-205","9","Contabilidade e BPO Financeiro","Contabilidade Catálogo de Especialidades","tpl-contab-procedimentos-especializados","Landing de Serviços","Apresentação Detalhada do Portfólio de Serviços","Público que procura soluções técnicas específicas","Consultar Especialista","hero -> services -> benefits -> process -> form -> footer","HeroBlock;ServicesBlock;BenefitsBlock;ProcessBlock;FormBlock;FooterBlock","NONE","headline,subheadline,services_cards,benefits_items,process_steps,form_fields,copyright_text","Grelha modular de serviços com ícones e marcadores técnicos","Visão geral do catálogo de serviços em grelha 3 colunas","Organiza serviços complexos de forma modular e clara para facilidade de navegação.","pilot_eligible"
"TPL-206","9","Contabilidade e BPO Financeiro","Contabilidade Casos & Prova Social","tpl-contab-prova-social-intensa","Landing Page Direta","Conversão Baseada em Depoimentos e Prova de Confiança","Clientes indecisos que necessitam de validação de terceiros","Ver Resultados e Agendar","hero -> testimonials -> benefits -> faq -> contact -> footer","HeroBlock;TestimonialsBlock;BenefitsBlock;FaqBlock;ContactBlock;FooterBlock","NONE","headline,subheadline,testimonials_list,benefits_items,faq_items,contact_info,copyright_text","Estilo visual focado em cartões de avaliações com estrelas e avatares","Secção Hero integrada com avaliações 5 estrelas em destaque","Utiliza o gatilho da prova social em posição de destaque máximo para quebrar desconfiança.","pilot_eligible"
"TPL-207","9","Contabilidade e BPO Financeiro","Contabilidade Diagnóstico Gratuito","tpl-contab-diagnostico-inicial-gratuito","Landing Page Direta","Captação de Leads via Oferta de Diagnóstico sem Custo","Clientes em fase de descoberta que procuram avaliação inicial","Solicitar Diagnóstico sem Custo","hero -> process -> benefits -> form -> footer","HeroBlock;ProcessBlock;BenefitsBlock;FormBlock;FooterBlock","NONE","headline,subheadline,process_steps,benefits_items,form_fields,copyright_text","Cores de alta energia e badges explicativos do diagnóstico","Hero com badge de Diagnóstico Gratuito e formulário em destaque","Reduz a barreira de entrada oferecendo uma avaliação sem compromisso financeiro.","pilot_eligible"
"TPL-208","9","Contabilidade e BPO Financeiro","Contabilidade Plantão & Atendimento Rápido","tpl-contab-atendimento-urgencia-24h","Landing Page Direta","Conversão Urgente para Casos Imediatos","Público com necessidade urgente ou atendimento emergencial","Falar com Atendimento Rápido","hero -> contact -> services -> faq -> footer","HeroBlock;ContactBlock;ServicesBlock;FaqBlock;FooterBlock","NONE","headline,subheadline,phone,email,address,services_cards,faq_items,copyright_text","Layout de alta visibilidade com botão telefónico/WhatsApp de destaque imediato","Hero com botões de contacto direto e mapa de localização rápida","Focado em resolução imediata com telefone e mapa acessíveis sem rolagem.","pilot_eligible"
"TPL-209","9","Contabilidade e BPO Financeiro","Contabilidade Guia de Esclarecimento & FAQ","tpl-contab-duvidas-e-faq-interativo","Landing Educacional","Captação via Esclarecimento de Dúvidas Técnicas","Clientes que pesquisam objeções antes de contratar","Tirar Minha Dúvida com Especialista","hero -> faq -> benefits -> form -> footer","HeroBlock;FaqBlock;BenefitsBlock;FormBlock;FooterBlock","NONE","headline,subheadline,faq_items,benefits_items,form_fields,copyright_text","Accordion limpo com boa legibilidade e tipografia contrastante","Secção de perguntas frequentes em destaque com busca visual","Resolve objeções complexas antecipadamente para converter tráfego qualificado.","pilot_eligible"
"TPL-210","9","Contabilidade e BPO Financeiro","Contabilidade Equipa & Corpo Clínico/Técnico","tpl-contab-equipa-e-corpo-tecnico","Website Institucional","Apresentação de Credenciais e Especialistas","Clientes que escolhem profissionais por currículo e autoridade","Marcar com Nossos Especialistas","hero -> team -> about -> services -> contact -> footer","HeroBlock;TeamBlock;AboutBlock;ServicesBlock;ContactBlock;FooterBlock","NONE","headline,subheadline,team_members,story_text,services_cards,contact_info,copyright_text","Grelha elegante de perfis profissionais com bios detalhadas","Cartões de equipa com fotos profissionais e bios curtas","Foco no fator humano e nas credenciais individuais da equipa para passar segurança.","pilot_eligible"
"TPL-211","9","Contabilidade e BPO Financeiro","Contabilidade Unidades & Mapa Local","tpl-contab-localizacao-e-unidades","Landing Local","Atração de Clientes Locais por Proximidade Geográfica","Moradores/empresas da região geográfica de atendimento","Ver Rota e Agendar Visita","hero -> contact -> services -> testimonials -> footer","HeroBlock;ContactBlock;ServicesBlock;TestimonialsBlock;FooterBlock","NONE","headline,subheadline,google_maps_url,address,phone,services_cards,testimonials_list,copyright_text","Destaque visual para o mapa interativo e informações de endereço","Secção de contacto com mapa integrado e horários de funcionamento","Foco total em busca local e facilidade de localização geográfica.","pilot_eligible"
"TPL-212","9","Contabilidade e BPO Financeiro","Contabilidade Apresentação de Pacotes","tpl-contab-pacotes-e-condicoes","Landing de Vendas","Conversão para Pacotes Estruturados de Serviços","Clientes interessados em combos e condições especiais","Escolher Meu Pacote","hero -> services -> benefits -> form -> faq -> footer","HeroBlock;ServicesBlock;BenefitsBlock;FormBlock;FaqBlock;FooterBlock","NONE","headline,subheadline,services_cards,benefits_items,form_fields,faq_items,copyright_text","Grelha de pacotes com marcadores visuais do mais popular","Grelha de serviços formatada como cartões de pacotes","Facilita a decisão de compra agrupando serviços em ofertas claras.","pilot_eligible"
"TPL-213","9","Contabilidade e BPO Financeiro","Contabilidade Nossa História & Propósito","tpl-contab-historia-e-proposito","Website Institucional","Conexão Emocional e Alinhamento de Valores","Clientes que valorizam a missão e reputação da empresa","Fazer Parte da Nossa História","hero -> about -> process -> team -> contact -> footer","HeroBlock;AboutBlock;ProcessBlock;TeamBlock;ContactBlock;FooterBlock","NONE","headline,subheadline,story_text,stat_number,stat_label,process_steps,team_members,contact_info,copyright_text","Narrativa em linha do tempo com fotografias institucionais","Secção About com bloco de estatísticas e imagens de bastidores","Constrói lealdade de longo prazo mostrando a trajetória e propósito do negócio.","pilot_eligible"
"TPL-214","9","Contabilidade e BPO Financeiro","Contabilidade Jornada do Cliente","tpl-contab-solucao-passo-a-passo","Landing Educacional","Desmistificar o Processo de Prestação do Serviço","Clientes receosos quanto à complexidade do serviço","Iniciar Minha Jornada","hero -> process -> services -> testimonials -> form -> footer","HeroBlock;ProcessBlock;ServicesBlock;TestimonialsBlock;FormBlock;FooterBlock","NONE","headline,subheadline,process_steps,services_cards,testimonials_list,form_fields,copyright_text","Fluxo numérico progressivo (Passo 1, 2, 3) bem marcado","Infográfico do processo de 4 passos com conectores visuais","Reduz a ansiedade do cliente mostrando exatamente o que acontece em cada fase.","pilot_eligible"
"TPL-215","9","Contabilidade e BPO Financeiro","Contabilidade Oferta de Boas-Vindas","tpl-contab-primeira-visita-especial","Landing Page Direta","Captação de Novos Clientes com Condição Especial","Público que nunca utilizou os serviços da empresa","Garantir Oferta de Boas-Vindas","hero -> benefits -> form -> testimonials -> footer","HeroBlock;BenefitsBlock;FormBlock;TestimonialsBlock;FooterBlock","NONE","headline,subheadline,badge_text,benefits_items,form_fields,testimonials_list,copyright_text","Badge destacado de oferta exclusiva no Hero","Hero com selo de Boas-Vindas e formulário de inscrição direta","Incentiva a experiência inicial através de um incentivo exclusivo para novos clientes.","pilot_eligible"
"TPL-216","9","Contabilidade e BPO Financeiro","Contabilidade Sales Page VSL Longa","tpl-contab-vsl-video-sales-page","Sales Page Longa","Conversão via Vídeo de Vendas (VSL) e Pitch Estruturado","Leads de tráfego frio preparados por apresentação em vídeo","Garantir Vaga no Programa","hero_vsl -> benefits -> testimonials -> faq -> footer","BenefitsBlock;TestimonialsBlock;FaqBlock;FooterBlock","HeroVslBlock","headline,video_url,cta_primary_text,benefits_items,testimonials_list,faq_items,copyright_text","Container de vídeo centralizado com foco total na apresentação VSL","Player de vídeo VSL em topo escuro e botão CTA revelado abaixo","Focado em conversão audiovisual para infoprodutos e mentorias de alto valor.","blocked_by_node_registry"
"TPL-217","9","Contabilidade e BPO Financeiro","Contabilidade Planos & Tabela de Pricing","tpl-contab-tabela-de-precos-saas","Produto / Demo / Trial","Seleção de Planos Mensais/Anuais e Free Trial","Decisores de compra avaliando pacotes e limites de software","Assinar Plano Selecionado","hero -> pricing_table -> benefits -> faq -> footer","HeroBlock;BenefitsBlock;FaqBlock;FooterBlock","PricingTableBlock","headline,subheadline,pricing_plans,features_comparison,faq_items,copyright_text","Cartões de preços comparativos com alternador Mensal/Anual","Grelha de 3 planos de preços com destaque para o plano recomendado","Transparência total de preços e funcionalidades para SaaS e assinaturas.","blocked_by_node_registry"
"TPL-218","9","Contabilidade e BPO Financeiro","Contabilidade Mostra de Portfólio & Projetos","tpl-contab-galeria-portfolio-projetos","Website/Portfólio","Exibição Visual de Projetos Concluídos","Clientes de alto padrão avaliando qualidade estética e acabamento","Solicitar Projeto Semelhante","hero -> gallery_grid -> process -> contact -> footer","HeroBlock;ProcessBlock;ContactBlock;FooterBlock","GalleryGridBlock","headline,subheadline,gallery_images,project_categories,contact_info,copyright_text","Grelha masonry de alta resolução com lightbox interativo","Galeria visual de projetos com filtros por categoria","Demonstra a excelência técnica através do trabalho visualmente concluído.","blocked_by_node_registry"
"TPL-219","9","Contabilidade e BPO Financeiro","Contabilidade Calculadora Interativa de Cotação","tpl-contab-simulador-calculadora-cotacao","Landing de Cotação","Estimativa Interativa em Tempo Real pelo Cliente","Clientes que desejam calcular o investimento aproximado","Enviar Resultado da Simulação","hero -> interactive_calculator -> form -> faq -> footer","HeroBlock;FormBlock;FaqBlock;FooterBlock","CalculatorBlock","headline,subheadline,calculator_fields,form_fields,faq_items,copyright_text","Sliders e seletores interativos com valor total calculado em tempo real","Calculadora interativa com controles deslizantes e resultado estimado","Engaja o utilizador permitindo simular o valor exato da sua necessidade.","blocked_by_node_registry"
"TPL-220","9","Contabilidade e BPO Financeiro","Contabilidade Agendador com Calendário Ao Vivo","tpl-contab-calendario-agendamento-online","Landing de Marcações","Reserva Direta de Data e Horário em Agenda Integrada","Clientes que preferem selecionar o dia e hora no momento","Confirmar Data e Horário","hero -> booking_calendar -> testimonials -> footer","HeroBlock;TestimonialsBlock;FooterBlock","BookingCalendarBlock","headline,subheadline,available_slots,testimonials_list,copyright_text","Calendário interativo com escolha de horário em tempo real","Widget de calendário mensal com seleção de slots de horário","Elimina trocas de mensagens agendando a reunião/consulta diretamente.","blocked_by_node_registry"
"TPL-221","9","Contabilidade e BPO Financeiro","Contabilidade Comparativo de Soluções B2B","tpl-contab-tabela-comparativa-recursos","Produto / Demo / Trial","Demonstração de Superioridade em Relação a Alternativas","Compradores B2B comparando concorrentes e funcionalidades","Escolher a Solução Líder","hero -> comparison_table -> benefits -> form -> footer","HeroBlock;BenefitsBlock;FormBlock;FooterBlock","ComparisonTableBlock","headline,subheadline,comparison_matrix,benefits_items,form_fields,copyright_text","Tabela comparativa com marcas de verificação (checkmarks) e destaques","Tabela comparativa matricial com a empresa destacada na 1ª coluna","Prova a vantagem competitiva de forma transparente através de matriz de recursos.","blocked_by_node_registry"
"TPL-222","9","Contabilidade e BPO Financeiro","Contabilidade Catálogo Filtrável de Soluções","tpl-contab-catalogo-com-filtros-avancados","Website/Portfólio","Navegação por Granularidade de Nichos e Equipamentos","Clientes B2B buscando especificações técnicas detalhadas","Solicitar Ficha Técnica e Cotação","hero -> filtered_catalog -> contact -> footer","HeroBlock;ContactBlock;FooterBlock","FilteredCatalogBlock","headline,subheadline,catalog_items,filter_categories,contact_info,copyright_text","Filtros por categoria no topo e cartões com badges técnicos","Barra de filtros de produtos e grelha de resultados organizados","Facilita a busca em inventários extensos de serviços ou equipamentos.","blocked_by_node_registry"
"TPL-223","9","Contabilidade e BPO Financeiro","Contabilidade Experiência Virtual & Espaço","tpl-contab-tour-virtual-galeria-360","Captação e Reserva","Apresentação Imersiva de Ambientes e Instalações","Noivas, organizadores de eventos e clientes de imobiliário","Agendar Visita Presencial","hero -> virtual_tour -> testimonials -> form -> footer","HeroBlock;TestimonialsBlock;FormBlock;FooterBlock","VirtualTourBlock","headline,subheadline,embed_tour_url,testimonials_list,form_fields,copyright_text","Visualizador panorâmico imersivo com botões de navegação","Preview de tour virtual 360 com ícone de navegação interativa","Encanta o cliente mostrando o espaço físico em alta definição antes da visita.","blocked_by_node_registry"
"TPL-224","9","Contabilidade e BPO Financeiro","Contabilidade Linha do Tempo & Tradição","tpl-contab-linha-do-tempo-historica","Website Institucional","Demonstração de Tradição, Anos de Mercado e Milestones","Grandes contas corporativas buscando estabilidade e tradição","Falar com Nossa Gestão","hero -> timeline_history -> team -> contact -> footer","HeroBlock;TeamBlock;ContactBlock;FooterBlock","TimelineHistoryBlock","headline,subheadline,timeline_events,team_members,contact_info,copyright_text","Linha vertical cronológica com pontos de destaque históricos","Linha do tempo interativa marcando anos e conquistas da empresa","Transmite solidez e confiança comprovando anos de atuação no mercado.","blocked_by_node_registry"
"TPL-225","9","Contabilidade e BPO Financeiro","Contabilidade Cardápio Interativo & Menus","tpl-contab-menu-degustacao-cardapio","Captação e Reserva","Apresentação de Opções de Menus e Buffets para Eventos","Organizadores de eventos e noivos escolhendo gastronomia","Solicitar Degustação do Cardápio","hero -> interactive_menu -> testimonials -> form -> footer","HeroBlock;TestimonialsBlock;FormBlock;FooterBlock","InteractiveMenuBlock","headline,subheadline,menu_categories,testimonials_list,form_fields,copyright_text","Abas organizadas por pratos (Entradas, Principais, Sobremesas) com fotos","Cardápio em abas estilizadas com imagens de gastronomia","Estimula o desejo gastronómico apresentando os menus de forma elegante.","blocked_by_node_registry"
"TPL-226","10","Consultoria de Negócios e Gestão","Consultoria Direct Ads Express","tpl-consultoria-ads-captura-rapida","Landing Page Direta","Captura Imediata de Leads Google/Meta Ads","Pacientes/clientes urgentes em busca de atendimento direto","Solicitar Atendimento Imediato","hero -> form -> benefits -> testimonials -> footer","HeroBlock;FormBlock;BenefitsBlock;TestimonialsBlock;FooterBlock","NONE","headline,subheadline,badge_text,form_fields,submit_button_text,benefits_list,testimonials_list,copyright_text","Clean responsivo com destaque para formulário de conversão direta","Renderização do formulário em topo claro e CTA com contraste","Foco exclusivo em conversão de fundo de funil com formulário acima da dobra e sem fuga.","pilot_eligible"
"TPL-227","10","Consultoria de Negócios e Gestão","Consultoria Agendamento VIP","tpl-consultoria-agendamento-consulta-vip","Landing de Marcações","Agendamento Direct de Primeira Consulta","Clientes qualificados procurando atendimento exclusivo","Agendar Consulta VIP","hero -> services -> process -> testimonials -> contact -> footer","HeroBlock;ServicesBlock;ProcessBlock;TestimonialsBlock;ContactBlock;FooterBlock","NONE","headline,subheadline,badge_text,services_cards,process_steps,testimonials_list,contact_info,copyright_text","Tom premium com cartões espaçados e etapas do processo ilustradas","Hero com destaque de especialidades e botão de agendamento em destaque","Apresenta a jornada de atendimento passo a passo para gerar confiança no agendamento.","pilot_eligible"
"TPL-228","10","Consultoria de Negócios e Gestão","Consultoria Institucional Autoridade","tpl-consultoria-institucional-autoridade","Website Institucional","Construção de Autoridade de Marca e Apresentação de Equipa","Clientes corporativos e parceiros estratégicos","Conhecer Soluções da Empresa","hero -> about -> services -> team -> contact -> footer","HeroBlock;AboutBlock;ServicesBlock;TeamBlock;ContactBlock;FooterBlock","NONE","headline,subheadline,story_text,stat_number,stat_label,services_cards,team_members,contact_info,copyright_text","Design corporativo sóbrio com tipografia forte e fotos da equipa","Preview da secção de história e griha de membros da equipa","Posiciona o negócio como líder de mercado através da história e equipa médica/profissional.","pilot_eligible"
"TPL-229","10","Consultoria de Negócios e Gestão","Consultoria Cotação Express","tpl-consultoria-cotacao-progressiva-express","Landing de Cotação","Solicitação de Orçamento com Dados Iniciais","Compradores buscando estimativa rápida de investimento","Pedir Orçamento Gratuito","hero -> benefits -> form -> faq -> footer","HeroBlock;BenefitsBlock;FormBlock;FaqBlock;FooterBlock","NONE","headline,subheadline,benefits_items,form_fields,submit_button_text,faq_items,copyright_text","Foco em clareza de benefícios antes de expor os campos de orçamento","Captura destacando cartões de diferenciais e formulário de orçamento","Elimina objeções de preço respondendo perguntas frequentes antes do pedido de cotação.","pilot_eligible"
"TPL-230","10","Consultoria de Negócios e Gestão","Consultoria Catálogo de Especialidades","tpl-consultoria-procedimentos-especializados","Landing de Serviços","Apresentação Detalhada do Portfólio de Serviços","Público que procura soluções técnicas específicas","Consultar Especialista","hero -> services -> benefits -> process -> form -> footer","HeroBlock;ServicesBlock;BenefitsBlock;ProcessBlock;FormBlock;FooterBlock","NONE","headline,subheadline,services_cards,benefits_items,process_steps,form_fields,copyright_text","Grelha modular de serviços com ícones e marcadores técnicos","Visão geral do catálogo de serviços em grelha 3 colunas","Organiza serviços complexos de forma modular e clara para facilidade de navegação.","pilot_eligible"
"TPL-231","10","Consultoria de Negócios e Gestão","Consultoria Casos & Prova Social","tpl-consultoria-prova-social-intensa","Landing Page Direta","Conversão Baseada em Depoimentos e Prova de Confiança","Clientes indecisos que necessitam de validação de terceiros","Ver Resultados e Agendar","hero -> testimonials -> benefits -> faq -> contact -> footer","HeroBlock;TestimonialsBlock;BenefitsBlock;FaqBlock;ContactBlock;FooterBlock","NONE","headline,subheadline,testimonials_list,benefits_items,faq_items,contact_info,copyright_text","Estilo visual focado em cartões de avaliações com estrelas e avatares","Secção Hero integrada com avaliações 5 estrelas em destaque","Utiliza o gatilho da prova social em posição de destaque máximo para quebrar desconfiança.","pilot_eligible"
"TPL-232","10","Consultoria de Negócios e Gestão","Consultoria Diagnóstico Gratuito","tpl-consultoria-diagnostico-inicial-gratuito","Landing Page Direta","Captação de Leads via Oferta de Diagnóstico sem Custo","Clientes em fase de descoberta que procuram avaliação inicial","Solicitar Diagnóstico sem Custo","hero -> process -> benefits -> form -> footer","HeroBlock;ProcessBlock;BenefitsBlock;FormBlock;FooterBlock","NONE","headline,subheadline,process_steps,benefits_items,form_fields,copyright_text","Cores de alta energia e badges explicativos do diagnóstico","Hero com badge de Diagnóstico Gratuito e formulário em destaque","Reduz a barreira de entrada oferecendo uma avaliação sem compromisso financeiro.","pilot_eligible"
"TPL-233","10","Consultoria de Negócios e Gestão","Consultoria Plantão & Atendimento Rápido","tpl-consultoria-atendimento-urgencia-24h","Landing Page Direta","Conversão Urgente para Casos Imediatos","Público com necessidade urgente ou atendimento emergencial","Falar com Atendimento Rápido","hero -> contact -> services -> faq -> footer","HeroBlock;ContactBlock;ServicesBlock;FaqBlock;FooterBlock","NONE","headline,subheadline,phone,email,address,services_cards,faq_items,copyright_text","Layout de alta visibilidade com botão telefónico/WhatsApp de destaque imediato","Hero com botões de contacto direto e mapa de localização rápida","Focado em resolução imediata com telefone e mapa acessíveis sem rolagem.","pilot_eligible"
"TPL-234","10","Consultoria de Negócios e Gestão","Consultoria Guia de Esclarecimento & FAQ","tpl-consultoria-duvidas-e-faq-interativo","Landing Educacional","Captação via Esclarecimento de Dúvidas Técnicas","Clientes que pesquisam objeções antes de contratar","Tirar Minha Dúvida com Especialista","hero -> faq -> benefits -> form -> footer","HeroBlock;FaqBlock;BenefitsBlock;FormBlock;FooterBlock","NONE","headline,subheadline,faq_items,benefits_items,form_fields,copyright_text","Accordion limpo com boa legibilidade e tipografia contrastante","Secção de perguntas frequentes em destaque com busca visual","Resolve objeções complexas antecipadamente para converter tráfego qualificado.","pilot_eligible"
"TPL-235","10","Consultoria de Negócios e Gestão","Consultoria Equipa & Corpo Clínico/Técnico","tpl-consultoria-equipa-e-corpo-tecnico","Website Institucional","Apresentação de Credenciais e Especialistas","Clientes que escolhem profissionais por currículo e autoridade","Marcar com Nossos Especialistas","hero -> team -> about -> services -> contact -> footer","HeroBlock;TeamBlock;AboutBlock;ServicesBlock;ContactBlock;FooterBlock","NONE","headline,subheadline,team_members,story_text,services_cards,contact_info,copyright_text","Grelha elegante de perfis profissionais com bios detalhadas","Cartões de equipa com fotos profissionais e bios curtas","Foco no fator humano e nas credenciais individuais da equipa para passar segurança.","pilot_eligible"
"TPL-236","10","Consultoria de Negócios e Gestão","Consultoria Unidades & Mapa Local","tpl-consultoria-localizacao-e-unidades","Landing Local","Atração de Clientes Locais por Proximidade Geográfica","Moradores/empresas da região geográfica de atendimento","Ver Rota e Agendar Visita","hero -> contact -> services -> testimonials -> footer","HeroBlock;ContactBlock;ServicesBlock;TestimonialsBlock;FooterBlock","NONE","headline,subheadline,google_maps_url,address,phone,services_cards,testimonials_list,copyright_text","Destaque visual para o mapa interativo e informações de endereço","Secção de contacto com mapa integrado e horários de funcionamento","Foco total em busca local e facilidade de localização geográfica.","pilot_eligible"
"TPL-237","10","Consultoria de Negócios e Gestão","Consultoria Apresentação de Pacotes","tpl-consultoria-pacotes-e-condicoes","Landing de Vendas","Conversão para Pacotes Estruturados de Serviços","Clientes interessados em combos e condições especiais","Escolher Meu Pacote","hero -> services -> benefits -> form -> faq -> footer","HeroBlock;ServicesBlock;BenefitsBlock;FormBlock;FaqBlock;FooterBlock","NONE","headline,subheadline,services_cards,benefits_items,form_fields,faq_items,copyright_text","Grelha de pacotes com marcadores visuais do mais popular","Grelha de serviços formatada como cartões de pacotes","Facilita a decisão de compra agrupando serviços em ofertas claras.","pilot_eligible"
"TPL-238","10","Consultoria de Negócios e Gestão","Consultoria Nossa História & Propósito","tpl-consultoria-historia-e-proposito","Website Institucional","Conexão Emocional e Alinhamento de Valores","Clientes que valorizam a missão e reputação da empresa","Fazer Parte da Nossa História","hero -> about -> process -> team -> contact -> footer","HeroBlock;AboutBlock;ProcessBlock;TeamBlock;ContactBlock;FooterBlock","NONE","headline,subheadline,story_text,stat_number,stat_label,process_steps,team_members,contact_info,copyright_text","Narrativa em linha do tempo com fotografias institucionais","Secção About com bloco de estatísticas e imagens de bastidores","Constrói lealdade de longo prazo mostrando a trajetória e propósito do negócio.","pilot_eligible"
"TPL-239","10","Consultoria de Negócios e Gestão","Consultoria Jornada do Cliente","tpl-consultoria-solucao-passo-a-passo","Landing Educacional","Desmistificar o Processo de Prestação do Serviço","Clientes receosos quanto à complexidade do serviço","Iniciar Minha Jornada","hero -> process -> services -> testimonials -> form -> footer","HeroBlock;ProcessBlock;ServicesBlock;TestimonialsBlock;FormBlock;FooterBlock","NONE","headline,subheadline,process_steps,services_cards,testimonials_list,form_fields,copyright_text","Fluxo numérico progressivo (Passo 1, 2, 3) bem marcado","Infográfico do processo de 4 passos com conectores visuais","Reduz a ansiedade do cliente mostrando exatamente o que acontece em cada fase.","pilot_eligible"
"TPL-240","10","Consultoria de Negócios e Gestão","Consultoria Oferta de Boas-Vindas","tpl-consultoria-primeira-visita-especial","Landing Page Direta","Captação de Novos Clientes com Condição Especial","Público que nunca utilizou os serviços da empresa","Garantir Oferta de Boas-Vindas","hero -> benefits -> form -> testimonials -> footer","HeroBlock;BenefitsBlock;FormBlock;TestimonialsBlock;FooterBlock","NONE","headline,subheadline,badge_text,benefits_items,form_fields,testimonials_list,copyright_text","Badge destacado de oferta exclusiva no Hero","Hero com selo de Boas-Vindas e formulário de inscrição direta","Incentiva a experiência inicial através de um incentivo exclusivo para novos clientes.","pilot_eligible"
"TPL-241","10","Consultoria de Negócios e Gestão","Consultoria Sales Page VSL Longa","tpl-consultoria-vsl-video-sales-page","Sales Page Longa","Conversão via Vídeo de Vendas (VSL) e Pitch Estruturado","Leads de tráfego frio preparados por apresentação em vídeo","Garantir Vaga no Programa","hero_vsl -> benefits -> testimonials -> faq -> footer","BenefitsBlock;TestimonialsBlock;FaqBlock;FooterBlock","HeroVslBlock","headline,video_url,cta_primary_text,benefits_items,testimonials_list,faq_items,copyright_text","Container de vídeo centralizado com foco total na apresentação VSL","Player de vídeo VSL em topo escuro e botão CTA revelado abaixo","Focado em conversão audiovisual para infoprodutos e mentorias de alto valor.","blocked_by_node_registry"
"TPL-242","10","Consultoria de Negócios e Gestão","Consultoria Planos & Tabela de Pricing","tpl-consultoria-tabela-de-precos-saas","Produto / Demo / Trial","Seleção de Planos Mensais/Anuais e Free Trial","Decisores de compra avaliando pacotes e limites de software","Assinar Plano Selecionado","hero -> pricing_table -> benefits -> faq -> footer","HeroBlock;BenefitsBlock;FaqBlock;FooterBlock","PricingTableBlock","headline,subheadline,pricing_plans,features_comparison,faq_items,copyright_text","Cartões de preços comparativos com alternador Mensal/Anual","Grelha de 3 planos de preços com destaque para o plano recomendado","Transparência total de preços e funcionalidades para SaaS e assinaturas.","blocked_by_node_registry"
"TPL-243","10","Consultoria de Negócios e Gestão","Consultoria Mostra de Portfólio & Projetos","tpl-consultoria-galeria-portfolio-projetos","Website/Portfólio","Exibição Visual de Projetos Concluídos","Clientes de alto padrão avaliando qualidade estética e acabamento","Solicitar Projeto Semelhante","hero -> gallery_grid -> process -> contact -> footer","HeroBlock;ProcessBlock;ContactBlock;FooterBlock","GalleryGridBlock","headline,subheadline,gallery_images,project_categories,contact_info,copyright_text","Grelha masonry de alta resolução com lightbox interativo","Galeria visual de projetos com filtros por categoria","Demonstra a excelência técnica através do trabalho visualmente concluído.","blocked_by_node_registry"
"TPL-244","10","Consultoria de Negócios e Gestão","Consultoria Calculadora Interativa de Cotação","tpl-consultoria-simulador-calculadora-cotacao","Landing de Cotação","Estimativa Interativa em Tempo Real pelo Cliente","Clientes que desejam calcular o investimento aproximado","Enviar Resultado da Simulação","hero -> interactive_calculator -> form -> faq -> footer","HeroBlock;FormBlock;FaqBlock;FooterBlock","CalculatorBlock","headline,subheadline,calculator_fields,form_fields,faq_items,copyright_text","Sliders e seletores interativos com valor total calculado em tempo real","Calculadora interativa com controles deslizantes e resultado estimado","Engaja o utilizador permitindo simular o valor exato da sua necessidade.","blocked_by_node_registry"
"TPL-245","10","Consultoria de Negócios e Gestão","Consultoria Agendador com Calendário Ao Vivo","tpl-consultoria-calendario-agendamento-online","Landing de Marcações","Reserva Direta de Data e Horário em Agenda Integrada","Clientes que preferem selecionar o dia e hora no momento","Confirmar Data e Horário","hero -> booking_calendar -> testimonials -> footer","HeroBlock;TestimonialsBlock;FooterBlock","BookingCalendarBlock","headline,subheadline,available_slots,testimonials_list,copyright_text","Calendário interativo com escolha de horário em tempo real","Widget de calendário mensal com seleção de slots de horário","Elimina trocas de mensagens agendando a reunião/consulta diretamente.","blocked_by_node_registry"
"TPL-246","10","Consultoria de Negócios e Gestão","Consultoria Comparativo de Soluções B2B","tpl-consultoria-tabela-comparativa-recursos","Produto / Demo / Trial","Demonstração de Superioridade em Relação a Alternativas","Compradores B2B comparando concorrentes e funcionalidades","Escolher a Solução Líder","hero -> comparison_table -> benefits -> form -> footer","HeroBlock;BenefitsBlock;FormBlock;FooterBlock","ComparisonTableBlock","headline,subheadline,comparison_matrix,benefits_items,form_fields,copyright_text","Tabela comparativa com marcas de verificação (checkmarks) e destaques","Tabela comparativa matricial com a empresa destacada na 1ª coluna","Prova a vantagem competitiva de forma transparente através de matriz de recursos.","blocked_by_node_registry"
"TPL-247","10","Consultoria de Negócios e Gestão","Consultoria Catálogo Filtrável de Soluções","tpl-consultoria-catalogo-com-filtros-avancados","Website/Portfólio","Navegação por Granularidade de Nichos e Equipamentos","Clientes B2B buscando especificações técnicas detalhadas","Solicitar Ficha Técnica e Cotação","hero -> filtered_catalog -> contact -> footer","HeroBlock;ContactBlock;FooterBlock","FilteredCatalogBlock","headline,subheadline,catalog_items,filter_categories,contact_info,copyright_text","Filtros por categoria no topo e cartões com badges técnicos","Barra de filtros de produtos e grelha de resultados organizados","Facilita a busca em inventários extensos de serviços ou equipamentos.","blocked_by_node_registry"
"TPL-248","10","Consultoria de Negócios e Gestão","Consultoria Experiência Virtual & Espaço","tpl-consultoria-tour-virtual-galeria-360","Captação e Reserva","Apresentação Imersiva de Ambientes e Instalações","Noivas, organizadores de eventos e clientes de imobiliário","Agendar Visita Presencial","hero -> virtual_tour -> testimonials -> form -> footer","HeroBlock;TestimonialsBlock;FormBlock;FooterBlock","VirtualTourBlock","headline,subheadline,embed_tour_url,testimonials_list,form_fields,copyright_text","Visualizador panorâmico imersivo com botões de navegação","Preview de tour virtual 360 com ícone de navegação interativa","Encanta o cliente mostrando o espaço físico em alta definição antes da visita.","blocked_by_node_registry"
"TPL-249","10","Consultoria de Negócios e Gestão","Consultoria Linha do Tempo & Tradição","tpl-consultoria-linha-do-tempo-historica","Website Institucional","Demonstração de Tradição, Anos de Mercado e Milestones","Grandes contas corporativas buscando estabilidade e tradição","Falar com Nossa Gestão","hero -> timeline_history -> team -> contact -> footer","HeroBlock;TeamBlock;ContactBlock;FooterBlock","TimelineHistoryBlock","headline,subheadline,timeline_events,team_members,contact_info,copyright_text","Linha vertical cronológica com pontos de destaque históricos","Linha do tempo interativa marcando anos e conquistas da empresa","Transmite solidez e confiança comprovando anos de atuação no mercado.","blocked_by_node_registry"
"TPL-250","10","Consultoria de Negócios e Gestão","Consultoria Cardápio Interativo & Menus","tpl-consultoria-menu-degustacao-cardapio","Captação e Reserva","Apresentação de Opções de Menus e Buffets para Eventos","Organizadores de eventos e noivos escolhendo gastronomia","Solicitar Degustação do Cardápio","hero -> interactive_menu -> testimonials -> form -> footer","HeroBlock;TestimonialsBlock;FormBlock;FooterBlock","InteractiveMenuBlock","headline,subheadline,menu_categories,testimonials_list,form_fields,copyright_text","Abas organizadas por pratos (Entradas, Principais, Sobremesas) com fotos","Cardápio em abas estilizadas com imagens de gastronomia","Estimula o desejo gastronómico apresentando os menus de forma elegante.","blocked_by_node_registry"
"TPL-251","11","Agências de Marketing e Tráfego Pago","Agências Direct Ads Express","tpl-mkt-ads-captura-rapida","Landing Page Direta","Captura Imediata de Leads Google/Meta Ads","Pacientes/clientes urgentes em busca de atendimento direto","Solicitar Atendimento Imediato","hero -> form -> benefits -> testimonials -> footer","HeroBlock;FormBlock;BenefitsBlock;TestimonialsBlock;FooterBlock","NONE","headline,subheadline,badge_text,form_fields,submit_button_text,benefits_list,testimonials_list,copyright_text","Clean responsivo com destaque para formulário de conversão direta","Renderização do formulário em topo claro e CTA com contraste","Foco exclusivo em conversão de fundo de funil com formulário acima da dobra e sem fuga.","pilot_eligible"
"TPL-252","11","Agências de Marketing e Tráfego Pago","Agências Agendamento VIP","tpl-mkt-agendamento-consulta-vip","Landing de Marcações","Agendamento Direct de Primeira Consulta","Clientes qualificados procurando atendimento exclusivo","Agendar Consulta VIP","hero -> services -> process -> testimonials -> contact -> footer","HeroBlock;ServicesBlock;ProcessBlock;TestimonialsBlock;ContactBlock;FooterBlock","NONE","headline,subheadline,badge_text,services_cards,process_steps,testimonials_list,contact_info,copyright_text","Tom premium com cartões espaçados e etapas do processo ilustradas","Hero com destaque de especialidades e botão de agendamento em destaque","Apresenta a jornada de atendimento passo a passo para gerar confiança no agendamento.","pilot_eligible"
"TPL-253","11","Agências de Marketing e Tráfego Pago","Agências Institucional Autoridade","tpl-mkt-institucional-autoridade","Website Institucional","Construção de Autoridade de Marca e Apresentação de Equipa","Clientes corporativos e parceiros estratégicos","Conhecer Soluções da Empresa","hero -> about -> services -> team -> contact -> footer","HeroBlock;AboutBlock;ServicesBlock;TeamBlock;ContactBlock;FooterBlock","NONE","headline,subheadline,story_text,stat_number,stat_label,services_cards,team_members,contact_info,copyright_text","Design corporativo sóbrio com tipografia forte e fotos da equipa","Preview da secção de história e griha de membros da equipa","Posiciona o negócio como líder de mercado através da história e equipa médica/profissional.","pilot_eligible"
"TPL-254","11","Agências de Marketing e Tráfego Pago","Agências Cotação Express","tpl-mkt-cotacao-progressiva-express","Landing de Cotação","Solicitação de Orçamento com Dados Iniciais","Compradores buscando estimativa rápida de investimento","Pedir Orçamento Gratuito","hero -> benefits -> form -> faq -> footer","HeroBlock;BenefitsBlock;FormBlock;FaqBlock;FooterBlock","NONE","headline,subheadline,benefits_items,form_fields,submit_button_text,faq_items,copyright_text","Foco em clareza de benefícios antes de expor os campos de orçamento","Captura destacando cartões de diferenciais e formulário de orçamento","Elimina objeções de preço respondendo perguntas frequentes antes do pedido de cotação.","pilot_eligible"
"TPL-255","11","Agências de Marketing e Tráfego Pago","Agências Catálogo de Especialidades","tpl-mkt-procedimentos-especializados","Landing de Serviços","Apresentação Detalhada do Portfólio de Serviços","Público que procura soluções técnicas específicas","Consultar Especialista","hero -> services -> benefits -> process -> form -> footer","HeroBlock;ServicesBlock;BenefitsBlock;ProcessBlock;FormBlock;FooterBlock","NONE","headline,subheadline,services_cards,benefits_items,process_steps,form_fields,copyright_text","Grelha modular de serviços com ícones e marcadores técnicos","Visão geral do catálogo de serviços em grelha 3 colunas","Organiza serviços complexos de forma modular e clara para facilidade de navegação.","pilot_eligible"
"TPL-256","11","Agências de Marketing e Tráfego Pago","Agências Casos & Prova Social","tpl-mkt-prova-social-intensa","Landing Page Direta","Conversão Baseada em Depoimentos e Prova de Confiança","Clientes indecisos que necessitam de validação de terceiros","Ver Resultados e Agendar","hero -> testimonials -> benefits -> faq -> contact -> footer","HeroBlock;TestimonialsBlock;BenefitsBlock;FaqBlock;ContactBlock;FooterBlock","NONE","headline,subheadline,testimonials_list,benefits_items,faq_items,contact_info,copyright_text","Estilo visual focado em cartões de avaliações com estrelas e avatares","Secção Hero integrada com avaliações 5 estrelas em destaque","Utiliza o gatilho da prova social em posição de destaque máximo para quebrar desconfiança.","pilot_eligible"
"TPL-257","11","Agências de Marketing e Tráfego Pago","Agências Diagnóstico Gratuito","tpl-mkt-diagnostico-inicial-gratuito","Landing Page Direta","Captação de Leads via Oferta de Diagnóstico sem Custo","Clientes em fase de descoberta que procuram avaliação inicial","Solicitar Diagnóstico sem Custo","hero -> process -> benefits -> form -> footer","HeroBlock;ProcessBlock;BenefitsBlock;FormBlock;FooterBlock","NONE","headline,subheadline,process_steps,benefits_items,form_fields,copyright_text","Cores de alta energia e badges explicativos do diagnóstico","Hero com badge de Diagnóstico Gratuito e formulário em destaque","Reduz a barreira de entrada oferecendo uma avaliação sem compromisso financeiro.","pilot_eligible"
"TPL-258","11","Agências de Marketing e Tráfego Pago","Agências Plantão & Atendimento Rápido","tpl-mkt-atendimento-urgencia-24h","Landing Page Direta","Conversão Urgente para Casos Imediatos","Público com necessidade urgente ou atendimento emergencial","Falar com Atendimento Rápido","hero -> contact -> services -> faq -> footer","HeroBlock;ContactBlock;ServicesBlock;FaqBlock;FooterBlock","NONE","headline,subheadline,phone,email,address,services_cards,faq_items,copyright_text","Layout de alta visibilidade com botão telefónico/WhatsApp de destaque imediato","Hero com botões de contacto direto e mapa de localização rápida","Focado em resolução imediata com telefone e mapa acessíveis sem rolagem.","pilot_eligible"
"TPL-259","11","Agências de Marketing e Tráfego Pago","Agências Guia de Esclarecimento & FAQ","tpl-mkt-duvidas-e-faq-interativo","Landing Educacional","Captação via Esclarecimento de Dúvidas Técnicas","Clientes que pesquisam objeções antes de contratar","Tirar Minha Dúvida com Especialista","hero -> faq -> benefits -> form -> footer","HeroBlock;FaqBlock;BenefitsBlock;FormBlock;FooterBlock","NONE","headline,subheadline,faq_items,benefits_items,form_fields,copyright_text","Accordion limpo com boa legibilidade e tipografia contrastante","Secção de perguntas frequentes em destaque com busca visual","Resolve objeções complexas antecipadamente para converter tráfego qualificado.","pilot_eligible"
"TPL-260","11","Agências de Marketing e Tráfego Pago","Agências Equipa & Corpo Clínico/Técnico","tpl-mkt-equipa-e-corpo-tecnico","Website Institucional","Apresentação de Credenciais e Especialistas","Clientes que escolhem profissionais por currículo e autoridade","Marcar com Nossos Especialistas","hero -> team -> about -> services -> contact -> footer","HeroBlock;TeamBlock;AboutBlock;ServicesBlock;ContactBlock;FooterBlock","NONE","headline,subheadline,team_members,story_text,services_cards,contact_info,copyright_text","Grelha elegante de perfis profissionais com bios detalhadas","Cartões de equipa com fotos profissionais e bios curtas","Foco no fator humano e nas credenciais individuais da equipa para passar segurança.","pilot_eligible"
"TPL-261","11","Agências de Marketing e Tráfego Pago","Agências Unidades & Mapa Local","tpl-mkt-localizacao-e-unidades","Landing Local","Atração de Clientes Locais por Proximidade Geográfica","Moradores/empresas da região geográfica de atendimento","Ver Rota e Agendar Visita","hero -> contact -> services -> testimonials -> footer","HeroBlock;ContactBlock;ServicesBlock;TestimonialsBlock;FooterBlock","NONE","headline,subheadline,google_maps_url,address,phone,services_cards,testimonials_list,copyright_text","Destaque visual para o mapa interativo e informações de endereço","Secção de contacto com mapa integrado e horários de funcionamento","Foco total em busca local e facilidade de localização geográfica.","pilot_eligible"
"TPL-262","11","Agências de Marketing e Tráfego Pago","Agências Apresentação de Pacotes","tpl-mkt-pacotes-e-condicoes","Landing de Vendas","Conversão para Pacotes Estruturados de Serviços","Clientes interessados em combos e condições especiais","Escolher Meu Pacote","hero -> services -> benefits -> form -> faq -> footer","HeroBlock;ServicesBlock;BenefitsBlock;FormBlock;FaqBlock;FooterBlock","NONE","headline,subheadline,services_cards,benefits_items,form_fields,faq_items,copyright_text","Grelha de pacotes com marcadores visuais do mais popular","Grelha de serviços formatada como cartões de pacotes","Facilita a decisão de compra agrupando serviços em ofertas claras.","pilot_eligible"
"TPL-263","11","Agências de Marketing e Tráfego Pago","Agências Nossa História & Propósito","tpl-mkt-historia-e-proposito","Website Institucional","Conexão Emocional e Alinhamento de Valores","Clientes que valorizam a missão e reputação da empresa","Fazer Parte da Nossa História","hero -> about -> process -> team -> contact -> footer","HeroBlock;AboutBlock;ProcessBlock;TeamBlock;ContactBlock;FooterBlock","NONE","headline,subheadline,story_text,stat_number,stat_label,process_steps,team_members,contact_info,copyright_text","Narrativa em linha do tempo com fotografias institucionais","Secção About com bloco de estatísticas e imagens de bastidores","Constrói lealdade de longo prazo mostrando a trajetória e propósito do negócio.","pilot_eligible"
"TPL-264","11","Agências de Marketing e Tráfego Pago","Agências Jornada do Cliente","tpl-mkt-solucao-passo-a-passo","Landing Educacional","Desmistificar o Processo de Prestação do Serviço","Clientes receosos quanto à complexidade do serviço","Iniciar Minha Jornada","hero -> process -> services -> testimonials -> form -> footer","HeroBlock;ProcessBlock;ServicesBlock;TestimonialsBlock;FormBlock;FooterBlock","NONE","headline,subheadline,process_steps,services_cards,testimonials_list,form_fields,copyright_text","Fluxo numérico progressivo (Passo 1, 2, 3) bem marcado","Infográfico do processo de 4 passos com conectores visuais","Reduz a ansiedade do cliente mostrando exatamente o que acontece em cada fase.","pilot_eligible"
"TPL-265","11","Agências de Marketing e Tráfego Pago","Agências Oferta de Boas-Vindas","tpl-mkt-primeira-visita-especial","Landing Page Direta","Captação de Novos Clientes com Condição Especial","Público que nunca utilizou os serviços da empresa","Garantir Oferta de Boas-Vindas","hero -> benefits -> form -> testimonials -> footer","HeroBlock;BenefitsBlock;FormBlock;TestimonialsBlock;FooterBlock","NONE","headline,subheadline,badge_text,benefits_items,form_fields,testimonials_list,copyright_text","Badge destacado de oferta exclusiva no Hero","Hero com selo de Boas-Vindas e formulário de inscrição direta","Incentiva a experiência inicial através de um incentivo exclusivo para novos clientes.","pilot_eligible"
"TPL-266","11","Agências de Marketing e Tráfego Pago","Agências Sales Page VSL Longa","tpl-mkt-vsl-video-sales-page","Sales Page Longa","Conversão via Vídeo de Vendas (VSL) e Pitch Estruturado","Leads de tráfego frio preparados por apresentação em vídeo","Garantir Vaga no Programa","hero_vsl -> benefits -> testimonials -> faq -> footer","BenefitsBlock;TestimonialsBlock;FaqBlock;FooterBlock","HeroVslBlock","headline,video_url,cta_primary_text,benefits_items,testimonials_list,faq_items,copyright_text","Container de vídeo centralizado com foco total na apresentação VSL","Player de vídeo VSL em topo escuro e botão CTA revelado abaixo","Focado em conversão audiovisual para infoprodutos e mentorias de alto valor.","blocked_by_node_registry"
"TPL-267","11","Agências de Marketing e Tráfego Pago","Agências Planos & Tabela de Pricing","tpl-mkt-tabela-de-precos-saas","Produto / Demo / Trial","Seleção de Planos Mensais/Anuais e Free Trial","Decisores de compra avaliando pacotes e limites de software","Assinar Plano Selecionado","hero -> pricing_table -> benefits -> faq -> footer","HeroBlock;BenefitsBlock;FaqBlock;FooterBlock","PricingTableBlock","headline,subheadline,pricing_plans,features_comparison,faq_items,copyright_text","Cartões de preços comparativos com alternador Mensal/Anual","Grelha de 3 planos de preços com destaque para o plano recomendado","Transparência total de preços e funcionalidades para SaaS e assinaturas.","blocked_by_node_registry"
"TPL-268","11","Agências de Marketing e Tráfego Pago","Agências Mostra de Portfólio & Projetos","tpl-mkt-galeria-portfolio-projetos","Website/Portfólio","Exibição Visual de Projetos Concluídos","Clientes de alto padrão avaliando qualidade estética e acabamento","Solicitar Projeto Semelhante","hero -> gallery_grid -> process -> contact -> footer","HeroBlock;ProcessBlock;ContactBlock;FooterBlock","GalleryGridBlock","headline,subheadline,gallery_images,project_categories,contact_info,copyright_text","Grelha masonry de alta resolução com lightbox interativo","Galeria visual de projetos com filtros por categoria","Demonstra a excelência técnica através do trabalho visualmente concluído.","blocked_by_node_registry"
"TPL-269","11","Agências de Marketing e Tráfego Pago","Agências Calculadora Interativa de Cotação","tpl-mkt-simulador-calculadora-cotacao","Landing de Cotação","Estimativa Interativa em Tempo Real pelo Cliente","Clientes que desejam calcular o investimento aproximado","Enviar Resultado da Simulação","hero -> interactive_calculator -> form -> faq -> footer","HeroBlock;FormBlock;FaqBlock;FooterBlock","CalculatorBlock","headline,subheadline,calculator_fields,form_fields,faq_items,copyright_text","Sliders e seletores interativos com valor total calculado em tempo real","Calculadora interativa com controles deslizantes e resultado estimado","Engaja o utilizador permitindo simular o valor exato da sua necessidade.","blocked_by_node_registry"
"TPL-270","11","Agências de Marketing e Tráfego Pago","Agências Agendador com Calendário Ao Vivo","tpl-mkt-calendario-agendamento-online","Landing de Marcações","Reserva Direta de Data e Horário em Agenda Integrada","Clientes que preferem selecionar o dia e hora no momento","Confirmar Data e Horário","hero -> booking_calendar -> testimonials -> footer","HeroBlock;TestimonialsBlock;FooterBlock","BookingCalendarBlock","headline,subheadline,available_slots,testimonials_list,copyright_text","Calendário interativo com escolha de horário em tempo real","Widget de calendário mensal com seleção de slots de horário","Elimina trocas de mensagens agendando a reunião/consulta diretamente.","blocked_by_node_registry"
"TPL-271","11","Agências de Marketing e Tráfego Pago","Agências Comparativo de Soluções B2B","tpl-mkt-tabela-comparativa-recursos","Produto / Demo / Trial","Demonstração de Superioridade em Relação a Alternativas","Compradores B2B comparando concorrentes e funcionalidades","Escolher a Solução Líder","hero -> comparison_table -> benefits -> form -> footer","HeroBlock;BenefitsBlock;FormBlock;FooterBlock","ComparisonTableBlock","headline,subheadline,comparison_matrix,benefits_items,form_fields,copyright_text","Tabela comparativa com marcas de verificação (checkmarks) e destaques","Tabela comparativa matricial com a empresa destacada na 1ª coluna","Prova a vantagem competitiva de forma transparente através de matriz de recursos.","blocked_by_node_registry"
"TPL-272","11","Agências de Marketing e Tráfego Pago","Agências Catálogo Filtrável de Soluções","tpl-mkt-catalogo-com-filtros-avancados","Website/Portfólio","Navegação por Granularidade de Nichos e Equipamentos","Clientes B2B buscando especificações técnicas detalhadas","Solicitar Ficha Técnica e Cotação","hero -> filtered_catalog -> contact -> footer","HeroBlock;ContactBlock;FooterBlock","FilteredCatalogBlock","headline,subheadline,catalog_items,filter_categories,contact_info,copyright_text","Filtros por categoria no topo e cartões com badges técnicos","Barra de filtros de produtos e grelha de resultados organizados","Facilita a busca em inventários extensos de serviços ou equipamentos.","blocked_by_node_registry"
"TPL-273","11","Agências de Marketing e Tráfego Pago","Agências Experiência Virtual & Espaço","tpl-mkt-tour-virtual-galeria-360","Captação e Reserva","Apresentação Imersiva de Ambientes e Instalações","Noivas, organizadores de eventos e clientes de imobiliário","Agendar Visita Presencial","hero -> virtual_tour -> testimonials -> form -> footer","HeroBlock;TestimonialsBlock;FormBlock;FooterBlock","VirtualTourBlock","headline,subheadline,embed_tour_url,testimonials_list,form_fields,copyright_text","Visualizador panorâmico imersivo com botões de navegação","Preview de tour virtual 360 com ícone de navegação interativa","Encanta o cliente mostrando o espaço físico em alta definição antes da visita.","blocked_by_node_registry"
"TPL-274","11","Agências de Marketing e Tráfego Pago","Agências Linha do Tempo & Tradição","tpl-mkt-linha-do-tempo-historica","Website Institucional","Demonstração de Tradição, Anos de Mercado e Milestones","Grandes contas corporativas buscando estabilidade e tradição","Falar com Nossa Gestão","hero -> timeline_history -> team -> contact -> footer","HeroBlock;TeamBlock;ContactBlock;FooterBlock","TimelineHistoryBlock","headline,subheadline,timeline_events,team_members,contact_info,copyright_text","Linha vertical cronológica com pontos de destaque históricos","Linha do tempo interativa marcando anos e conquistas da empresa","Transmite solidez e confiança comprovando anos de atuação no mercado.","blocked_by_node_registry"
"TPL-275","11","Agências de Marketing e Tráfego Pago","Agências Cardápio Interativo & Menus","tpl-mkt-menu-degustacao-cardapio","Captação e Reserva","Apresentação de Opções de Menus e Buffets para Eventos","Organizadores de eventos e noivos escolhendo gastronomia","Solicitar Degustação do Cardápio","hero -> interactive_menu -> testimonials -> form -> footer","HeroBlock;TestimonialsBlock;FormBlock;FooterBlock","InteractiveMenuBlock","headline,subheadline,menu_categories,testimonials_list,form_fields,copyright_text","Abas organizadas por pratos (Entradas, Principais, Sobremesas) com fotos","Cardápio em abas estilizadas com imagens de gastronomia","Estimula o desejo gastronómico apresentando os menus de forma elegante.","blocked_by_node_registry"
"TPL-276","12","Lançamentos Imobiliários e Corretores de Luxo","Lançamentos Direct Ads Express","tpl-imob-ads-captura-rapida","Landing Page Direta","Captura Imediata de Leads Google/Meta Ads","Pacientes/clientes urgentes em busca de atendimento direto","Solicitar Atendimento Imediato","hero -> form -> benefits -> testimonials -> footer","HeroBlock;FormBlock;BenefitsBlock;TestimonialsBlock;FooterBlock","NONE","headline,subheadline,badge_text,form_fields,submit_button_text,benefits_list,testimonials_list,copyright_text","Clean responsivo com destaque para formulário de conversão direta","Renderização do formulário em topo claro e CTA com contraste","Foco exclusivo em conversão de fundo de funil com formulário acima da dobra e sem fuga.","pilot_eligible"
"TPL-277","12","Lançamentos Imobiliários e Corretores de Luxo","Lançamentos Agendamento VIP","tpl-imob-agendamento-consulta-vip","Landing de Marcações","Agendamento Direct de Primeira Consulta","Clientes qualificados procurando atendimento exclusivo","Agendar Consulta VIP","hero -> services -> process -> testimonials -> contact -> footer","HeroBlock;ServicesBlock;ProcessBlock;TestimonialsBlock;ContactBlock;FooterBlock","NONE","headline,subheadline,badge_text,services_cards,process_steps,testimonials_list,contact_info,copyright_text","Tom premium com cartões espaçados e etapas do processo ilustradas","Hero com destaque de especialidades e botão de agendamento em destaque","Apresenta a jornada de atendimento passo a passo para gerar confiança no agendamento.","pilot_eligible"
"TPL-278","12","Lançamentos Imobiliários e Corretores de Luxo","Lançamentos Institucional Autoridade","tpl-imob-institucional-autoridade","Website Institucional","Construção de Autoridade de Marca e Apresentação de Equipa","Clientes corporativos e parceiros estratégicos","Conhecer Soluções da Empresa","hero -> about -> services -> team -> contact -> footer","HeroBlock;AboutBlock;ServicesBlock;TeamBlock;ContactBlock;FooterBlock","NONE","headline,subheadline,story_text,stat_number,stat_label,services_cards,team_members,contact_info,copyright_text","Design corporativo sóbrio com tipografia forte e fotos da equipa","Preview da secção de história e griha de membros da equipa","Posiciona o negócio como líder de mercado através da história e equipa médica/profissional.","pilot_eligible"
"TPL-279","12","Lançamentos Imobiliários e Corretores de Luxo","Lançamentos Cotação Express","tpl-imob-cotacao-progressiva-express","Landing de Cotação","Solicitação de Orçamento com Dados Iniciais","Compradores buscando estimativa rápida de investimento","Pedir Orçamento Gratuito","hero -> benefits -> form -> faq -> footer","HeroBlock;BenefitsBlock;FormBlock;FaqBlock;FooterBlock","NONE","headline,subheadline,benefits_items,form_fields,submit_button_text,faq_items,copyright_text","Foco em clareza de benefícios antes de expor os campos de orçamento","Captura destacando cartões de diferenciais e formulário de orçamento","Elimina objeções de preço respondendo perguntas frequentes antes do pedido de cotação.","pilot_eligible"
"TPL-280","12","Lançamentos Imobiliários e Corretores de Luxo","Lançamentos Catálogo de Especialidades","tpl-imob-procedimentos-especializados","Landing de Serviços","Apresentação Detalhada do Portfólio de Serviços","Público que procura soluções técnicas específicas","Consultar Especialista","hero -> services -> benefits -> process -> form -> footer","HeroBlock;ServicesBlock;BenefitsBlock;ProcessBlock;FormBlock;FooterBlock","NONE","headline,subheadline,services_cards,benefits_items,process_steps,form_fields,copyright_text","Grelha modular de serviços com ícones e marcadores técnicos","Visão geral do catálogo de serviços em grelha 3 colunas","Organiza serviços complexos de forma modular e clara para facilidade de navegação.","pilot_eligible"
"TPL-281","12","Lançamentos Imobiliários e Corretores de Luxo","Lançamentos Casos & Prova Social","tpl-imob-prova-social-intensa","Landing Page Direta","Conversão Baseada em Depoimentos e Prova de Confiança","Clientes indecisos que necessitam de validação de terceiros","Ver Resultados e Agendar","hero -> testimonials -> benefits -> faq -> contact -> footer","HeroBlock;TestimonialsBlock;BenefitsBlock;FaqBlock;ContactBlock;FooterBlock","NONE","headline,subheadline,testimonials_list,benefits_items,faq_items,contact_info,copyright_text","Estilo visual focado em cartões de avaliações com estrelas e avatares","Secção Hero integrada com avaliações 5 estrelas em destaque","Utiliza o gatilho da prova social em posição de destaque máximo para quebrar desconfiança.","pilot_eligible"
"TPL-282","12","Lançamentos Imobiliários e Corretores de Luxo","Lançamentos Diagnóstico Gratuito","tpl-imob-diagnostico-inicial-gratuito","Landing Page Direta","Captação de Leads via Oferta de Diagnóstico sem Custo","Clientes em fase de descoberta que procuram avaliação inicial","Solicitar Diagnóstico sem Custo","hero -> process -> benefits -> form -> footer","HeroBlock;ProcessBlock;BenefitsBlock;FormBlock;FooterBlock","NONE","headline,subheadline,process_steps,benefits_items,form_fields,copyright_text","Cores de alta energia e badges explicativos do diagnóstico","Hero com badge de Diagnóstico Gratuito e formulário em destaque","Reduz a barreira de entrada oferecendo uma avaliação sem compromisso financeiro.","pilot_eligible"
"TPL-283","12","Lançamentos Imobiliários e Corretores de Luxo","Lançamentos Plantão & Atendimento Rápido","tpl-imob-atendimento-urgencia-24h","Landing Page Direta","Conversão Urgente para Casos Imediatos","Público com necessidade urgente ou atendimento emergencial","Falar com Atendimento Rápido","hero -> contact -> services -> faq -> footer","HeroBlock;ContactBlock;ServicesBlock;FaqBlock;FooterBlock","NONE","headline,subheadline,phone,email,address,services_cards,faq_items,copyright_text","Layout de alta visibilidade com botão telefónico/WhatsApp de destaque imediato","Hero com botões de contacto direto e mapa de localização rápida","Focado em resolução imediata com telefone e mapa acessíveis sem rolagem.","pilot_eligible"
"TPL-284","12","Lançamentos Imobiliários e Corretores de Luxo","Lançamentos Guia de Esclarecimento & FAQ","tpl-imob-duvidas-e-faq-interativo","Landing Educacional","Captação via Esclarecimento de Dúvidas Técnicas","Clientes que pesquisam objeções antes de contratar","Tirar Minha Dúvida com Especialista","hero -> faq -> benefits -> form -> footer","HeroBlock;FaqBlock;BenefitsBlock;FormBlock;FooterBlock","NONE","headline,subheadline,faq_items,benefits_items,form_fields,copyright_text","Accordion limpo com boa legibilidade e tipografia contrastante","Secção de perguntas frequentes em destaque com busca visual","Resolve objeções complexas antecipadamente para converter tráfego qualificado.","pilot_eligible"
"TPL-285","12","Lançamentos Imobiliários e Corretores de Luxo","Lançamentos Equipa & Corpo Clínico/Técnico","tpl-imob-equipa-e-corpo-tecnico","Website Institucional","Apresentação de Credenciais e Especialistas","Clientes que escolhem profissionais por currículo e autoridade","Marcar com Nossos Especialistas","hero -> team -> about -> services -> contact -> footer","HeroBlock;TeamBlock;AboutBlock;ServicesBlock;ContactBlock;FooterBlock","NONE","headline,subheadline,team_members,story_text,services_cards,contact_info,copyright_text","Grelha elegante de perfis profissionais com bios detalhadas","Cartões de equipa com fotos profissionais e bios curtas","Foco no fator humano e nas credenciais individuais da equipa para passar segurança.","pilot_eligible"
"TPL-286","12","Lançamentos Imobiliários e Corretores de Luxo","Lançamentos Unidades & Mapa Local","tpl-imob-localizacao-e-unidades","Landing Local","Atração de Clientes Locais por Proximidade Geográfica","Moradores/empresas da região geográfica de atendimento","Ver Rota e Agendar Visita","hero -> contact -> services -> testimonials -> footer","HeroBlock;ContactBlock;ServicesBlock;TestimonialsBlock;FooterBlock","NONE","headline,subheadline,google_maps_url,address,phone,services_cards,testimonials_list,copyright_text","Destaque visual para o mapa interativo e informações de endereço","Secção de contacto com mapa integrado e horários de funcionamento","Foco total em busca local e facilidade de localização geográfica.","pilot_eligible"
"TPL-287","12","Lançamentos Imobiliários e Corretores de Luxo","Lançamentos Apresentação de Pacotes","tpl-imob-pacotes-e-condicoes","Landing de Vendas","Conversão para Pacotes Estruturados de Serviços","Clientes interessados em combos e condições especiais","Escolher Meu Pacote","hero -> services -> benefits -> form -> faq -> footer","HeroBlock;ServicesBlock;BenefitsBlock;FormBlock;FaqBlock;FooterBlock","NONE","headline,subheadline,services_cards,benefits_items,form_fields,faq_items,copyright_text","Grelha de pacotes com marcadores visuais do mais popular","Grelha de serviços formatada como cartões de pacotes","Facilita a decisão de compra agrupando serviços em ofertas claras.","pilot_eligible"
"TPL-288","12","Lançamentos Imobiliários e Corretores de Luxo","Lançamentos Nossa História & Propósito","tpl-imob-historia-e-proposito","Website Institucional","Conexão Emocional e Alinhamento de Valores","Clientes que valorizam a missão e reputação da empresa","Fazer Parte da Nossa História","hero -> about -> process -> team -> contact -> footer","HeroBlock;AboutBlock;ProcessBlock;TeamBlock;ContactBlock;FooterBlock","NONE","headline,subheadline,story_text,stat_number,stat_label,process_steps,team_members,contact_info,copyright_text","Narrativa em linha do tempo com fotografias institucionais","Secção About com bloco de estatísticas e imagens de bastidores","Constrói lealdade de longo prazo mostrando a trajetória e propósito do negócio.","pilot_eligible"
"TPL-289","12","Lançamentos Imobiliários e Corretores de Luxo","Lançamentos Jornada do Cliente","tpl-imob-solucao-passo-a-passo","Landing Educacional","Desmistificar o Processo de Prestação do Serviço","Clientes receosos quanto à complexidade do serviço","Iniciar Minha Jornada","hero -> process -> services -> testimonials -> form -> footer","HeroBlock;ProcessBlock;ServicesBlock;TestimonialsBlock;FormBlock;FooterBlock","NONE","headline,subheadline,process_steps,services_cards,testimonials_list,form_fields,copyright_text","Fluxo numérico progressivo (Passo 1, 2, 3) bem marcado","Infográfico do processo de 4 passos com conectores visuais","Reduz a ansiedade do cliente mostrando exatamente o que acontece em cada fase.","pilot_eligible"
"TPL-290","12","Lançamentos Imobiliários e Corretores de Luxo","Lançamentos Oferta de Boas-Vindas","tpl-imob-primeira-visita-especial","Landing Page Direta","Captação de Novos Clientes com Condição Especial","Público que nunca utilizou os serviços da empresa","Garantir Oferta de Boas-Vindas","hero -> benefits -> form -> testimonials -> footer","HeroBlock;BenefitsBlock;FormBlock;TestimonialsBlock;FooterBlock","NONE","headline,subheadline,badge_text,benefits_items,form_fields,testimonials_list,copyright_text","Badge destacado de oferta exclusiva no Hero","Hero com selo de Boas-Vindas e formulário de inscrição direta","Incentiva a experiência inicial através de um incentivo exclusivo para novos clientes.","pilot_eligible"
"TPL-291","12","Lançamentos Imobiliários e Corretores de Luxo","Lançamentos Sales Page VSL Longa","tpl-imob-vsl-video-sales-page","Sales Page Longa","Conversão via Vídeo de Vendas (VSL) e Pitch Estruturado","Leads de tráfego frio preparados por apresentação em vídeo","Garantir Vaga no Programa","hero_vsl -> benefits -> testimonials -> faq -> footer","BenefitsBlock;TestimonialsBlock;FaqBlock;FooterBlock","HeroVslBlock","headline,video_url,cta_primary_text,benefits_items,testimonials_list,faq_items,copyright_text","Container de vídeo centralizado com foco total na apresentação VSL","Player de vídeo VSL em topo escuro e botão CTA revelado abaixo","Focado em conversão audiovisual para infoprodutos e mentorias de alto valor.","blocked_by_node_registry"
"TPL-292","12","Lançamentos Imobiliários e Corretores de Luxo","Lançamentos Planos & Tabela de Pricing","tpl-imob-tabela-de-precos-saas","Produto / Demo / Trial","Seleção de Planos Mensais/Anuais e Free Trial","Decisores de compra avaliando pacotes e limites de software","Assinar Plano Selecionado","hero -> pricing_table -> benefits -> faq -> footer","HeroBlock;BenefitsBlock;FaqBlock;FooterBlock","PricingTableBlock","headline,subheadline,pricing_plans,features_comparison,faq_items,copyright_text","Cartões de preços comparativos com alternador Mensal/Anual","Grelha de 3 planos de preços com destaque para o plano recomendado","Transparência total de preços e funcionalidades para SaaS e assinaturas.","blocked_by_node_registry"
"TPL-293","12","Lançamentos Imobiliários e Corretores de Luxo","Lançamentos Mostra de Portfólio & Projetos","tpl-imob-galeria-portfolio-projetos","Website/Portfólio","Exibição Visual de Projetos Concluídos","Clientes de alto padrão avaliando qualidade estética e acabamento","Solicitar Projeto Semelhante","hero -> gallery_grid -> process -> contact -> footer","HeroBlock;ProcessBlock;ContactBlock;FooterBlock","GalleryGridBlock","headline,subheadline,gallery_images,project_categories,contact_info,copyright_text","Grelha masonry de alta resolução com lightbox interativo","Galeria visual de projetos com filtros por categoria","Demonstra a excelência técnica através do trabalho visualmente concluído.","blocked_by_node_registry"
"TPL-294","12","Lançamentos Imobiliários e Corretores de Luxo","Lançamentos Calculadora Interativa de Cotação","tpl-imob-simulador-calculadora-cotacao","Landing de Cotação","Estimativa Interativa em Tempo Real pelo Cliente","Clientes que desejam calcular o investimento aproximado","Enviar Resultado da Simulação","hero -> interactive_calculator -> form -> faq -> footer","HeroBlock;FormBlock;FaqBlock;FooterBlock","CalculatorBlock","headline,subheadline,calculator_fields,form_fields,faq_items,copyright_text","Sliders e seletores interativos com valor total calculado em tempo real","Calculadora interativa com controles deslizantes e resultado estimado","Engaja o utilizador permitindo simular o valor exato da sua necessidade.","blocked_by_node_registry"
"TPL-295","12","Lançamentos Imobiliários e Corretores de Luxo","Lançamentos Agendador com Calendário Ao Vivo","tpl-imob-calendario-agendamento-online","Landing de Marcações","Reserva Direta de Data e Horário em Agenda Integrada","Clientes que preferem selecionar o dia e hora no momento","Confirmar Data e Horário","hero -> booking_calendar -> testimonials -> footer","HeroBlock;TestimonialsBlock;FooterBlock","BookingCalendarBlock","headline,subheadline,available_slots,testimonials_list,copyright_text","Calendário interativo com escolha de horário em tempo real","Widget de calendário mensal com seleção de slots de horário","Elimina trocas de mensagens agendando a reunião/consulta diretamente.","blocked_by_node_registry"
"TPL-296","12","Lançamentos Imobiliários e Corretores de Luxo","Lançamentos Comparativo de Soluções B2B","tpl-imob-tabela-comparativa-recursos","Produto / Demo / Trial","Demonstração de Superioridade em Relação a Alternativas","Compradores B2B comparando concorrentes e funcionalidades","Escolher a Solução Líder","hero -> comparison_table -> benefits -> form -> footer","HeroBlock;BenefitsBlock;FormBlock;FooterBlock","ComparisonTableBlock","headline,subheadline,comparison_matrix,benefits_items,form_fields,copyright_text","Tabela comparativa com marcas de verificação (checkmarks) e destaques","Tabela comparativa matricial com a empresa destacada na 1ª coluna","Prova a vantagem competitiva de forma transparente através de matriz de recursos.","blocked_by_node_registry"
"TPL-297","12","Lançamentos Imobiliários e Corretores de Luxo","Lançamentos Catálogo Filtrável de Soluções","tpl-imob-catalogo-com-filtros-avancados","Website/Portfólio","Navegação por Granularidade de Nichos e Equipamentos","Clientes B2B buscando especificações técnicas detalhadas","Solicitar Ficha Técnica e Cotação","hero -> filtered_catalog -> contact -> footer","HeroBlock;ContactBlock;FooterBlock","FilteredCatalogBlock","headline,subheadline,catalog_items,filter_categories,contact_info,copyright_text","Filtros por categoria no topo e cartões com badges técnicos","Barra de filtros de produtos e grelha de resultados organizados","Facilita a busca em inventários extensos de serviços ou equipamentos.","blocked_by_node_registry"
"TPL-298","12","Lançamentos Imobiliários e Corretores de Luxo","Lançamentos Experiência Virtual & Espaço","tpl-imob-tour-virtual-galeria-360","Captação e Reserva","Apresentação Imersiva de Ambientes e Instalações","Noivas, organizadores de eventos e clientes de imobiliário","Agendar Visita Presencial","hero -> virtual_tour -> testimonials -> form -> footer","HeroBlock;TestimonialsBlock;FormBlock;FooterBlock","VirtualTourBlock","headline,subheadline,embed_tour_url,testimonials_list,form_fields,copyright_text","Visualizador panorâmico imersivo com botões de navegação","Preview de tour virtual 360 com ícone de navegação interativa","Encanta o cliente mostrando o espaço físico em alta definição antes da visita.","blocked_by_node_registry"
"TPL-299","12","Lançamentos Imobiliários e Corretores de Luxo","Lançamentos Linha do Tempo & Tradição","tpl-imob-linha-do-tempo-historica","Website Institucional","Demonstração de Tradição, Anos de Mercado e Milestones","Grandes contas corporativas buscando estabilidade e tradição","Falar com Nossa Gestão","hero -> timeline_history -> team -> contact -> footer","HeroBlock;TeamBlock;ContactBlock;FooterBlock","TimelineHistoryBlock","headline,subheadline,timeline_events,team_members,contact_info,copyright_text","Linha vertical cronológica com pontos de destaque históricos","Linha do tempo interativa marcando anos e conquistas da empresa","Transmite solidez e confiança comprovando anos de atuação no mercado.","blocked_by_node_registry"
"TPL-300","12","Lançamentos Imobiliários e Corretores de Luxo","Lançamentos Cardápio Interativo & Menus","tpl-imob-menu-degustacao-cardapio","Captação e Reserva","Apresentação de Opções de Menus e Buffets para Eventos","Organizadores de eventos e noivos escolhendo gastronomia","Solicitar Degustação do Cardápio","hero -> interactive_menu -> testimonials -> form -> footer","HeroBlock;TestimonialsBlock;FormBlock;FooterBlock","InteractiveMenuBlock","headline,subheadline,menu_categories,testimonials_list,form_fields,copyright_text","Abas organizadas por pratos (Entradas, Principais, Sobremesas) com fotos","Cardápio em abas estilizadas com imagens de gastronomia","Estimula o desejo gastronómico apresentando os menus de forma elegante.","blocked_by_node_registry"
"TPL-301","13","Arquitetura e Design de Interiores","Arquitetura Direct Ads Express","tpl-arq-ads-captura-rapida","Landing Page Direta","Captura Imediata de Leads Google/Meta Ads","Pacientes/clientes urgentes em busca de atendimento direto","Solicitar Atendimento Imediato","hero -> form -> benefits -> testimonials -> footer","HeroBlock;FormBlock;BenefitsBlock;TestimonialsBlock;FooterBlock","NONE","headline,subheadline,badge_text,form_fields,submit_button_text,benefits_list,testimonials_list,copyright_text","Clean responsivo com destaque para formulário de conversão direta","Renderização do formulário em topo claro e CTA com contraste","Foco exclusivo em conversão de fundo de funil com formulário acima da dobra e sem fuga.","pilot_eligible"
"TPL-302","13","Arquitetura e Design de Interiores","Arquitetura Agendamento VIP","tpl-arq-agendamento-consulta-vip","Landing de Marcações","Agendamento Direct de Primeira Consulta","Clientes qualificados procurando atendimento exclusivo","Agendar Consulta VIP","hero -> services -> process -> testimonials -> contact -> footer","HeroBlock;ServicesBlock;ProcessBlock;TestimonialsBlock;ContactBlock;FooterBlock","NONE","headline,subheadline,badge_text,services_cards,process_steps,testimonials_list,contact_info,copyright_text","Tom premium com cartões espaçados e etapas do processo ilustradas","Hero com destaque de especialidades e botão de agendamento em destaque","Apresenta a jornada de atendimento passo a passo para gerar confiança no agendamento.","pilot_eligible"
"TPL-303","13","Arquitetura e Design de Interiores","Arquitetura Institucional Autoridade","tpl-arq-institucional-autoridade","Website Institucional","Construção de Autoridade de Marca e Apresentação de Equipa","Clientes corporativos e parceiros estratégicos","Conhecer Soluções da Empresa","hero -> about -> services -> team -> contact -> footer","HeroBlock;AboutBlock;ServicesBlock;TeamBlock;ContactBlock;FooterBlock","NONE","headline,subheadline,story_text,stat_number,stat_label,services_cards,team_members,contact_info,copyright_text","Design corporativo sóbrio com tipografia forte e fotos da equipa","Preview da secção de história e griha de membros da equipa","Posiciona o negócio como líder de mercado através da história e equipa médica/profissional.","pilot_eligible"
"TPL-304","13","Arquitetura e Design de Interiores","Arquitetura Cotação Express","tpl-arq-cotacao-progressiva-express","Landing de Cotação","Solicitação de Orçamento com Dados Iniciais","Compradores buscando estimativa rápida de investimento","Pedir Orçamento Gratuito","hero -> benefits -> form -> faq -> footer","HeroBlock;BenefitsBlock;FormBlock;FaqBlock;FooterBlock","NONE","headline,subheadline,benefits_items,form_fields,submit_button_text,faq_items,copyright_text","Foco em clareza de benefícios antes de expor os campos de orçamento","Captura destacando cartões de diferenciais e formulário de orçamento","Elimina objeções de preço respondendo perguntas frequentes antes do pedido de cotação.","pilot_eligible"
"TPL-305","13","Arquitetura e Design de Interiores","Arquitetura Catálogo de Especialidades","tpl-arq-procedimentos-especializados","Landing de Serviços","Apresentação Detalhada do Portfólio de Serviços","Público que procura soluções técnicas específicas","Consultar Especialista","hero -> services -> benefits -> process -> form -> footer","HeroBlock;ServicesBlock;BenefitsBlock;ProcessBlock;FormBlock;FooterBlock","NONE","headline,subheadline,services_cards,benefits_items,process_steps,form_fields,copyright_text","Grelha modular de serviços com ícones e marcadores técnicos","Visão geral do catálogo de serviços em grelha 3 colunas","Organiza serviços complexos de forma modular e clara para facilidade de navegação.","pilot_eligible"
"TPL-306","13","Arquitetura e Design de Interiores","Arquitetura Casos & Prova Social","tpl-arq-prova-social-intensa","Landing Page Direta","Conversão Baseada em Depoimentos e Prova de Confiança","Clientes indecisos que necessitam de validação de terceiros","Ver Resultados e Agendar","hero -> testimonials -> benefits -> faq -> contact -> footer","HeroBlock;TestimonialsBlock;BenefitsBlock;FaqBlock;ContactBlock;FooterBlock","NONE","headline,subheadline,testimonials_list,benefits_items,faq_items,contact_info,copyright_text","Estilo visual focado em cartões de avaliações com estrelas e avatares","Secção Hero integrada com avaliações 5 estrelas em destaque","Utiliza o gatilho da prova social em posição de destaque máximo para quebrar desconfiança.","pilot_eligible"
"TPL-307","13","Arquitetura e Design de Interiores","Arquitetura Diagnóstico Gratuito","tpl-arq-diagnostico-inicial-gratuito","Landing Page Direta","Captação de Leads via Oferta de Diagnóstico sem Custo","Clientes em fase de descoberta que procuram avaliação inicial","Solicitar Diagnóstico sem Custo","hero -> process -> benefits -> form -> footer","HeroBlock;ProcessBlock;BenefitsBlock;FormBlock;FooterBlock","NONE","headline,subheadline,process_steps,benefits_items,form_fields,copyright_text","Cores de alta energia e badges explicativos do diagnóstico","Hero com badge de Diagnóstico Gratuito e formulário em destaque","Reduz a barreira de entrada oferecendo uma avaliação sem compromisso financeiro.","pilot_eligible"
"TPL-308","13","Arquitetura e Design de Interiores","Arquitetura Plantão & Atendimento Rápido","tpl-arq-atendimento-urgencia-24h","Landing Page Direta","Conversão Urgente para Casos Imediatos","Público com necessidade urgente ou atendimento emergencial","Falar com Atendimento Rápido","hero -> contact -> services -> faq -> footer","HeroBlock;ContactBlock;ServicesBlock;FaqBlock;FooterBlock","NONE","headline,subheadline,phone,email,address,services_cards,faq_items,copyright_text","Layout de alta visibilidade com botão telefónico/WhatsApp de destaque imediato","Hero com botões de contacto direto e mapa de localização rápida","Focado em resolução imediata com telefone e mapa acessíveis sem rolagem.","pilot_eligible"
"TPL-309","13","Arquitetura e Design de Interiores","Arquitetura Guia de Esclarecimento & FAQ","tpl-arq-duvidas-e-faq-interativo","Landing Educacional","Captação via Esclarecimento de Dúvidas Técnicas","Clientes que pesquisam objeções antes de contratar","Tirar Minha Dúvida com Especialista","hero -> faq -> benefits -> form -> footer","HeroBlock;FaqBlock;BenefitsBlock;FormBlock;FooterBlock","NONE","headline,subheadline,faq_items,benefits_items,form_fields,copyright_text","Accordion limpo com boa legibilidade e tipografia contrastante","Secção de perguntas frequentes em destaque com busca visual","Resolve objeções complexas antecipadamente para converter tráfego qualificado.","pilot_eligible"
"TPL-310","13","Arquitetura e Design de Interiores","Arquitetura Equipa & Corpo Clínico/Técnico","tpl-arq-equipa-e-corpo-tecnico","Website Institucional","Apresentação de Credenciais e Especialistas","Clientes que escolhem profissionais por currículo e autoridade","Marcar com Nossos Especialistas","hero -> team -> about -> services -> contact -> footer","HeroBlock;TeamBlock;AboutBlock;ServicesBlock;ContactBlock;FooterBlock","NONE","headline,subheadline,team_members,story_text,services_cards,contact_info,copyright_text","Grelha elegante de perfis profissionais com bios detalhadas","Cartões de equipa com fotos profissionais e bios curtas","Foco no fator humano e nas credenciais individuais da equipa para passar segurança.","pilot_eligible"
"TPL-311","13","Arquitetura e Design de Interiores","Arquitetura Unidades & Mapa Local","tpl-arq-localizacao-e-unidades","Landing Local","Atração de Clientes Locais por Proximidade Geográfica","Moradores/empresas da região geográfica de atendimento","Ver Rota e Agendar Visita","hero -> contact -> services -> testimonials -> footer","HeroBlock;ContactBlock;ServicesBlock;TestimonialsBlock;FooterBlock","NONE","headline,subheadline,google_maps_url,address,phone,services_cards,testimonials_list,copyright_text","Destaque visual para o mapa interativo e informações de endereço","Secção de contacto com mapa integrado e horários de funcionamento","Foco total em busca local e facilidade de localização geográfica.","pilot_eligible"
"TPL-312","13","Arquitetura e Design de Interiores","Arquitetura Apresentação de Pacotes","tpl-arq-pacotes-e-condicoes","Landing de Vendas","Conversão para Pacotes Estruturados de Serviços","Clientes interessados em combos e condições especiais","Escolher Meu Pacote","hero -> services -> benefits -> form -> faq -> footer","HeroBlock;ServicesBlock;BenefitsBlock;FormBlock;FaqBlock;FooterBlock","NONE","headline,subheadline,services_cards,benefits_items,form_fields,faq_items,copyright_text","Grelha de pacotes com marcadores visuais do mais popular","Grelha de serviços formatada como cartões de pacotes","Facilita a decisão de compra agrupando serviços em ofertas claras.","pilot_eligible"
"TPL-313","13","Arquitetura e Design de Interiores","Arquitetura Nossa História & Propósito","tpl-arq-historia-e-proposito","Website Institucional","Conexão Emocional e Alinhamento de Valores","Clientes que valorizam a missão e reputação da empresa","Fazer Parte da Nossa História","hero -> about -> process -> team -> contact -> footer","HeroBlock;AboutBlock;ProcessBlock;TeamBlock;ContactBlock;FooterBlock","NONE","headline,subheadline,story_text,stat_number,stat_label,process_steps,team_members,contact_info,copyright_text","Narrativa em linha do tempo com fotografias institucionais","Secção About com bloco de estatísticas e imagens de bastidores","Constrói lealdade de longo prazo mostrando a trajetória e propósito do negócio.","pilot_eligible"
"TPL-314","13","Arquitetura e Design de Interiores","Arquitetura Jornada do Cliente","tpl-arq-solucao-passo-a-passo","Landing Educacional","Desmistificar o Processo de Prestação do Serviço","Clientes receosos quanto à complexidade do serviço","Iniciar Minha Jornada","hero -> process -> services -> testimonials -> form -> footer","HeroBlock;ProcessBlock;ServicesBlock;TestimonialsBlock;FormBlock;FooterBlock","NONE","headline,subheadline,process_steps,services_cards,testimonials_list,form_fields,copyright_text","Fluxo numérico progressivo (Passo 1, 2, 3) bem marcado","Infográfico do processo de 4 passos com conectores visuais","Reduz a ansiedade do cliente mostrando exatamente o que acontece em cada fase.","pilot_eligible"
"TPL-315","13","Arquitetura e Design de Interiores","Arquitetura Oferta de Boas-Vindas","tpl-arq-primeira-visita-especial","Landing Page Direta","Captação de Novos Clientes com Condição Especial","Público que nunca utilizou os serviços da empresa","Garantir Oferta de Boas-Vindas","hero -> benefits -> form -> testimonials -> footer","HeroBlock;BenefitsBlock;FormBlock;TestimonialsBlock;FooterBlock","NONE","headline,subheadline,badge_text,benefits_items,form_fields,testimonials_list,copyright_text","Badge destacado de oferta exclusiva no Hero","Hero com selo de Boas-Vindas e formulário de inscrição direta","Incentiva a experiência inicial através de um incentivo exclusivo para novos clientes.","pilot_eligible"
"TPL-316","13","Arquitetura e Design de Interiores","Arquitetura Sales Page VSL Longa","tpl-arq-vsl-video-sales-page","Sales Page Longa","Conversão via Vídeo de Vendas (VSL) e Pitch Estruturado","Leads de tráfego frio preparados por apresentação em vídeo","Garantir Vaga no Programa","hero_vsl -> benefits -> testimonials -> faq -> footer","BenefitsBlock;TestimonialsBlock;FaqBlock;FooterBlock","HeroVslBlock","headline,video_url,cta_primary_text,benefits_items,testimonials_list,faq_items,copyright_text","Container de vídeo centralizado com foco total na apresentação VSL","Player de vídeo VSL em topo escuro e botão CTA revelado abaixo","Focado em conversão audiovisual para infoprodutos e mentorias de alto valor.","blocked_by_node_registry"
"TPL-317","13","Arquitetura e Design de Interiores","Arquitetura Planos & Tabela de Pricing","tpl-arq-tabela-de-precos-saas","Produto / Demo / Trial","Seleção de Planos Mensais/Anuais e Free Trial","Decisores de compra avaliando pacotes e limites de software","Assinar Plano Selecionado","hero -> pricing_table -> benefits -> faq -> footer","HeroBlock;BenefitsBlock;FaqBlock;FooterBlock","PricingTableBlock","headline,subheadline,pricing_plans,features_comparison,faq_items,copyright_text","Cartões de preços comparativos com alternador Mensal/Anual","Grelha de 3 planos de preços com destaque para o plano recomendado","Transparência total de preços e funcionalidades para SaaS e assinaturas.","blocked_by_node_registry"
"TPL-318","13","Arquitetura e Design de Interiores","Arquitetura Mostra de Portfólio & Projetos","tpl-arq-galeria-portfolio-projetos","Website/Portfólio","Exibição Visual de Projetos Concluídos","Clientes de alto padrão avaliando qualidade estética e acabamento","Solicitar Projeto Semelhante","hero -> gallery_grid -> process -> contact -> footer","HeroBlock;ProcessBlock;ContactBlock;FooterBlock","GalleryGridBlock","headline,subheadline,gallery_images,project_categories,contact_info,copyright_text","Grelha masonry de alta resolução com lightbox interativo","Galeria visual de projetos com filtros por categoria","Demonstra a excelência técnica através do trabalho visualmente concluído.","blocked_by_node_registry"
"TPL-319","13","Arquitetura e Design de Interiores","Arquitetura Calculadora Interativa de Cotação","tpl-arq-simulador-calculadora-cotacao","Landing de Cotação","Estimativa Interativa em Tempo Real pelo Cliente","Clientes que desejam calcular o investimento aproximado","Enviar Resultado da Simulação","hero -> interactive_calculator -> form -> faq -> footer","HeroBlock;FormBlock;FaqBlock;FooterBlock","CalculatorBlock","headline,subheadline,calculator_fields,form_fields,faq_items,copyright_text","Sliders e seletores interativos com valor total calculado em tempo real","Calculadora interativa com controles deslizantes e resultado estimado","Engaja o utilizador permitindo simular o valor exato da sua necessidade.","blocked_by_node_registry"
"TPL-320","13","Arquitetura e Design de Interiores","Arquitetura Agendador com Calendário Ao Vivo","tpl-arq-calendario-agendamento-online","Landing de Marcações","Reserva Direta de Data e Horário em Agenda Integrada","Clientes que preferem selecionar o dia e hora no momento","Confirmar Data e Horário","hero -> booking_calendar -> testimonials -> footer","HeroBlock;TestimonialsBlock;FooterBlock","BookingCalendarBlock","headline,subheadline,available_slots,testimonials_list,copyright_text","Calendário interativo com escolha de horário em tempo real","Widget de calendário mensal com seleção de slots de horário","Elimina trocas de mensagens agendando a reunião/consulta diretamente.","blocked_by_node_registry"
"TPL-321","13","Arquitetura e Design de Interiores","Arquitetura Comparativo de Soluções B2B","tpl-arq-tabela-comparativa-recursos","Produto / Demo / Trial","Demonstração de Superioridade em Relação a Alternativas","Compradores B2B comparando concorrentes e funcionalidades","Escolher a Solução Líder","hero -> comparison_table -> benefits -> form -> footer","HeroBlock;BenefitsBlock;FormBlock;FooterBlock","ComparisonTableBlock","headline,subheadline,comparison_matrix,benefits_items,form_fields,copyright_text","Tabela comparativa com marcas de verificação (checkmarks) e destaques","Tabela comparativa matricial com a empresa destacada na 1ª coluna","Prova a vantagem competitiva de forma transparente através de matriz de recursos.","blocked_by_node_registry"
"TPL-322","13","Arquitetura e Design de Interiores","Arquitetura Catálogo Filtrável de Soluções","tpl-arq-catalogo-com-filtros-avancados","Website/Portfólio","Navegação por Granularidade de Nichos e Equipamentos","Clientes B2B buscando especificações técnicas detalhadas","Solicitar Ficha Técnica e Cotação","hero -> filtered_catalog -> contact -> footer","HeroBlock;ContactBlock;FooterBlock","FilteredCatalogBlock","headline,subheadline,catalog_items,filter_categories,contact_info,copyright_text","Filtros por categoria no topo e cartões com badges técnicos","Barra de filtros de produtos e grelha de resultados organizados","Facilita a busca em inventários extensos de serviços ou equipamentos.","blocked_by_node_registry"
"TPL-323","13","Arquitetura e Design de Interiores","Arquitetura Experiência Virtual & Espaço","tpl-arq-tour-virtual-galeria-360","Captação e Reserva","Apresentação Imersiva de Ambientes e Instalações","Noivas, organizadores de eventos e clientes de imobiliário","Agendar Visita Presencial","hero -> virtual_tour -> testimonials -> form -> footer","HeroBlock;TestimonialsBlock;FormBlock;FooterBlock","VirtualTourBlock","headline,subheadline,embed_tour_url,testimonials_list,form_fields,copyright_text","Visualizador panorâmico imersivo com botões de navegação","Preview de tour virtual 360 com ícone de navegação interativa","Encanta o cliente mostrando o espaço físico em alta definição antes da visita.","blocked_by_node_registry"
"TPL-324","13","Arquitetura e Design de Interiores","Arquitetura Linha do Tempo & Tradição","tpl-arq-linha-do-tempo-historica","Website Institucional","Demonstração de Tradição, Anos de Mercado e Milestones","Grandes contas corporativas buscando estabilidade e tradição","Falar com Nossa Gestão","hero -> timeline_history -> team -> contact -> footer","HeroBlock;TeamBlock;ContactBlock;FooterBlock","TimelineHistoryBlock","headline,subheadline,timeline_events,team_members,contact_info,copyright_text","Linha vertical cronológica com pontos de destaque históricos","Linha do tempo interativa marcando anos e conquistas da empresa","Transmite solidez e confiança comprovando anos de atuação no mercado.","blocked_by_node_registry"
"TPL-325","13","Arquitetura e Design de Interiores","Arquitetura Cardápio Interativo & Menus","tpl-arq-menu-degustacao-cardapio","Captação e Reserva","Apresentação de Opções de Menus e Buffets para Eventos","Organizadores de eventos e noivos escolhendo gastronomia","Solicitar Degustação do Cardápio","hero -> interactive_menu -> testimonials -> form -> footer","HeroBlock;TestimonialsBlock;FormBlock;FooterBlock","InteractiveMenuBlock","headline,subheadline,menu_categories,testimonials_list,form_fields,copyright_text","Abas organizadas por pratos (Entradas, Principais, Sobremesas) com fotos","Cardápio em abas estilizadas com imagens de gastronomia","Estimula o desejo gastronómico apresentando os menus de forma elegante.","blocked_by_node_registry"
"TPL-326","14","Engenharia Civil e Construção Modular","Engenharia Direct Ads Express","tpl-eng-ads-captura-rapida","Landing Page Direta","Captura Imediata de Leads Google/Meta Ads","Pacientes/clientes urgentes em busca de atendimento direto","Solicitar Atendimento Imediato","hero -> form -> benefits -> testimonials -> footer","HeroBlock;FormBlock;BenefitsBlock;TestimonialsBlock;FooterBlock","NONE","headline,subheadline,badge_text,form_fields,submit_button_text,benefits_list,testimonials_list,copyright_text","Clean responsivo com destaque para formulário de conversão direta","Renderização do formulário em topo claro e CTA com contraste","Foco exclusivo em conversão de fundo de funil com formulário acima da dobra e sem fuga.","pilot_eligible"
"TPL-327","14","Engenharia Civil e Construção Modular","Engenharia Agendamento VIP","tpl-eng-agendamento-consulta-vip","Landing de Marcações","Agendamento Direct de Primeira Consulta","Clientes qualificados procurando atendimento exclusivo","Agendar Consulta VIP","hero -> services -> process -> testimonials -> contact -> footer","HeroBlock;ServicesBlock;ProcessBlock;TestimonialsBlock;ContactBlock;FooterBlock","NONE","headline,subheadline,badge_text,services_cards,process_steps,testimonials_list,contact_info,copyright_text","Tom premium com cartões espaçados e etapas do processo ilustradas","Hero com destaque de especialidades e botão de agendamento em destaque","Apresenta a jornada de atendimento passo a passo para gerar confiança no agendamento.","pilot_eligible"
"TPL-328","14","Engenharia Civil e Construção Modular","Engenharia Institucional Autoridade","tpl-eng-institucional-autoridade","Website Institucional","Construção de Autoridade de Marca e Apresentação de Equipa","Clientes corporativos e parceiros estratégicos","Conhecer Soluções da Empresa","hero -> about -> services -> team -> contact -> footer","HeroBlock;AboutBlock;ServicesBlock;TeamBlock;ContactBlock;FooterBlock","NONE","headline,subheadline,story_text,stat_number,stat_label,services_cards,team_members,contact_info,copyright_text","Design corporativo sóbrio com tipografia forte e fotos da equipa","Preview da secção de história e griha de membros da equipa","Posiciona o negócio como líder de mercado através da história e equipa médica/profissional.","pilot_eligible"
"TPL-329","14","Engenharia Civil e Construção Modular","Engenharia Cotação Express","tpl-eng-cotacao-progressiva-express","Landing de Cotação","Solicitação de Orçamento com Dados Iniciais","Compradores buscando estimativa rápida de investimento","Pedir Orçamento Gratuito","hero -> benefits -> form -> faq -> footer","HeroBlock;BenefitsBlock;FormBlock;FaqBlock;FooterBlock","NONE","headline,subheadline,benefits_items,form_fields,submit_button_text,faq_items,copyright_text","Foco em clareza de benefícios antes de expor os campos de orçamento","Captura destacando cartões de diferenciais e formulário de orçamento","Elimina objeções de preço respondendo perguntas frequentes antes do pedido de cotação.","pilot_eligible"
"TPL-330","14","Engenharia Civil e Construção Modular","Engenharia Catálogo de Especialidades","tpl-eng-procedimentos-especializados","Landing de Serviços","Apresentação Detalhada do Portfólio de Serviços","Público que procura soluções técnicas específicas","Consultar Especialista","hero -> services -> benefits -> process -> form -> footer","HeroBlock;ServicesBlock;BenefitsBlock;ProcessBlock;FormBlock;FooterBlock","NONE","headline,subheadline,services_cards,benefits_items,process_steps,form_fields,copyright_text","Grelha modular de serviços com ícones e marcadores técnicos","Visão geral do catálogo de serviços em grelha 3 colunas","Organiza serviços complexos de forma modular e clara para facilidade de navegação.","pilot_eligible"
"TPL-331","14","Engenharia Civil e Construção Modular","Engenharia Casos & Prova Social","tpl-eng-prova-social-intensa","Landing Page Direta","Conversão Baseada em Depoimentos e Prova de Confiança","Clientes indecisos que necessitam de validação de terceiros","Ver Resultados e Agendar","hero -> testimonials -> benefits -> faq -> contact -> footer","HeroBlock;TestimonialsBlock;BenefitsBlock;FaqBlock;ContactBlock;FooterBlock","NONE","headline,subheadline,testimonials_list,benefits_items,faq_items,contact_info,copyright_text","Estilo visual focado em cartões de avaliações com estrelas e avatares","Secção Hero integrada com avaliações 5 estrelas em destaque","Utiliza o gatilho da prova social em posição de destaque máximo para quebrar desconfiança.","pilot_eligible"
"TPL-332","14","Engenharia Civil e Construção Modular","Engenharia Diagnóstico Gratuito","tpl-eng-diagnostico-inicial-gratuito","Landing Page Direta","Captação de Leads via Oferta de Diagnóstico sem Custo","Clientes em fase de descoberta que procuram avaliação inicial","Solicitar Diagnóstico sem Custo","hero -> process -> benefits -> form -> footer","HeroBlock;ProcessBlock;BenefitsBlock;FormBlock;FooterBlock","NONE","headline,subheadline,process_steps,benefits_items,form_fields,copyright_text","Cores de alta energia e badges explicativos do diagnóstico","Hero com badge de Diagnóstico Gratuito e formulário em destaque","Reduz a barreira de entrada oferecendo uma avaliação sem compromisso financeiro.","pilot_eligible"
"TPL-333","14","Engenharia Civil e Construção Modular","Engenharia Plantão & Atendimento Rápido","tpl-eng-atendimento-urgencia-24h","Landing Page Direta","Conversão Urgente para Casos Imediatos","Público com necessidade urgente ou atendimento emergencial","Falar com Atendimento Rápido","hero -> contact -> services -> faq -> footer","HeroBlock;ContactBlock;ServicesBlock;FaqBlock;FooterBlock","NONE","headline,subheadline,phone,email,address,services_cards,faq_items,copyright_text","Layout de alta visibilidade com botão telefónico/WhatsApp de destaque imediato","Hero com botões de contacto direto e mapa de localização rápida","Focado em resolução imediata com telefone e mapa acessíveis sem rolagem.","pilot_eligible"
"TPL-334","14","Engenharia Civil e Construção Modular","Engenharia Guia de Esclarecimento & FAQ","tpl-eng-duvidas-e-faq-interativo","Landing Educacional","Captação via Esclarecimento de Dúvidas Técnicas","Clientes que pesquisam objeções antes de contratar","Tirar Minha Dúvida com Especialista","hero -> faq -> benefits -> form -> footer","HeroBlock;FaqBlock;BenefitsBlock;FormBlock;FooterBlock","NONE","headline,subheadline,faq_items,benefits_items,form_fields,copyright_text","Accordion limpo com boa legibilidade e tipografia contrastante","Secção de perguntas frequentes em destaque com busca visual","Resolve objeções complexas antecipadamente para converter tráfego qualificado.","pilot_eligible"
"TPL-335","14","Engenharia Civil e Construção Modular","Engenharia Equipa & Corpo Clínico/Técnico","tpl-eng-equipa-e-corpo-tecnico","Website Institucional","Apresentação de Credenciais e Especialistas","Clientes que escolhem profissionais por currículo e autoridade","Marcar com Nossos Especialistas","hero -> team -> about -> services -> contact -> footer","HeroBlock;TeamBlock;AboutBlock;ServicesBlock;ContactBlock;FooterBlock","NONE","headline,subheadline,team_members,story_text,services_cards,contact_info,copyright_text","Grelha elegante de perfis profissionais com bios detalhadas","Cartões de equipa com fotos profissionais e bios curtas","Foco no fator humano e nas credenciais individuais da equipa para passar segurança.","pilot_eligible"
"TPL-336","14","Engenharia Civil e Construção Modular","Engenharia Unidades & Mapa Local","tpl-eng-localizacao-e-unidades","Landing Local","Atração de Clientes Locais por Proximidade Geográfica","Moradores/empresas da região geográfica de atendimento","Ver Rota e Agendar Visita","hero -> contact -> services -> testimonials -> footer","HeroBlock;ContactBlock;ServicesBlock;TestimonialsBlock;FooterBlock","NONE","headline,subheadline,google_maps_url,address,phone,services_cards,testimonials_list,copyright_text","Destaque visual para o mapa interativo e informações de endereço","Secção de contacto com mapa integrado e horários de funcionamento","Foco total em busca local e facilidade de localização geográfica.","pilot_eligible"
"TPL-337","14","Engenharia Civil e Construção Modular","Engenharia Apresentação de Pacotes","tpl-eng-pacotes-e-condicoes","Landing de Vendas","Conversão para Pacotes Estruturados de Serviços","Clientes interessados em combos e condições especiais","Escolher Meu Pacote","hero -> services -> benefits -> form -> faq -> footer","HeroBlock;ServicesBlock;BenefitsBlock;FormBlock;FaqBlock;FooterBlock","NONE","headline,subheadline,services_cards,benefits_items,form_fields,faq_items,copyright_text","Grelha de pacotes com marcadores visuais do mais popular","Grelha de serviços formatada como cartões de pacotes","Facilita a decisão de compra agrupando serviços em ofertas claras.","pilot_eligible"
"TPL-338","14","Engenharia Civil e Construção Modular","Engenharia Nossa História & Propósito","tpl-eng-historia-e-proposito","Website Institucional","Conexão Emocional e Alinhamento de Valores","Clientes que valorizam a missão e reputação da empresa","Fazer Parte da Nossa História","hero -> about -> process -> team -> contact -> footer","HeroBlock;AboutBlock;ProcessBlock;TeamBlock;ContactBlock;FooterBlock","NONE","headline,subheadline,story_text,stat_number,stat_label,process_steps,team_members,contact_info,copyright_text","Narrativa em linha do tempo com fotografias institucionais","Secção About com bloco de estatísticas e imagens de bastidores","Constrói lealdade de longo prazo mostrando a trajetória e propósito do negócio.","pilot_eligible"
"TPL-339","14","Engenharia Civil e Construção Modular","Engenharia Jornada do Cliente","tpl-eng-solucao-passo-a-passo","Landing Educacional","Desmistificar o Processo de Prestação do Serviço","Clientes receosos quanto à complexidade do serviço","Iniciar Minha Jornada","hero -> process -> services -> testimonials -> form -> footer","HeroBlock;ProcessBlock;ServicesBlock;TestimonialsBlock;FormBlock;FooterBlock","NONE","headline,subheadline,process_steps,services_cards,testimonials_list,form_fields,copyright_text","Fluxo numérico progressivo (Passo 1, 2, 3) bem marcado","Infográfico do processo de 4 passos com conectores visuais","Reduz a ansiedade do cliente mostrando exatamente o que acontece em cada fase.","pilot_eligible"
"TPL-340","14","Engenharia Civil e Construção Modular","Engenharia Oferta de Boas-Vindas","tpl-eng-primeira-visita-especial","Landing Page Direta","Captação de Novos Clientes com Condição Especial","Público que nunca utilizou os serviços da empresa","Garantir Oferta de Boas-Vindas","hero -> benefits -> form -> testimonials -> footer","HeroBlock;BenefitsBlock;FormBlock;TestimonialsBlock;FooterBlock","NONE","headline,subheadline,badge_text,benefits_items,form_fields,testimonials_list,copyright_text","Badge destacado de oferta exclusiva no Hero","Hero com selo de Boas-Vindas e formulário de inscrição direta","Incentiva a experiência inicial através de um incentivo exclusivo para novos clientes.","pilot_eligible"
"TPL-341","14","Engenharia Civil e Construção Modular","Engenharia Sales Page VSL Longa","tpl-eng-vsl-video-sales-page","Sales Page Longa","Conversão via Vídeo de Vendas (VSL) e Pitch Estruturado","Leads de tráfego frio preparados por apresentação em vídeo","Garantir Vaga no Programa","hero_vsl -> benefits -> testimonials -> faq -> footer","BenefitsBlock;TestimonialsBlock;FaqBlock;FooterBlock","HeroVslBlock","headline,video_url,cta_primary_text,benefits_items,testimonials_list,faq_items,copyright_text","Container de vídeo centralizado com foco total na apresentação VSL","Player de vídeo VSL em topo escuro e botão CTA revelado abaixo","Focado em conversão audiovisual para infoprodutos e mentorias de alto valor.","blocked_by_node_registry"
"TPL-342","14","Engenharia Civil e Construção Modular","Engenharia Planos & Tabela de Pricing","tpl-eng-tabela-de-precos-saas","Produto / Demo / Trial","Seleção de Planos Mensais/Anuais e Free Trial","Decisores de compra avaliando pacotes e limites de software","Assinar Plano Selecionado","hero -> pricing_table -> benefits -> faq -> footer","HeroBlock;BenefitsBlock;FaqBlock;FooterBlock","PricingTableBlock","headline,subheadline,pricing_plans,features_comparison,faq_items,copyright_text","Cartões de preços comparativos com alternador Mensal/Anual","Grelha de 3 planos de preços com destaque para o plano recomendado","Transparência total de preços e funcionalidades para SaaS e assinaturas.","blocked_by_node_registry"
"TPL-343","14","Engenharia Civil e Construção Modular","Engenharia Mostra de Portfólio & Projetos","tpl-eng-galeria-portfolio-projetos","Website/Portfólio","Exibição Visual de Projetos Concluídos","Clientes de alto padrão avaliando qualidade estética e acabamento","Solicitar Projeto Semelhante","hero -> gallery_grid -> process -> contact -> footer","HeroBlock;ProcessBlock;ContactBlock;FooterBlock","GalleryGridBlock","headline,subheadline,gallery_images,project_categories,contact_info,copyright_text","Grelha masonry de alta resolução com lightbox interativo","Galeria visual de projetos com filtros por categoria","Demonstra a excelência técnica através do trabalho visualmente concluído.","blocked_by_node_registry"
"TPL-344","14","Engenharia Civil e Construção Modular","Engenharia Calculadora Interativa de Cotação","tpl-eng-simulador-calculadora-cotacao","Landing de Cotação","Estimativa Interativa em Tempo Real pelo Cliente","Clientes que desejam calcular o investimento aproximado","Enviar Resultado da Simulação","hero -> interactive_calculator -> form -> faq -> footer","HeroBlock;FormBlock;FaqBlock;FooterBlock","CalculatorBlock","headline,subheadline,calculator_fields,form_fields,faq_items,copyright_text","Sliders e seletores interativos com valor total calculado em tempo real","Calculadora interativa com controles deslizantes e resultado estimado","Engaja o utilizador permitindo simular o valor exato da sua necessidade.","blocked_by_node_registry"
"TPL-345","14","Engenharia Civil e Construção Modular","Engenharia Agendador com Calendário Ao Vivo","tpl-eng-calendario-agendamento-online","Landing de Marcações","Reserva Direta de Data e Horário em Agenda Integrada","Clientes que preferem selecionar o dia e hora no momento","Confirmar Data e Horário","hero -> booking_calendar -> testimonials -> footer","HeroBlock;TestimonialsBlock;FooterBlock","BookingCalendarBlock","headline,subheadline,available_slots,testimonials_list,copyright_text","Calendário interativo com escolha de horário em tempo real","Widget de calendário mensal com seleção de slots de horário","Elimina trocas de mensagens agendando a reunião/consulta diretamente.","blocked_by_node_registry"
"TPL-346","14","Engenharia Civil e Construção Modular","Engenharia Comparativo de Soluções B2B","tpl-eng-tabela-comparativa-recursos","Produto / Demo / Trial","Demonstração de Superioridade em Relação a Alternativas","Compradores B2B comparando concorrentes e funcionalidades","Escolher a Solução Líder","hero -> comparison_table -> benefits -> form -> footer","HeroBlock;BenefitsBlock;FormBlock;FooterBlock","ComparisonTableBlock","headline,subheadline,comparison_matrix,benefits_items,form_fields,copyright_text","Tabela comparativa com marcas de verificação (checkmarks) e destaques","Tabela comparativa matricial com a empresa destacada na 1ª coluna","Prova a vantagem competitiva de forma transparente através de matriz de recursos.","blocked_by_node_registry"
"TPL-347","14","Engenharia Civil e Construção Modular","Engenharia Catálogo Filtrável de Soluções","tpl-eng-catalogo-com-filtros-avancados","Website/Portfólio","Navegação por Granularidade de Nichos e Equipamentos","Clientes B2B buscando especificações técnicas detalhadas","Solicitar Ficha Técnica e Cotação","hero -> filtered_catalog -> contact -> footer","HeroBlock;ContactBlock;FooterBlock","FilteredCatalogBlock","headline,subheadline,catalog_items,filter_categories,contact_info,copyright_text","Filtros por categoria no topo e cartões com badges técnicos","Barra de filtros de produtos e grelha de resultados organizados","Facilita a busca em inventários extensos de serviços ou equipamentos.","blocked_by_node_registry"
"TPL-348","14","Engenharia Civil e Construção Modular","Engenharia Experiência Virtual & Espaço","tpl-eng-tour-virtual-galeria-360","Captação e Reserva","Apresentação Imersiva de Ambientes e Instalações","Noivas, organizadores de eventos e clientes de imobiliário","Agendar Visita Presencial","hero -> virtual_tour -> testimonials -> form -> footer","HeroBlock;TestimonialsBlock;FormBlock;FooterBlock","VirtualTourBlock","headline,subheadline,embed_tour_url,testimonials_list,form_fields,copyright_text","Visualizador panorâmico imersivo com botões de navegação","Preview de tour virtual 360 com ícone de navegação interativa","Encanta o cliente mostrando o espaço físico em alta definição antes da visita.","blocked_by_node_registry"
"TPL-349","14","Engenharia Civil e Construção Modular","Engenharia Linha do Tempo & Tradição","tpl-eng-linha-do-tempo-historica","Website Institucional","Demonstração de Tradição, Anos de Mercado e Milestones","Grandes contas corporativas buscando estabilidade e tradição","Falar com Nossa Gestão","hero -> timeline_history -> team -> contact -> footer","HeroBlock;TeamBlock;ContactBlock;FooterBlock","TimelineHistoryBlock","headline,subheadline,timeline_events,team_members,contact_info,copyright_text","Linha vertical cronológica com pontos de destaque históricos","Linha do tempo interativa marcando anos e conquistas da empresa","Transmite solidez e confiança comprovando anos de atuação no mercado.","blocked_by_node_registry"
"TPL-350","14","Engenharia Civil e Construção Modular","Engenharia Cardápio Interativo & Menus","tpl-eng-menu-degustacao-cardapio","Captação e Reserva","Apresentação de Opções de Menus e Buffets para Eventos","Organizadores de eventos e noivos escolhendo gastronomia","Solicitar Degustação do Cardápio","hero -> interactive_menu -> testimonials -> form -> footer","HeroBlock;TestimonialsBlock;FormBlock;FooterBlock","InteractiveMenuBlock","headline,subheadline,menu_categories,testimonials_list,form_fields,copyright_text","Abas organizadas por pratos (Entradas, Principais, Sobremesas) com fotos","Cardápio em abas estilizadas com imagens de gastronomia","Estimula o desejo gastronómico apresentando os menus de forma elegante.","blocked_by_node_registry"
"TPL-351","15","Instalação de Energia Solar","Instalação Direct Ads Express","tpl-solar-ads-captura-rapida","Landing Page Direta","Captura Imediata de Leads Google/Meta Ads","Pacientes/clientes urgentes em busca de atendimento direto","Solicitar Atendimento Imediato","hero -> form -> benefits -> testimonials -> footer","HeroBlock;FormBlock;BenefitsBlock;TestimonialsBlock;FooterBlock","NONE","headline,subheadline,badge_text,form_fields,submit_button_text,benefits_list,testimonials_list,copyright_text","Clean responsivo com destaque para formulário de conversão direta","Renderização do formulário em topo claro e CTA com contraste","Foco exclusivo em conversão de fundo de funil com formulário acima da dobra e sem fuga.","pilot_eligible"
"TPL-352","15","Instalação de Energia Solar","Instalação Agendamento VIP","tpl-solar-agendamento-consulta-vip","Landing de Marcações","Agendamento Direct de Primeira Consulta","Clientes qualificados procurando atendimento exclusivo","Agendar Consulta VIP","hero -> services -> process -> testimonials -> contact -> footer","HeroBlock;ServicesBlock;ProcessBlock;TestimonialsBlock;ContactBlock;FooterBlock","NONE","headline,subheadline,badge_text,services_cards,process_steps,testimonials_list,contact_info,copyright_text","Tom premium com cartões espaçados e etapas do processo ilustradas","Hero com destaque de especialidades e botão de agendamento em destaque","Apresenta a jornada de atendimento passo a passo para gerar confiança no agendamento.","pilot_eligible"
"TPL-353","15","Instalação de Energia Solar","Instalação Institucional Autoridade","tpl-solar-institucional-autoridade","Website Institucional","Construção de Autoridade de Marca e Apresentação de Equipa","Clientes corporativos e parceiros estratégicos","Conhecer Soluções da Empresa","hero -> about -> services -> team -> contact -> footer","HeroBlock;AboutBlock;ServicesBlock;TeamBlock;ContactBlock;FooterBlock","NONE","headline,subheadline,story_text,stat_number,stat_label,services_cards,team_members,contact_info,copyright_text","Design corporativo sóbrio com tipografia forte e fotos da equipa","Preview da secção de história e griha de membros da equipa","Posiciona o negócio como líder de mercado através da história e equipa médica/profissional.","pilot_eligible"
"TPL-354","15","Instalação de Energia Solar","Instalação Cotação Express","tpl-solar-cotacao-progressiva-express","Landing de Cotação","Solicitação de Orçamento com Dados Iniciais","Compradores buscando estimativa rápida de investimento","Pedir Orçamento Gratuito","hero -> benefits -> form -> faq -> footer","HeroBlock;BenefitsBlock;FormBlock;FaqBlock;FooterBlock","NONE","headline,subheadline,benefits_items,form_fields,submit_button_text,faq_items,copyright_text","Foco em clareza de benefícios antes de expor os campos de orçamento","Captura destacando cartões de diferenciais e formulário de orçamento","Elimina objeções de preço respondendo perguntas frequentes antes do pedido de cotação.","pilot_eligible"
"TPL-355","15","Instalação de Energia Solar","Instalação Catálogo de Especialidades","tpl-solar-procedimentos-especializados","Landing de Serviços","Apresentação Detalhada do Portfólio de Serviços","Público que procura soluções técnicas específicas","Consultar Especialista","hero -> services -> benefits -> process -> form -> footer","HeroBlock;ServicesBlock;BenefitsBlock;ProcessBlock;FormBlock;FooterBlock","NONE","headline,subheadline,services_cards,benefits_items,process_steps,form_fields,copyright_text","Grelha modular de serviços com ícones e marcadores técnicos","Visão geral do catálogo de serviços em grelha 3 colunas","Organiza serviços complexos de forma modular e clara para facilidade de navegação.","pilot_eligible"
"TPL-356","15","Instalação de Energia Solar","Instalação Casos & Prova Social","tpl-solar-prova-social-intensa","Landing Page Direta","Conversão Baseada em Depoimentos e Prova de Confiança","Clientes indecisos que necessitam de validação de terceiros","Ver Resultados e Agendar","hero -> testimonials -> benefits -> faq -> contact -> footer","HeroBlock;TestimonialsBlock;BenefitsBlock;FaqBlock;ContactBlock;FooterBlock","NONE","headline,subheadline,testimonials_list,benefits_items,faq_items,contact_info,copyright_text","Estilo visual focado em cartões de avaliações com estrelas e avatares","Secção Hero integrada com avaliações 5 estrelas em destaque","Utiliza o gatilho da prova social em posição de destaque máximo para quebrar desconfiança.","pilot_eligible"
"TPL-357","15","Instalação de Energia Solar","Instalação Diagnóstico Gratuito","tpl-solar-diagnostico-inicial-gratuito","Landing Page Direta","Captação de Leads via Oferta de Diagnóstico sem Custo","Clientes em fase de descoberta que procuram avaliação inicial","Solicitar Diagnóstico sem Custo","hero -> process -> benefits -> form -> footer","HeroBlock;ProcessBlock;BenefitsBlock;FormBlock;FooterBlock","NONE","headline,subheadline,process_steps,benefits_items,form_fields,copyright_text","Cores de alta energia e badges explicativos do diagnóstico","Hero com badge de Diagnóstico Gratuito e formulário em destaque","Reduz a barreira de entrada oferecendo uma avaliação sem compromisso financeiro.","pilot_eligible"
"TPL-358","15","Instalação de Energia Solar","Instalação Plantão & Atendimento Rápido","tpl-solar-atendimento-urgencia-24h","Landing Page Direta","Conversão Urgente para Casos Imediatos","Público com necessidade urgente ou atendimento emergencial","Falar com Atendimento Rápido","hero -> contact -> services -> faq -> footer","HeroBlock;ContactBlock;ServicesBlock;FaqBlock;FooterBlock","NONE","headline,subheadline,phone,email,address,services_cards,faq_items,copyright_text","Layout de alta visibilidade com botão telefónico/WhatsApp de destaque imediato","Hero com botões de contacto direto e mapa de localização rápida","Focado em resolução imediata com telefone e mapa acessíveis sem rolagem.","pilot_eligible"
"TPL-359","15","Instalação de Energia Solar","Instalação Guia de Esclarecimento & FAQ","tpl-solar-duvidas-e-faq-interativo","Landing Educacional","Captação via Esclarecimento de Dúvidas Técnicas","Clientes que pesquisam objeções antes de contratar","Tirar Minha Dúvida com Especialista","hero -> faq -> benefits -> form -> footer","HeroBlock;FaqBlock;BenefitsBlock;FormBlock;FooterBlock","NONE","headline,subheadline,faq_items,benefits_items,form_fields,copyright_text","Accordion limpo com boa legibilidade e tipografia contrastante","Secção de perguntas frequentes em destaque com busca visual","Resolve objeções complexas antecipadamente para converter tráfego qualificado.","pilot_eligible"
"TPL-360","15","Instalação de Energia Solar","Instalação Equipa & Corpo Clínico/Técnico","tpl-solar-equipa-e-corpo-tecnico","Website Institucional","Apresentação de Credenciais e Especialistas","Clientes que escolhem profissionais por currículo e autoridade","Marcar com Nossos Especialistas","hero -> team -> about -> services -> contact -> footer","HeroBlock;TeamBlock;AboutBlock;ServicesBlock;ContactBlock;FooterBlock","NONE","headline,subheadline,team_members,story_text,services_cards,contact_info,copyright_text","Grelha elegante de perfis profissionais com bios detalhadas","Cartões de equipa com fotos profissionais e bios curtas","Foco no fator humano e nas credenciais individuais da equipa para passar segurança.","pilot_eligible"
"TPL-361","15","Instalação de Energia Solar","Instalação Unidades & Mapa Local","tpl-solar-localizacao-e-unidades","Landing Local","Atração de Clientes Locais por Proximidade Geográfica","Moradores/empresas da região geográfica de atendimento","Ver Rota e Agendar Visita","hero -> contact -> services -> testimonials -> footer","HeroBlock;ContactBlock;ServicesBlock;TestimonialsBlock;FooterBlock","NONE","headline,subheadline,google_maps_url,address,phone,services_cards,testimonials_list,copyright_text","Destaque visual para o mapa interativo e informações de endereço","Secção de contacto com mapa integrado e horários de funcionamento","Foco total em busca local e facilidade de localização geográfica.","pilot_eligible"
"TPL-362","15","Instalação de Energia Solar","Instalação Apresentação de Pacotes","tpl-solar-pacotes-e-condicoes","Landing de Vendas","Conversão para Pacotes Estruturados de Serviços","Clientes interessados em combos e condições especiais","Escolher Meu Pacote","hero -> services -> benefits -> form -> faq -> footer","HeroBlock;ServicesBlock;BenefitsBlock;FormBlock;FaqBlock;FooterBlock","NONE","headline,subheadline,services_cards,benefits_items,form_fields,faq_items,copyright_text","Grelha de pacotes com marcadores visuais do mais popular","Grelha de serviços formatada como cartões de pacotes","Facilita a decisão de compra agrupando serviços em ofertas claras.","pilot_eligible"
"TPL-363","15","Instalação de Energia Solar","Instalação Nossa História & Propósito","tpl-solar-historia-e-proposito","Website Institucional","Conexão Emocional e Alinhamento de Valores","Clientes que valorizam a missão e reputação da empresa","Fazer Parte da Nossa História","hero -> about -> process -> team -> contact -> footer","HeroBlock;AboutBlock;ProcessBlock;TeamBlock;ContactBlock;FooterBlock","NONE","headline,subheadline,story_text,stat_number,stat_label,process_steps,team_members,contact_info,copyright_text","Narrativa em linha do tempo com fotografias institucionais","Secção About com bloco de estatísticas e imagens de bastidores","Constrói lealdade de longo prazo mostrando a trajetória e propósito do negócio.","pilot_eligible"
"TPL-364","15","Instalação de Energia Solar","Instalação Jornada do Cliente","tpl-solar-solucao-passo-a-passo","Landing Educacional","Desmistificar o Processo de Prestação do Serviço","Clientes receosos quanto à complexidade do serviço","Iniciar Minha Jornada","hero -> process -> services -> testimonials -> form -> footer","HeroBlock;ProcessBlock;ServicesBlock;TestimonialsBlock;FormBlock;FooterBlock","NONE","headline,subheadline,process_steps,services_cards,testimonials_list,form_fields,copyright_text","Fluxo numérico progressivo (Passo 1, 2, 3) bem marcado","Infográfico do processo de 4 passos com conectores visuais","Reduz a ansiedade do cliente mostrando exatamente o que acontece em cada fase.","pilot_eligible"
"TPL-365","15","Instalação de Energia Solar","Instalação Oferta de Boas-Vindas","tpl-solar-primeira-visita-especial","Landing Page Direta","Captação de Novos Clientes com Condição Especial","Público que nunca utilizou os serviços da empresa","Garantir Oferta de Boas-Vindas","hero -> benefits -> form -> testimonials -> footer","HeroBlock;BenefitsBlock;FormBlock;TestimonialsBlock;FooterBlock","NONE","headline,subheadline,badge_text,benefits_items,form_fields,testimonials_list,copyright_text","Badge destacado de oferta exclusiva no Hero","Hero com selo de Boas-Vindas e formulário de inscrição direta","Incentiva a experiência inicial através de um incentivo exclusivo para novos clientes.","pilot_eligible"
"TPL-366","15","Instalação de Energia Solar","Instalação Sales Page VSL Longa","tpl-solar-vsl-video-sales-page","Sales Page Longa","Conversão via Vídeo de Vendas (VSL) e Pitch Estruturado","Leads de tráfego frio preparados por apresentação em vídeo","Garantir Vaga no Programa","hero_vsl -> benefits -> testimonials -> faq -> footer","BenefitsBlock;TestimonialsBlock;FaqBlock;FooterBlock","HeroVslBlock","headline,video_url,cta_primary_text,benefits_items,testimonials_list,faq_items,copyright_text","Container de vídeo centralizado com foco total na apresentação VSL","Player de vídeo VSL em topo escuro e botão CTA revelado abaixo","Focado em conversão audiovisual para infoprodutos e mentorias de alto valor.","blocked_by_node_registry"
"TPL-367","15","Instalação de Energia Solar","Instalação Planos & Tabela de Pricing","tpl-solar-tabela-de-precos-saas","Produto / Demo / Trial","Seleção de Planos Mensais/Anuais e Free Trial","Decisores de compra avaliando pacotes e limites de software","Assinar Plano Selecionado","hero -> pricing_table -> benefits -> faq -> footer","HeroBlock;BenefitsBlock;FaqBlock;FooterBlock","PricingTableBlock","headline,subheadline,pricing_plans,features_comparison,faq_items,copyright_text","Cartões de preços comparativos com alternador Mensal/Anual","Grelha de 3 planos de preços com destaque para o plano recomendado","Transparência total de preços e funcionalidades para SaaS e assinaturas.","blocked_by_node_registry"
"TPL-368","15","Instalação de Energia Solar","Instalação Mostra de Portfólio & Projetos","tpl-solar-galeria-portfolio-projetos","Website/Portfólio","Exibição Visual de Projetos Concluídos","Clientes de alto padrão avaliando qualidade estética e acabamento","Solicitar Projeto Semelhante","hero -> gallery_grid -> process -> contact -> footer","HeroBlock;ProcessBlock;ContactBlock;FooterBlock","GalleryGridBlock","headline,subheadline,gallery_images,project_categories,contact_info,copyright_text","Grelha masonry de alta resolução com lightbox interativo","Galeria visual de projetos com filtros por categoria","Demonstra a excelência técnica através do trabalho visualmente concluído.","blocked_by_node_registry"
"TPL-369","15","Instalação de Energia Solar","Instalação Calculadora Interativa de Cotação","tpl-solar-simulador-calculadora-cotacao","Landing de Cotação","Estimativa Interativa em Tempo Real pelo Cliente","Clientes que desejam calcular o investimento aproximado","Enviar Resultado da Simulação","hero -> interactive_calculator -> form -> faq -> footer","HeroBlock;FormBlock;FaqBlock;FooterBlock","CalculatorBlock","headline,subheadline,calculator_fields,form_fields,faq_items,copyright_text","Sliders e seletores interativos com valor total calculado em tempo real","Calculadora interativa com controles deslizantes e resultado estimado","Engaja o utilizador permitindo simular o valor exato da sua necessidade.","blocked_by_node_registry"
"TPL-370","15","Instalação de Energia Solar","Instalação Agendador com Calendário Ao Vivo","tpl-solar-calendario-agendamento-online","Landing de Marcações","Reserva Direta de Data e Horário em Agenda Integrada","Clientes que preferem selecionar o dia e hora no momento","Confirmar Data e Horário","hero -> booking_calendar -> testimonials -> footer","HeroBlock;TestimonialsBlock;FooterBlock","BookingCalendarBlock","headline,subheadline,available_slots,testimonials_list,copyright_text","Calendário interativo com escolha de horário em tempo real","Widget de calendário mensal com seleção de slots de horário","Elimina trocas de mensagens agendando a reunião/consulta diretamente.","blocked_by_node_registry"
"TPL-371","15","Instalação de Energia Solar","Instalação Comparativo de Soluções B2B","tpl-solar-tabela-comparativa-recursos","Produto / Demo / Trial","Demonstração de Superioridade em Relação a Alternativas","Compradores B2B comparando concorrentes e funcionalidades","Escolher a Solução Líder","hero -> comparison_table -> benefits -> form -> footer","HeroBlock;BenefitsBlock;FormBlock;FooterBlock","ComparisonTableBlock","headline,subheadline,comparison_matrix,benefits_items,form_fields,copyright_text","Tabela comparativa com marcas de verificação (checkmarks) e destaques","Tabela comparativa matricial com a empresa destacada na 1ª coluna","Prova a vantagem competitiva de forma transparente através de matriz de recursos.","blocked_by_node_registry"
"TPL-372","15","Instalação de Energia Solar","Instalação Catálogo Filtrável de Soluções","tpl-solar-catalogo-com-filtros-avancados","Website/Portfólio","Navegação por Granularidade de Nichos e Equipamentos","Clientes B2B buscando especificações técnicas detalhadas","Solicitar Ficha Técnica e Cotação","hero -> filtered_catalog -> contact -> footer","HeroBlock;ContactBlock;FooterBlock","FilteredCatalogBlock","headline,subheadline,catalog_items,filter_categories,contact_info,copyright_text","Filtros por categoria no topo e cartões com badges técnicos","Barra de filtros de produtos e grelha de resultados organizados","Facilita a busca em inventários extensos de serviços ou equipamentos.","blocked_by_node_registry"
"TPL-373","15","Instalação de Energia Solar","Instalação Experiência Virtual & Espaço","tpl-solar-tour-virtual-galeria-360","Captação e Reserva","Apresentação Imersiva de Ambientes e Instalações","Noivas, organizadores de eventos e clientes de imobiliário","Agendar Visita Presencial","hero -> virtual_tour -> testimonials -> form -> footer","HeroBlock;TestimonialsBlock;FormBlock;FooterBlock","VirtualTourBlock","headline,subheadline,embed_tour_url,testimonials_list,form_fields,copyright_text","Visualizador panorâmico imersivo com botões de navegação","Preview de tour virtual 360 com ícone de navegação interativa","Encanta o cliente mostrando o espaço físico em alta definição antes da visita.","blocked_by_node_registry"
"TPL-374","15","Instalação de Energia Solar","Instalação Linha do Tempo & Tradição","tpl-solar-linha-do-tempo-historica","Website Institucional","Demonstração de Tradição, Anos de Mercado e Milestones","Grandes contas corporativas buscando estabilidade e tradição","Falar com Nossa Gestão","hero -> timeline_history -> team -> contact -> footer","HeroBlock;TeamBlock;ContactBlock;FooterBlock","TimelineHistoryBlock","headline,subheadline,timeline_events,team_members,contact_info,copyright_text","Linha vertical cronológica com pontos de destaque históricos","Linha do tempo interativa marcando anos e conquistas da empresa","Transmite solidez e confiança comprovando anos de atuação no mercado.","blocked_by_node_registry"
"TPL-375","15","Instalação de Energia Solar","Instalação Cardápio Interativo & Menus","tpl-solar-menu-degustacao-cardapio","Captação e Reserva","Apresentação de Opções de Menus e Buffets para Eventos","Organizadores de eventos e noivos escolhendo gastronomia","Solicitar Degustação do Cardápio","hero -> interactive_menu -> testimonials -> form -> footer","HeroBlock;TestimonialsBlock;FormBlock;FooterBlock","InteractiveMenuBlock","headline,subheadline,menu_categories,testimonials_list,form_fields,copyright_text","Abas organizadas por pratos (Entradas, Principais, Sobremesas) com fotos","Cardápio em abas estilizadas com imagens de gastronomia","Estimula o desejo gastronómico apresentando os menus de forma elegante.","blocked_by_node_registry"
"TPL-376","16","Climatização / AVAC","Climatização Direct Ads Express","tpl-ar-ads-captura-rapida","Landing Page Direta","Captura Imediata de Leads Google/Meta Ads","Pacientes/clientes urgentes em busca de atendimento direto","Solicitar Atendimento Imediato","hero -> form -> benefits -> testimonials -> footer","HeroBlock;FormBlock;BenefitsBlock;TestimonialsBlock;FooterBlock","NONE","headline,subheadline,badge_text,form_fields,submit_button_text,benefits_list,testimonials_list,copyright_text","Clean responsivo com destaque para formulário de conversão direta","Renderização do formulário em topo claro e CTA com contraste","Foco exclusivo em conversão de fundo de funil com formulário acima da dobra e sem fuga.","pilot_eligible"
"TPL-377","16","Climatização / AVAC","Climatização Agendamento VIP","tpl-ar-agendamento-consulta-vip","Landing de Marcações","Agendamento Direct de Primeira Consulta","Clientes qualificados procurando atendimento exclusivo","Agendar Consulta VIP","hero -> services -> process -> testimonials -> contact -> footer","HeroBlock;ServicesBlock;ProcessBlock;TestimonialsBlock;ContactBlock;FooterBlock","NONE","headline,subheadline,badge_text,services_cards,process_steps,testimonials_list,contact_info,copyright_text","Tom premium com cartões espaçados e etapas do processo ilustradas","Hero com destaque de especialidades e botão de agendamento em destaque","Apresenta a jornada de atendimento passo a passo para gerar confiança no agendamento.","pilot_eligible"
"TPL-378","16","Climatização / AVAC","Climatização Institucional Autoridade","tpl-ar-institucional-autoridade","Website Institucional","Construção de Autoridade de Marca e Apresentação de Equipa","Clientes corporativos e parceiros estratégicos","Conhecer Soluções da Empresa","hero -> about -> services -> team -> contact -> footer","HeroBlock;AboutBlock;ServicesBlock;TeamBlock;ContactBlock;FooterBlock","NONE","headline,subheadline,story_text,stat_number,stat_label,services_cards,team_members,contact_info,copyright_text","Design corporativo sóbrio com tipografia forte e fotos da equipa","Preview da secção de história e griha de membros da equipa","Posiciona o negócio como líder de mercado através da história e equipa médica/profissional.","pilot_eligible"
"TPL-379","16","Climatização / AVAC","Climatização Cotação Express","tpl-ar-cotacao-progressiva-express","Landing de Cotação","Solicitação de Orçamento com Dados Iniciais","Compradores buscando estimativa rápida de investimento","Pedir Orçamento Gratuito","hero -> benefits -> form -> faq -> footer","HeroBlock;BenefitsBlock;FormBlock;FaqBlock;FooterBlock","NONE","headline,subheadline,benefits_items,form_fields,submit_button_text,faq_items,copyright_text","Foco em clareza de benefícios antes de expor os campos de orçamento","Captura destacando cartões de diferenciais e formulário de orçamento","Elimina objeções de preço respondendo perguntas frequentes antes do pedido de cotação.","pilot_eligible"
"TPL-380","16","Climatização / AVAC","Climatização Catálogo de Especialidades","tpl-ar-procedimentos-especializados","Landing de Serviços","Apresentação Detalhada do Portfólio de Serviços","Público que procura soluções técnicas específicas","Consultar Especialista","hero -> services -> benefits -> process -> form -> footer","HeroBlock;ServicesBlock;BenefitsBlock;ProcessBlock;FormBlock;FooterBlock","NONE","headline,subheadline,services_cards,benefits_items,process_steps,form_fields,copyright_text","Grelha modular de serviços com ícones e marcadores técnicos","Visão geral do catálogo de serviços em grelha 3 colunas","Organiza serviços complexos de forma modular e clara para facilidade de navegação.","pilot_eligible"
"TPL-381","16","Climatização / AVAC","Climatização Casos & Prova Social","tpl-ar-prova-social-intensa","Landing Page Direta","Conversão Baseada em Depoimentos e Prova de Confiança","Clientes indecisos que necessitam de validação de terceiros","Ver Resultados e Agendar","hero -> testimonials -> benefits -> faq -> contact -> footer","HeroBlock;TestimonialsBlock;BenefitsBlock;FaqBlock;ContactBlock;FooterBlock","NONE","headline,subheadline,testimonials_list,benefits_items,faq_items,contact_info,copyright_text","Estilo visual focado em cartões de avaliações com estrelas e avatares","Secção Hero integrada com avaliações 5 estrelas em destaque","Utiliza o gatilho da prova social em posição de destaque máximo para quebrar desconfiança.","pilot_eligible"
"TPL-382","16","Climatização / AVAC","Climatização Diagnóstico Gratuito","tpl-ar-diagnostico-inicial-gratuito","Landing Page Direta","Captação de Leads via Oferta de Diagnóstico sem Custo","Clientes em fase de descoberta que procuram avaliação inicial","Solicitar Diagnóstico sem Custo","hero -> process -> benefits -> form -> footer","HeroBlock;ProcessBlock;BenefitsBlock;FormBlock;FooterBlock","NONE","headline,subheadline,process_steps,benefits_items,form_fields,copyright_text","Cores de alta energia e badges explicativos do diagnóstico","Hero com badge de Diagnóstico Gratuito e formulário em destaque","Reduz a barreira de entrada oferecendo uma avaliação sem compromisso financeiro.","pilot_eligible"
"TPL-383","16","Climatização / AVAC","Climatização Plantão & Atendimento Rápido","tpl-ar-atendimento-urgencia-24h","Landing Page Direta","Conversão Urgente para Casos Imediatos","Público com necessidade urgente ou atendimento emergencial","Falar com Atendimento Rápido","hero -> contact -> services -> faq -> footer","HeroBlock;ContactBlock;ServicesBlock;FaqBlock;FooterBlock","NONE","headline,subheadline,phone,email,address,services_cards,faq_items,copyright_text","Layout de alta visibilidade com botão telefónico/WhatsApp de destaque imediato","Hero com botões de contacto direto e mapa de localização rápida","Focado em resolução imediata com telefone e mapa acessíveis sem rolagem.","pilot_eligible"
"TPL-384","16","Climatização / AVAC","Climatização Guia de Esclarecimento & FAQ","tpl-ar-duvidas-e-faq-interativo","Landing Educacional","Captação via Esclarecimento de Dúvidas Técnicas","Clientes que pesquisam objeções antes de contratar","Tirar Minha Dúvida com Especialista","hero -> faq -> benefits -> form -> footer","HeroBlock;FaqBlock;BenefitsBlock;FormBlock;FooterBlock","NONE","headline,subheadline,faq_items,benefits_items,form_fields,copyright_text","Accordion limpo com boa legibilidade e tipografia contrastante","Secção de perguntas frequentes em destaque com busca visual","Resolve objeções complexas antecipadamente para converter tráfego qualificado.","pilot_eligible"
"TPL-385","16","Climatização / AVAC","Climatização Equipa & Corpo Clínico/Técnico","tpl-ar-equipa-e-corpo-tecnico","Website Institucional","Apresentação de Credenciais e Especialistas","Clientes que escolhem profissionais por currículo e autoridade","Marcar com Nossos Especialistas","hero -> team -> about -> services -> contact -> footer","HeroBlock;TeamBlock;AboutBlock;ServicesBlock;ContactBlock;FooterBlock","NONE","headline,subheadline,team_members,story_text,services_cards,contact_info,copyright_text","Grelha elegante de perfis profissionais com bios detalhadas","Cartões de equipa com fotos profissionais e bios curtas","Foco no fator humano e nas credenciais individuais da equipa para passar segurança.","pilot_eligible"
"TPL-386","16","Climatização / AVAC","Climatização Unidades & Mapa Local","tpl-ar-localizacao-e-unidades","Landing Local","Atração de Clientes Locais por Proximidade Geográfica","Moradores/empresas da região geográfica de atendimento","Ver Rota e Agendar Visita","hero -> contact -> services -> testimonials -> footer","HeroBlock;ContactBlock;ServicesBlock;TestimonialsBlock;FooterBlock","NONE","headline,subheadline,google_maps_url,address,phone,services_cards,testimonials_list,copyright_text","Destaque visual para o mapa interativo e informações de endereço","Secção de contacto com mapa integrado e horários de funcionamento","Foco total em busca local e facilidade de localização geográfica.","pilot_eligible"
"TPL-387","16","Climatização / AVAC","Climatização Apresentação de Pacotes","tpl-ar-pacotes-e-condicoes","Landing de Vendas","Conversão para Pacotes Estruturados de Serviços","Clientes interessados em combos e condições especiais","Escolher Meu Pacote","hero -> services -> benefits -> form -> faq -> footer","HeroBlock;ServicesBlock;BenefitsBlock;FormBlock;FaqBlock;FooterBlock","NONE","headline,subheadline,services_cards,benefits_items,form_fields,faq_items,copyright_text","Grelha de pacotes com marcadores visuais do mais popular","Grelha de serviços formatada como cartões de pacotes","Facilita a decisão de compra agrupando serviços em ofertas claras.","pilot_eligible"
"TPL-388","16","Climatização / AVAC","Climatização Nossa História & Propósito","tpl-ar-historia-e-proposito","Website Institucional","Conexão Emocional e Alinhamento de Valores","Clientes que valorizam a missão e reputação da empresa","Fazer Parte da Nossa História","hero -> about -> process -> team -> contact -> footer","HeroBlock;AboutBlock;ProcessBlock;TeamBlock;ContactBlock;FooterBlock","NONE","headline,subheadline,story_text,stat_number,stat_label,process_steps,team_members,contact_info,copyright_text","Narrativa em linha do tempo com fotografias institucionais","Secção About com bloco de estatísticas e imagens de bastidores","Constrói lealdade de longo prazo mostrando a trajetória e propósito do negócio.","pilot_eligible"
"TPL-389","16","Climatização / AVAC","Climatização Jornada do Cliente","tpl-ar-solucao-passo-a-passo","Landing Educacional","Desmistificar o Processo de Prestação do Serviço","Clientes receosos quanto à complexidade do serviço","Iniciar Minha Jornada","hero -> process -> services -> testimonials -> form -> footer","HeroBlock;ProcessBlock;ServicesBlock;TestimonialsBlock;FormBlock;FooterBlock","NONE","headline,subheadline,process_steps,services_cards,testimonials_list,form_fields,copyright_text","Fluxo numérico progressivo (Passo 1, 2, 3) bem marcado","Infográfico do processo de 4 passos com conectores visuais","Reduz a ansiedade do cliente mostrando exatamente o que acontece em cada fase.","pilot_eligible"
"TPL-390","16","Climatização / AVAC","Climatização Oferta de Boas-Vindas","tpl-ar-primeira-visita-especial","Landing Page Direta","Captação de Novos Clientes com Condição Especial","Público que nunca utilizou os serviços da empresa","Garantir Oferta de Boas-Vindas","hero -> benefits -> form -> testimonials -> footer","HeroBlock;BenefitsBlock;FormBlock;TestimonialsBlock;FooterBlock","NONE","headline,subheadline,badge_text,benefits_items,form_fields,testimonials_list,copyright_text","Badge destacado de oferta exclusiva no Hero","Hero com selo de Boas-Vindas e formulário de inscrição direta","Incentiva a experiência inicial através de um incentivo exclusivo para novos clientes.","pilot_eligible"
"TPL-391","16","Climatização / AVAC","Climatização Sales Page VSL Longa","tpl-ar-vsl-video-sales-page","Sales Page Longa","Conversão via Vídeo de Vendas (VSL) e Pitch Estruturado","Leads de tráfego frio preparados por apresentação em vídeo","Garantir Vaga no Programa","hero_vsl -> benefits -> testimonials -> faq -> footer","BenefitsBlock;TestimonialsBlock;FaqBlock;FooterBlock","HeroVslBlock","headline,video_url,cta_primary_text,benefits_items,testimonials_list,faq_items,copyright_text","Container de vídeo centralizado com foco total na apresentação VSL","Player de vídeo VSL em topo escuro e botão CTA revelado abaixo","Focado em conversão audiovisual para infoprodutos e mentorias de alto valor.","blocked_by_node_registry"
"TPL-392","16","Climatização / AVAC","Climatização Planos & Tabela de Pricing","tpl-ar-tabela-de-precos-saas","Produto / Demo / Trial","Seleção de Planos Mensais/Anuais e Free Trial","Decisores de compra avaliando pacotes e limites de software","Assinar Plano Selecionado","hero -> pricing_table -> benefits -> faq -> footer","HeroBlock;BenefitsBlock;FaqBlock;FooterBlock","PricingTableBlock","headline,subheadline,pricing_plans,features_comparison,faq_items,copyright_text","Cartões de preços comparativos com alternador Mensal/Anual","Grelha de 3 planos de preços com destaque para o plano recomendado","Transparência total de preços e funcionalidades para SaaS e assinaturas.","blocked_by_node_registry"
"TPL-393","16","Climatização / AVAC","Climatização Mostra de Portfólio & Projetos","tpl-ar-galeria-portfolio-projetos","Website/Portfólio","Exibição Visual de Projetos Concluídos","Clientes de alto padrão avaliando qualidade estética e acabamento","Solicitar Projeto Semelhante","hero -> gallery_grid -> process -> contact -> footer","HeroBlock;ProcessBlock;ContactBlock;FooterBlock","GalleryGridBlock","headline,subheadline,gallery_images,project_categories,contact_info,copyright_text","Grelha masonry de alta resolução com lightbox interativo","Galeria visual de projetos com filtros por categoria","Demonstra a excelência técnica através do trabalho visualmente concluído.","blocked_by_node_registry"
"TPL-394","16","Climatização / AVAC","Climatização Calculadora Interativa de Cotação","tpl-ar-simulador-calculadora-cotacao","Landing de Cotação","Estimativa Interativa em Tempo Real pelo Cliente","Clientes que desejam calcular o investimento aproximado","Enviar Resultado da Simulação","hero -> interactive_calculator -> form -> faq -> footer","HeroBlock;FormBlock;FaqBlock;FooterBlock","CalculatorBlock","headline,subheadline,calculator_fields,form_fields,faq_items,copyright_text","Sliders e seletores interativos com valor total calculado em tempo real","Calculadora interativa com controles deslizantes e resultado estimado","Engaja o utilizador permitindo simular o valor exato da sua necessidade.","blocked_by_node_registry"
"TPL-395","16","Climatização / AVAC","Climatização Agendador com Calendário Ao Vivo","tpl-ar-calendario-agendamento-online","Landing de Marcações","Reserva Direta de Data e Horário em Agenda Integrada","Clientes que preferem selecionar o dia e hora no momento","Confirmar Data e Horário","hero -> booking_calendar -> testimonials -> footer","HeroBlock;TestimonialsBlock;FooterBlock","BookingCalendarBlock","headline,subheadline,available_slots,testimonials_list,copyright_text","Calendário interativo com escolha de horário em tempo real","Widget de calendário mensal com seleção de slots de horário","Elimina trocas de mensagens agendando a reunião/consulta diretamente.","blocked_by_node_registry"
"TPL-396","16","Climatização / AVAC","Climatização Comparativo de Soluções B2B","tpl-ar-tabela-comparativa-recursos","Produto / Demo / Trial","Demonstração de Superioridade em Relação a Alternativas","Compradores B2B comparando concorrentes e funcionalidades","Escolher a Solução Líder","hero -> comparison_table -> benefits -> form -> footer","HeroBlock;BenefitsBlock;FormBlock;FooterBlock","ComparisonTableBlock","headline,subheadline,comparison_matrix,benefits_items,form_fields,copyright_text","Tabela comparativa com marcas de verificação (checkmarks) e destaques","Tabela comparativa matricial com a empresa destacada na 1ª coluna","Prova a vantagem competitiva de forma transparente através de matriz de recursos.","blocked_by_node_registry"
"TPL-397","16","Climatização / AVAC","Climatização Catálogo Filtrável de Soluções","tpl-ar-catalogo-com-filtros-avancados","Website/Portfólio","Navegação por Granularidade de Nichos e Equipamentos","Clientes B2B buscando especificações técnicas detalhadas","Solicitar Ficha Técnica e Cotação","hero -> filtered_catalog -> contact -> footer","HeroBlock;ContactBlock;FooterBlock","FilteredCatalogBlock","headline,subheadline,catalog_items,filter_categories,contact_info,copyright_text","Filtros por categoria no topo e cartões com badges técnicos","Barra de filtros de produtos e grelha de resultados organizados","Facilita a busca em inventários extensos de serviços ou equipamentos.","blocked_by_node_registry"
"TPL-398","16","Climatização / AVAC","Climatização Experiência Virtual & Espaço","tpl-ar-tour-virtual-galeria-360","Captação e Reserva","Apresentação Imersiva de Ambientes e Instalações","Noivas, organizadores de eventos e clientes de imobiliário","Agendar Visita Presencial","hero -> virtual_tour -> testimonials -> form -> footer","HeroBlock;TestimonialsBlock;FormBlock;FooterBlock","VirtualTourBlock","headline,subheadline,embed_tour_url,testimonials_list,form_fields,copyright_text","Visualizador panorâmico imersivo com botões de navegação","Preview de tour virtual 360 com ícone de navegação interativa","Encanta o cliente mostrando o espaço físico em alta definição antes da visita.","blocked_by_node_registry"
"TPL-399","16","Climatização / AVAC","Climatização Linha do Tempo & Tradição","tpl-ar-linha-do-tempo-historica","Website Institucional","Demonstração de Tradição, Anos de Mercado e Milestones","Grandes contas corporativas buscando estabilidade e tradição","Falar com Nossa Gestão","hero -> timeline_history -> team -> contact -> footer","HeroBlock;TeamBlock;ContactBlock;FooterBlock","TimelineHistoryBlock","headline,subheadline,timeline_events,team_members,contact_info,copyright_text","Linha vertical cronológica com pontos de destaque históricos","Linha do tempo interativa marcando anos e conquistas da empresa","Transmite solidez e confiança comprovando anos de atuação no mercado.","blocked_by_node_registry"
"TPL-400","16","Climatização / AVAC","Climatização Cardápio Interativo & Menus","tpl-ar-menu-degustacao-cardapio","Captação e Reserva","Apresentação de Opções de Menus e Buffets para Eventos","Organizadores de eventos e noivos escolhendo gastronomia","Solicitar Degustação do Cardápio","hero -> interactive_menu -> testimonials -> form -> footer","HeroBlock;TestimonialsBlock;FormBlock;FooterBlock","InteractiveMenuBlock","headline,subheadline,menu_categories,testimonials_list,form_fields,copyright_text","Abas organizadas por pratos (Entradas, Principais, Sobremesas) com fotos","Cardápio em abas estilizadas com imagens de gastronomia","Estimula o desejo gastronómico apresentando os menus de forma elegante.","blocked_by_node_registry"
"TPL-401","17","SaaS e Startups de Software","SaaS Direct Ads Express","tpl-saas-ads-captura-rapida","Landing Page Direta","Captura Imediata de Leads Google/Meta Ads","Pacientes/clientes urgentes em busca de atendimento direto","Solicitar Atendimento Imediato","hero -> form -> benefits -> testimonials -> footer","HeroBlock;FormBlock;BenefitsBlock;TestimonialsBlock;FooterBlock","NONE","headline,subheadline,badge_text,form_fields,submit_button_text,benefits_list,testimonials_list,copyright_text","Clean responsivo com destaque para formulário de conversão direta","Renderização do formulário em topo claro e CTA com contraste","Foco exclusivo em conversão de fundo de funil com formulário acima da dobra e sem fuga.","pilot_eligible"
"TPL-402","17","SaaS e Startups de Software","SaaS Agendamento VIP","tpl-saas-agendamento-consulta-vip","Landing de Marcações","Agendamento Direct de Primeira Consulta","Clientes qualificados procurando atendimento exclusivo","Agendar Consulta VIP","hero -> services -> process -> testimonials -> contact -> footer","HeroBlock;ServicesBlock;ProcessBlock;TestimonialsBlock;ContactBlock;FooterBlock","NONE","headline,subheadline,badge_text,services_cards,process_steps,testimonials_list,contact_info,copyright_text","Tom premium com cartões espaçados e etapas do processo ilustradas","Hero com destaque de especialidades e botão de agendamento em destaque","Apresenta a jornada de atendimento passo a passo para gerar confiança no agendamento.","pilot_eligible"
"TPL-403","17","SaaS e Startups de Software","SaaS Institucional Autoridade","tpl-saas-institucional-autoridade","Website Institucional","Construção de Autoridade de Marca e Apresentação de Equipa","Clientes corporativos e parceiros estratégicos","Conhecer Soluções da Empresa","hero -> about -> services -> team -> contact -> footer","HeroBlock;AboutBlock;ServicesBlock;TeamBlock;ContactBlock;FooterBlock","NONE","headline,subheadline,story_text,stat_number,stat_label,services_cards,team_members,contact_info,copyright_text","Design corporativo sóbrio com tipografia forte e fotos da equipa","Preview da secção de história e griha de membros da equipa","Posiciona o negócio como líder de mercado através da história e equipa médica/profissional.","pilot_eligible"
"TPL-404","17","SaaS e Startups de Software","SaaS Cotação Express","tpl-saas-cotacao-progressiva-express","Landing de Cotação","Solicitação de Orçamento com Dados Iniciais","Compradores buscando estimativa rápida de investimento","Pedir Orçamento Gratuito","hero -> benefits -> form -> faq -> footer","HeroBlock;BenefitsBlock;FormBlock;FaqBlock;FooterBlock","NONE","headline,subheadline,benefits_items,form_fields,submit_button_text,faq_items,copyright_text","Foco em clareza de benefícios antes de expor os campos de orçamento","Captura destacando cartões de diferenciais e formulário de orçamento","Elimina objeções de preço respondendo perguntas frequentes antes do pedido de cotação.","pilot_eligible"
"TPL-405","17","SaaS e Startups de Software","SaaS Catálogo de Especialidades","tpl-saas-procedimentos-especializados","Landing de Serviços","Apresentação Detalhada do Portfólio de Serviços","Público que procura soluções técnicas específicas","Consultar Especialista","hero -> services -> benefits -> process -> form -> footer","HeroBlock;ServicesBlock;BenefitsBlock;ProcessBlock;FormBlock;FooterBlock","NONE","headline,subheadline,services_cards,benefits_items,process_steps,form_fields,copyright_text","Grelha modular de serviços com ícones e marcadores técnicos","Visão geral do catálogo de serviços em grelha 3 colunas","Organiza serviços complexos de forma modular e clara para facilidade de navegação.","pilot_eligible"
"TPL-406","17","SaaS e Startups de Software","SaaS Casos & Prova Social","tpl-saas-prova-social-intensa","Landing Page Direta","Conversão Baseada em Depoimentos e Prova de Confiança","Clientes indecisos que necessitam de validação de terceiros","Ver Resultados e Agendar","hero -> testimonials -> benefits -> faq -> contact -> footer","HeroBlock;TestimonialsBlock;BenefitsBlock;FaqBlock;ContactBlock;FooterBlock","NONE","headline,subheadline,testimonials_list,benefits_items,faq_items,contact_info,copyright_text","Estilo visual focado em cartões de avaliações com estrelas e avatares","Secção Hero integrada com avaliações 5 estrelas em destaque","Utiliza o gatilho da prova social em posição de destaque máximo para quebrar desconfiança.","pilot_eligible"
"TPL-407","17","SaaS e Startups de Software","SaaS Diagnóstico Gratuito","tpl-saas-diagnostico-inicial-gratuito","Landing Page Direta","Captação de Leads via Oferta de Diagnóstico sem Custo","Clientes em fase de descoberta que procuram avaliação inicial","Solicitar Diagnóstico sem Custo","hero -> process -> benefits -> form -> footer","HeroBlock;ProcessBlock;BenefitsBlock;FormBlock;FooterBlock","NONE","headline,subheadline,process_steps,benefits_items,form_fields,copyright_text","Cores de alta energia e badges explicativos do diagnóstico","Hero com badge de Diagnóstico Gratuito e formulário em destaque","Reduz a barreira de entrada oferecendo uma avaliação sem compromisso financeiro.","pilot_eligible"
"TPL-408","17","SaaS e Startups de Software","SaaS Plantão & Atendimento Rápido","tpl-saas-atendimento-urgencia-24h","Landing Page Direta","Conversão Urgente para Casos Imediatos","Público com necessidade urgente ou atendimento emergencial","Falar com Atendimento Rápido","hero -> contact -> services -> faq -> footer","HeroBlock;ContactBlock;ServicesBlock;FaqBlock;FooterBlock","NONE","headline,subheadline,phone,email,address,services_cards,faq_items,copyright_text","Layout de alta visibilidade com botão telefónico/WhatsApp de destaque imediato","Hero com botões de contacto direto e mapa de localização rápida","Focado em resolução imediata com telefone e mapa acessíveis sem rolagem.","pilot_eligible"
"TPL-409","17","SaaS e Startups de Software","SaaS Guia de Esclarecimento & FAQ","tpl-saas-duvidas-e-faq-interativo","Landing Educacional","Captação via Esclarecimento de Dúvidas Técnicas","Clientes que pesquisam objeções antes de contratar","Tirar Minha Dúvida com Especialista","hero -> faq -> benefits -> form -> footer","HeroBlock;FaqBlock;BenefitsBlock;FormBlock;FooterBlock","NONE","headline,subheadline,faq_items,benefits_items,form_fields,copyright_text","Accordion limpo com boa legibilidade e tipografia contrastante","Secção de perguntas frequentes em destaque com busca visual","Resolve objeções complexas antecipadamente para converter tráfego qualificado.","pilot_eligible"
"TPL-410","17","SaaS e Startups de Software","SaaS Equipa & Corpo Clínico/Técnico","tpl-saas-equipa-e-corpo-tecnico","Website Institucional","Apresentação de Credenciais e Especialistas","Clientes que escolhem profissionais por currículo e autoridade","Marcar com Nossos Especialistas","hero -> team -> about -> services -> contact -> footer","HeroBlock;TeamBlock;AboutBlock;ServicesBlock;ContactBlock;FooterBlock","NONE","headline,subheadline,team_members,story_text,services_cards,contact_info,copyright_text","Grelha elegante de perfis profissionais com bios detalhadas","Cartões de equipa com fotos profissionais e bios curtas","Foco no fator humano e nas credenciais individuais da equipa para passar segurança.","pilot_eligible"
"TPL-411","17","SaaS e Startups de Software","SaaS Unidades & Mapa Local","tpl-saas-localizacao-e-unidades","Landing Local","Atração de Clientes Locais por Proximidade Geográfica","Moradores/empresas da região geográfica de atendimento","Ver Rota e Agendar Visita","hero -> contact -> services -> testimonials -> footer","HeroBlock;ContactBlock;ServicesBlock;TestimonialsBlock;FooterBlock","NONE","headline,subheadline,google_maps_url,address,phone,services_cards,testimonials_list,copyright_text","Destaque visual para o mapa interativo e informações de endereço","Secção de contacto com mapa integrado e horários de funcionamento","Foco total em busca local e facilidade de localização geográfica.","pilot_eligible"
"TPL-412","17","SaaS e Startups de Software","SaaS Apresentação de Pacotes","tpl-saas-pacotes-e-condicoes","Landing de Vendas","Conversão para Pacotes Estruturados de Serviços","Clientes interessados em combos e condições especiais","Escolher Meu Pacote","hero -> services -> benefits -> form -> faq -> footer","HeroBlock;ServicesBlock;BenefitsBlock;FormBlock;FaqBlock;FooterBlock","NONE","headline,subheadline,services_cards,benefits_items,form_fields,faq_items,copyright_text","Grelha de pacotes com marcadores visuais do mais popular","Grelha de serviços formatada como cartões de pacotes","Facilita a decisão de compra agrupando serviços em ofertas claras.","pilot_eligible"
"TPL-413","17","SaaS e Startups de Software","SaaS Nossa História & Propósito","tpl-saas-historia-e-proposito","Website Institucional","Conexão Emocional e Alinhamento de Valores","Clientes que valorizam a missão e reputação da empresa","Fazer Parte da Nossa História","hero -> about -> process -> team -> contact -> footer","HeroBlock;AboutBlock;ProcessBlock;TeamBlock;ContactBlock;FooterBlock","NONE","headline,subheadline,story_text,stat_number,stat_label,process_steps,team_members,contact_info,copyright_text","Narrativa em linha do tempo com fotografias institucionais","Secção About com bloco de estatísticas e imagens de bastidores","Constrói lealdade de longo prazo mostrando a trajetória e propósito do negócio.","pilot_eligible"
"TPL-414","17","SaaS e Startups de Software","SaaS Jornada do Cliente","tpl-saas-solucao-passo-a-passo","Landing Educacional","Desmistificar o Processo de Prestação do Serviço","Clientes receosos quanto à complexidade do serviço","Iniciar Minha Jornada","hero -> process -> services -> testimonials -> form -> footer","HeroBlock;ProcessBlock;ServicesBlock;TestimonialsBlock;FormBlock;FooterBlock","NONE","headline,subheadline,process_steps,services_cards,testimonials_list,form_fields,copyright_text","Fluxo numérico progressivo (Passo 1, 2, 3) bem marcado","Infográfico do processo de 4 passos com conectores visuais","Reduz a ansiedade do cliente mostrando exatamente o que acontece em cada fase.","pilot_eligible"
"TPL-415","17","SaaS e Startups de Software","SaaS Oferta de Boas-Vindas","tpl-saas-primeira-visita-especial","Landing Page Direta","Captação de Novos Clientes com Condição Especial","Público que nunca utilizou os serviços da empresa","Garantir Oferta de Boas-Vindas","hero -> benefits -> form -> testimonials -> footer","HeroBlock;BenefitsBlock;FormBlock;TestimonialsBlock;FooterBlock","NONE","headline,subheadline,badge_text,benefits_items,form_fields,testimonials_list,copyright_text","Badge destacado de oferta exclusiva no Hero","Hero com selo de Boas-Vindas e formulário de inscrição direta","Incentiva a experiência inicial através de um incentivo exclusivo para novos clientes.","pilot_eligible"
"TPL-416","17","SaaS e Startups de Software","SaaS Sales Page VSL Longa","tpl-saas-vsl-video-sales-page","Sales Page Longa","Conversão via Vídeo de Vendas (VSL) e Pitch Estruturado","Leads de tráfego frio preparados por apresentação em vídeo","Garantir Vaga no Programa","hero_vsl -> benefits -> testimonials -> faq -> footer","BenefitsBlock;TestimonialsBlock;FaqBlock;FooterBlock","HeroVslBlock","headline,video_url,cta_primary_text,benefits_items,testimonials_list,faq_items,copyright_text","Container de vídeo centralizado com foco total na apresentação VSL","Player de vídeo VSL em topo escuro e botão CTA revelado abaixo","Focado em conversão audiovisual para infoprodutos e mentorias de alto valor.","blocked_by_node_registry"
"TPL-417","17","SaaS e Startups de Software","SaaS Planos & Tabela de Pricing","tpl-saas-tabela-de-precos-saas","Produto / Demo / Trial","Seleção de Planos Mensais/Anuais e Free Trial","Decisores de compra avaliando pacotes e limites de software","Assinar Plano Selecionado","hero -> pricing_table -> benefits -> faq -> footer","HeroBlock;BenefitsBlock;FaqBlock;FooterBlock","PricingTableBlock","headline,subheadline,pricing_plans,features_comparison,faq_items,copyright_text","Cartões de preços comparativos com alternador Mensal/Anual","Grelha de 3 planos de preços com destaque para o plano recomendado","Transparência total de preços e funcionalidades para SaaS e assinaturas.","blocked_by_node_registry"
"TPL-418","17","SaaS e Startups de Software","SaaS Mostra de Portfólio & Projetos","tpl-saas-galeria-portfolio-projetos","Website/Portfólio","Exibição Visual de Projetos Concluídos","Clientes de alto padrão avaliando qualidade estética e acabamento","Solicitar Projeto Semelhante","hero -> gallery_grid -> process -> contact -> footer","HeroBlock;ProcessBlock;ContactBlock;FooterBlock","GalleryGridBlock","headline,subheadline,gallery_images,project_categories,contact_info,copyright_text","Grelha masonry de alta resolução com lightbox interativo","Galeria visual de projetos com filtros por categoria","Demonstra a excelência técnica através do trabalho visualmente concluído.","blocked_by_node_registry"
"TPL-419","17","SaaS e Startups de Software","SaaS Calculadora Interativa de Cotação","tpl-saas-simulador-calculadora-cotacao","Landing de Cotação","Estimativa Interativa em Tempo Real pelo Cliente","Clientes que desejam calcular o investimento aproximado","Enviar Resultado da Simulação","hero -> interactive_calculator -> form -> faq -> footer","HeroBlock;FormBlock;FaqBlock;FooterBlock","CalculatorBlock","headline,subheadline,calculator_fields,form_fields,faq_items,copyright_text","Sliders e seletores interativos com valor total calculado em tempo real","Calculadora interativa com controles deslizantes e resultado estimado","Engaja o utilizador permitindo simular o valor exato da sua necessidade.","blocked_by_node_registry"
"TPL-420","17","SaaS e Startups de Software","SaaS Agendador com Calendário Ao Vivo","tpl-saas-calendario-agendamento-online","Landing de Marcações","Reserva Direta de Data e Horário em Agenda Integrada","Clientes que preferem selecionar o dia e hora no momento","Confirmar Data e Horário","hero -> booking_calendar -> testimonials -> footer","HeroBlock;TestimonialsBlock;FooterBlock","BookingCalendarBlock","headline,subheadline,available_slots,testimonials_list,copyright_text","Calendário interativo com escolha de horário em tempo real","Widget de calendário mensal com seleção de slots de horário","Elimina trocas de mensagens agendando a reunião/consulta diretamente.","blocked_by_node_registry"
"TPL-421","17","SaaS e Startups de Software","SaaS Comparativo de Soluções B2B","tpl-saas-tabela-comparativa-recursos","Produto / Demo / Trial","Demonstração de Superioridade em Relação a Alternativas","Compradores B2B comparando concorrentes e funcionalidades","Escolher a Solução Líder","hero -> comparison_table -> benefits -> form -> footer","HeroBlock;BenefitsBlock;FormBlock;FooterBlock","ComparisonTableBlock","headline,subheadline,comparison_matrix,benefits_items,form_fields,copyright_text","Tabela comparativa com marcas de verificação (checkmarks) e destaques","Tabela comparativa matricial com a empresa destacada na 1ª coluna","Prova a vantagem competitiva de forma transparente através de matriz de recursos.","blocked_by_node_registry"
"TPL-422","17","SaaS e Startups de Software","SaaS Catálogo Filtrável de Soluções","tpl-saas-catalogo-com-filtros-avancados","Website/Portfólio","Navegação por Granularidade de Nichos e Equipamentos","Clientes B2B buscando especificações técnicas detalhadas","Solicitar Ficha Técnica e Cotação","hero -> filtered_catalog -> contact -> footer","HeroBlock;ContactBlock;FooterBlock","FilteredCatalogBlock","headline,subheadline,catalog_items,filter_categories,contact_info,copyright_text","Filtros por categoria no topo e cartões com badges técnicos","Barra de filtros de produtos e grelha de resultados organizados","Facilita a busca em inventários extensos de serviços ou equipamentos.","blocked_by_node_registry"
"TPL-423","17","SaaS e Startups de Software","SaaS Experiência Virtual & Espaço","tpl-saas-tour-virtual-galeria-360","Captação e Reserva","Apresentação Imersiva de Ambientes e Instalações","Noivas, organizadores de eventos e clientes de imobiliário","Agendar Visita Presencial","hero -> virtual_tour -> testimonials -> form -> footer","HeroBlock;TestimonialsBlock;FormBlock;FooterBlock","VirtualTourBlock","headline,subheadline,embed_tour_url,testimonials_list,form_fields,copyright_text","Visualizador panorâmico imersivo com botões de navegação","Preview de tour virtual 360 com ícone de navegação interativa","Encanta o cliente mostrando o espaço físico em alta definição antes da visita.","blocked_by_node_registry"
"TPL-424","17","SaaS e Startups de Software","SaaS Linha do Tempo & Tradição","tpl-saas-linha-do-tempo-historica","Website Institucional","Demonstração de Tradição, Anos de Mercado e Milestones","Grandes contas corporativas buscando estabilidade e tradição","Falar com Nossa Gestão","hero -> timeline_history -> team -> contact -> footer","HeroBlock;TeamBlock;ContactBlock;FooterBlock","TimelineHistoryBlock","headline,subheadline,timeline_events,team_members,contact_info,copyright_text","Linha vertical cronológica com pontos de destaque históricos","Linha do tempo interativa marcando anos e conquistas da empresa","Transmite solidez e confiança comprovando anos de atuação no mercado.","blocked_by_node_registry"
"TPL-425","17","SaaS e Startups de Software","SaaS Cardápio Interativo & Menus","tpl-saas-menu-degustacao-cardapio","Captação e Reserva","Apresentação de Opções de Menus e Buffets para Eventos","Organizadores de eventos e noivos escolhendo gastronomia","Solicitar Degustação do Cardápio","hero -> interactive_menu -> testimonials -> form -> footer","HeroBlock;TestimonialsBlock;FormBlock;FooterBlock","InteractiveMenuBlock","headline,subheadline,menu_categories,testimonials_list,form_fields,copyright_text","Abas organizadas por pratos (Entradas, Principais, Sobremesas) com fotos","Cardápio em abas estilizadas com imagens de gastronomia","Estimula o desejo gastronómico apresentando os menus de forma elegante.","blocked_by_node_registry"
"TPL-426","18","Logística, Transportes e Fretes","Logística, Direct Ads Express","tpl-logistica-ads-captura-rapida","Landing Page Direta","Captura Imediata de Leads Google/Meta Ads","Pacientes/clientes urgentes em busca de atendimento direto","Solicitar Atendimento Imediato","hero -> form -> benefits -> testimonials -> footer","HeroBlock;FormBlock;BenefitsBlock;TestimonialsBlock;FooterBlock","NONE","headline,subheadline,badge_text,form_fields,submit_button_text,benefits_list,testimonials_list,copyright_text","Clean responsivo com destaque para formulário de conversão direta","Renderização do formulário em topo claro e CTA com contraste","Foco exclusivo em conversão de fundo de funil com formulário acima da dobra e sem fuga.","pilot_eligible"
"TPL-427","18","Logística, Transportes e Fretes","Logística, Agendamento VIP","tpl-logistica-agendamento-consulta-vip","Landing de Marcações","Agendamento Direct de Primeira Consulta","Clientes qualificados procurando atendimento exclusivo","Agendar Consulta VIP","hero -> services -> process -> testimonials -> contact -> footer","HeroBlock;ServicesBlock;ProcessBlock;TestimonialsBlock;ContactBlock;FooterBlock","NONE","headline,subheadline,badge_text,services_cards,process_steps,testimonials_list,contact_info,copyright_text","Tom premium com cartões espaçados e etapas do processo ilustradas","Hero com destaque de especialidades e botão de agendamento em destaque","Apresenta a jornada de atendimento passo a passo para gerar confiança no agendamento.","pilot_eligible"
"TPL-428","18","Logística, Transportes e Fretes","Logística, Institucional Autoridade","tpl-logistica-institucional-autoridade","Website Institucional","Construção de Autoridade de Marca e Apresentação de Equipa","Clientes corporativos e parceiros estratégicos","Conhecer Soluções da Empresa","hero -> about -> services -> team -> contact -> footer","HeroBlock;AboutBlock;ServicesBlock;TeamBlock;ContactBlock;FooterBlock","NONE","headline,subheadline,story_text,stat_number,stat_label,services_cards,team_members,contact_info,copyright_text","Design corporativo sóbrio com tipografia forte e fotos da equipa","Preview da secção de história e griha de membros da equipa","Posiciona o negócio como líder de mercado através da história e equipa médica/profissional.","pilot_eligible"
"TPL-429","18","Logística, Transportes e Fretes","Logística, Cotação Express","tpl-logistica-cotacao-progressiva-express","Landing de Cotação","Solicitação de Orçamento com Dados Iniciais","Compradores buscando estimativa rápida de investimento","Pedir Orçamento Gratuito","hero -> benefits -> form -> faq -> footer","HeroBlock;BenefitsBlock;FormBlock;FaqBlock;FooterBlock","NONE","headline,subheadline,benefits_items,form_fields,submit_button_text,faq_items,copyright_text","Foco em clareza de benefícios antes de expor os campos de orçamento","Captura destacando cartões de diferenciais e formulário de orçamento","Elimina objeções de preço respondendo perguntas frequentes antes do pedido de cotação.","pilot_eligible"
"TPL-430","18","Logística, Transportes e Fretes","Logística, Catálogo de Especialidades","tpl-logistica-procedimentos-especializados","Landing de Serviços","Apresentação Detalhada do Portfólio de Serviços","Público que procura soluções técnicas específicas","Consultar Especialista","hero -> services -> benefits -> process -> form -> footer","HeroBlock;ServicesBlock;BenefitsBlock;ProcessBlock;FormBlock;FooterBlock","NONE","headline,subheadline,services_cards,benefits_items,process_steps,form_fields,copyright_text","Grelha modular de serviços com ícones e marcadores técnicos","Visão geral do catálogo de serviços em grelha 3 colunas","Organiza serviços complexos de forma modular e clara para facilidade de navegação.","pilot_eligible"
"TPL-431","18","Logística, Transportes e Fretes","Logística, Casos & Prova Social","tpl-logistica-prova-social-intensa","Landing Page Direta","Conversão Baseada em Depoimentos e Prova de Confiança","Clientes indecisos que necessitam de validação de terceiros","Ver Resultados e Agendar","hero -> testimonials -> benefits -> faq -> contact -> footer","HeroBlock;TestimonialsBlock;BenefitsBlock;FaqBlock;ContactBlock;FooterBlock","NONE","headline,subheadline,testimonials_list,benefits_items,faq_items,contact_info,copyright_text","Estilo visual focado em cartões de avaliações com estrelas e avatares","Secção Hero integrada com avaliações 5 estrelas em destaque","Utiliza o gatilho da prova social em posição de destaque máximo para quebrar desconfiança.","pilot_eligible"
"TPL-432","18","Logística, Transportes e Fretes","Logística, Diagnóstico Gratuito","tpl-logistica-diagnostico-inicial-gratuito","Landing Page Direta","Captação de Leads via Oferta de Diagnóstico sem Custo","Clientes em fase de descoberta que procuram avaliação inicial","Solicitar Diagnóstico sem Custo","hero -> process -> benefits -> form -> footer","HeroBlock;ProcessBlock;BenefitsBlock;FormBlock;FooterBlock","NONE","headline,subheadline,process_steps,benefits_items,form_fields,copyright_text","Cores de alta energia e badges explicativos do diagnóstico","Hero com badge de Diagnóstico Gratuito e formulário em destaque","Reduz a barreira de entrada oferecendo uma avaliação sem compromisso financeiro.","pilot_eligible"
"TPL-433","18","Logística, Transportes e Fretes","Logística, Plantão & Atendimento Rápido","tpl-logistica-atendimento-urgencia-24h","Landing Page Direta","Conversão Urgente para Casos Imediatos","Público com necessidade urgente ou atendimento emergencial","Falar com Atendimento Rápido","hero -> contact -> services -> faq -> footer","HeroBlock;ContactBlock;ServicesBlock;FaqBlock;FooterBlock","NONE","headline,subheadline,phone,email,address,services_cards,faq_items,copyright_text","Layout de alta visibilidade com botão telefónico/WhatsApp de destaque imediato","Hero com botões de contacto direto e mapa de localização rápida","Focado em resolução imediata com telefone e mapa acessíveis sem rolagem.","pilot_eligible"
"TPL-434","18","Logística, Transportes e Fretes","Logística, Guia de Esclarecimento & FAQ","tpl-logistica-duvidas-e-faq-interativo","Landing Educacional","Captação via Esclarecimento de Dúvidas Técnicas","Clientes que pesquisam objeções antes de contratar","Tirar Minha Dúvida com Especialista","hero -> faq -> benefits -> form -> footer","HeroBlock;FaqBlock;BenefitsBlock;FormBlock;FooterBlock","NONE","headline,subheadline,faq_items,benefits_items,form_fields,copyright_text","Accordion limpo com boa legibilidade e tipografia contrastante","Secção de perguntas frequentes em destaque com busca visual","Resolve objeções complexas antecipadamente para converter tráfego qualificado.","pilot_eligible"
"TPL-435","18","Logística, Transportes e Fretes","Logística, Equipa & Corpo Clínico/Técnico","tpl-logistica-equipa-e-corpo-tecnico","Website Institucional","Apresentação de Credenciais e Especialistas","Clientes que escolhem profissionais por currículo e autoridade","Marcar com Nossos Especialistas","hero -> team -> about -> services -> contact -> footer","HeroBlock;TeamBlock;AboutBlock;ServicesBlock;ContactBlock;FooterBlock","NONE","headline,subheadline,team_members,story_text,services_cards,contact_info,copyright_text","Grelha elegante de perfis profissionais com bios detalhadas","Cartões de equipa com fotos profissionais e bios curtas","Foco no fator humano e nas credenciais individuais da equipa para passar segurança.","pilot_eligible"
"TPL-436","18","Logística, Transportes e Fretes","Logística, Unidades & Mapa Local","tpl-logistica-localizacao-e-unidades","Landing Local","Atração de Clientes Locais por Proximidade Geográfica","Moradores/empresas da região geográfica de atendimento","Ver Rota e Agendar Visita","hero -> contact -> services -> testimonials -> footer","HeroBlock;ContactBlock;ServicesBlock;TestimonialsBlock;FooterBlock","NONE","headline,subheadline,google_maps_url,address,phone,services_cards,testimonials_list,copyright_text","Destaque visual para o mapa interativo e informações de endereço","Secção de contacto com mapa integrado e horários de funcionamento","Foco total em busca local e facilidade de localização geográfica.","pilot_eligible"
"TPL-437","18","Logística, Transportes e Fretes","Logística, Apresentação de Pacotes","tpl-logistica-pacotes-e-condicoes","Landing de Vendas","Conversão para Pacotes Estruturados de Serviços","Clientes interessados em combos e condições especiais","Escolher Meu Pacote","hero -> services -> benefits -> form -> faq -> footer","HeroBlock;ServicesBlock;BenefitsBlock;FormBlock;FaqBlock;FooterBlock","NONE","headline,subheadline,services_cards,benefits_items,form_fields,faq_items,copyright_text","Grelha de pacotes com marcadores visuais do mais popular","Grelha de serviços formatada como cartões de pacotes","Facilita a decisão de compra agrupando serviços em ofertas claras.","pilot_eligible"
"TPL-438","18","Logística, Transportes e Fretes","Logística, Nossa História & Propósito","tpl-logistica-historia-e-proposito","Website Institucional","Conexão Emocional e Alinhamento de Valores","Clientes que valorizam a missão e reputação da empresa","Fazer Parte da Nossa História","hero -> about -> process -> team -> contact -> footer","HeroBlock;AboutBlock;ProcessBlock;TeamBlock;ContactBlock;FooterBlock","NONE","headline,subheadline,story_text,stat_number,stat_label,process_steps,team_members,contact_info,copyright_text","Narrativa em linha do tempo com fotografias institucionais","Secção About com bloco de estatísticas e imagens de bastidores","Constrói lealdade de longo prazo mostrando a trajetória e propósito do negócio.","pilot_eligible"
"TPL-439","18","Logística, Transportes e Fretes","Logística, Jornada do Cliente","tpl-logistica-solucao-passo-a-passo","Landing Educacional","Desmistificar o Processo de Prestação do Serviço","Clientes receosos quanto à complexidade do serviço","Iniciar Minha Jornada","hero -> process -> services -> testimonials -> form -> footer","HeroBlock;ProcessBlock;ServicesBlock;TestimonialsBlock;FormBlock;FooterBlock","NONE","headline,subheadline,process_steps,services_cards,testimonials_list,form_fields,copyright_text","Fluxo numérico progressivo (Passo 1, 2, 3) bem marcado","Infográfico do processo de 4 passos com conectores visuais","Reduz a ansiedade do cliente mostrando exatamente o que acontece em cada fase.","pilot_eligible"
"TPL-440","18","Logística, Transportes e Fretes","Logística, Oferta de Boas-Vindas","tpl-logistica-primeira-visita-especial","Landing Page Direta","Captação de Novos Clientes com Condição Especial","Público que nunca utilizou os serviços da empresa","Garantir Oferta de Boas-Vindas","hero -> benefits -> form -> testimonials -> footer","HeroBlock;BenefitsBlock;FormBlock;TestimonialsBlock;FooterBlock","NONE","headline,subheadline,badge_text,benefits_items,form_fields,testimonials_list,copyright_text","Badge destacado de oferta exclusiva no Hero","Hero com selo de Boas-Vindas e formulário de inscrição direta","Incentiva a experiência inicial através de um incentivo exclusivo para novos clientes.","pilot_eligible"
"TPL-441","18","Logística, Transportes e Fretes","Logística, Sales Page VSL Longa","tpl-logistica-vsl-video-sales-page","Sales Page Longa","Conversão via Vídeo de Vendas (VSL) e Pitch Estruturado","Leads de tráfego frio preparados por apresentação em vídeo","Garantir Vaga no Programa","hero_vsl -> benefits -> testimonials -> faq -> footer","BenefitsBlock;TestimonialsBlock;FaqBlock;FooterBlock","HeroVslBlock","headline,video_url,cta_primary_text,benefits_items,testimonials_list,faq_items,copyright_text","Container de vídeo centralizado com foco total na apresentação VSL","Player de vídeo VSL em topo escuro e botão CTA revelado abaixo","Focado em conversão audiovisual para infoprodutos e mentorias de alto valor.","blocked_by_node_registry"
"TPL-442","18","Logística, Transportes e Fretes","Logística, Planos & Tabela de Pricing","tpl-logistica-tabela-de-precos-saas","Produto / Demo / Trial","Seleção de Planos Mensais/Anuais e Free Trial","Decisores de compra avaliando pacotes e limites de software","Assinar Plano Selecionado","hero -> pricing_table -> benefits -> faq -> footer","HeroBlock;BenefitsBlock;FaqBlock;FooterBlock","PricingTableBlock","headline,subheadline,pricing_plans,features_comparison,faq_items,copyright_text","Cartões de preços comparativos com alternador Mensal/Anual","Grelha de 3 planos de preços com destaque para o plano recomendado","Transparência total de preços e funcionalidades para SaaS e assinaturas.","blocked_by_node_registry"
"TPL-443","18","Logística, Transportes e Fretes","Logística, Mostra de Portfólio & Projetos","tpl-logistica-galeria-portfolio-projetos","Website/Portfólio","Exibição Visual de Projetos Concluídos","Clientes de alto padrão avaliando qualidade estética e acabamento","Solicitar Projeto Semelhante","hero -> gallery_grid -> process -> contact -> footer","HeroBlock;ProcessBlock;ContactBlock;FooterBlock","GalleryGridBlock","headline,subheadline,gallery_images,project_categories,contact_info,copyright_text","Grelha masonry de alta resolução com lightbox interativo","Galeria visual de projetos com filtros por categoria","Demonstra a excelência técnica através do trabalho visualmente concluído.","blocked_by_node_registry"
"TPL-444","18","Logística, Transportes e Fretes","Logística, Calculadora Interativa de Cotação","tpl-logistica-simulador-calculadora-cotacao","Landing de Cotação","Estimativa Interativa em Tempo Real pelo Cliente","Clientes que desejam calcular o investimento aproximado","Enviar Resultado da Simulação","hero -> interactive_calculator -> form -> faq -> footer","HeroBlock;FormBlock;FaqBlock;FooterBlock","CalculatorBlock","headline,subheadline,calculator_fields,form_fields,faq_items,copyright_text","Sliders e seletores interativos com valor total calculado em tempo real","Calculadora interativa com controles deslizantes e resultado estimado","Engaja o utilizador permitindo simular o valor exato da sua necessidade.","blocked_by_node_registry"
"TPL-445","18","Logística, Transportes e Fretes","Logística, Agendador com Calendário Ao Vivo","tpl-logistica-calendario-agendamento-online","Landing de Marcações","Reserva Direta de Data e Horário em Agenda Integrada","Clientes que preferem selecionar o dia e hora no momento","Confirmar Data e Horário","hero -> booking_calendar -> testimonials -> footer","HeroBlock;TestimonialsBlock;FooterBlock","BookingCalendarBlock","headline,subheadline,available_slots,testimonials_list,copyright_text","Calendário interativo com escolha de horário em tempo real","Widget de calendário mensal com seleção de slots de horário","Elimina trocas de mensagens agendando a reunião/consulta diretamente.","blocked_by_node_registry"
"TPL-446","18","Logística, Transportes e Fretes","Logística, Comparativo de Soluções B2B","tpl-logistica-tabela-comparativa-recursos","Produto / Demo / Trial","Demonstração de Superioridade em Relação a Alternativas","Compradores B2B comparando concorrentes e funcionalidades","Escolher a Solução Líder","hero -> comparison_table -> benefits -> form -> footer","HeroBlock;BenefitsBlock;FormBlock;FooterBlock","ComparisonTableBlock","headline,subheadline,comparison_matrix,benefits_items,form_fields,copyright_text","Tabela comparativa com marcas de verificação (checkmarks) e destaques","Tabela comparativa matricial com a empresa destacada na 1ª coluna","Prova a vantagem competitiva de forma transparente através de matriz de recursos.","blocked_by_node_registry"
"TPL-447","18","Logística, Transportes e Fretes","Logística, Catálogo Filtrável de Soluções","tpl-logistica-catalogo-com-filtros-avancados","Website/Portfólio","Navegação por Granularidade de Nichos e Equipamentos","Clientes B2B buscando especificações técnicas detalhadas","Solicitar Ficha Técnica e Cotação","hero -> filtered_catalog -> contact -> footer","HeroBlock;ContactBlock;FooterBlock","FilteredCatalogBlock","headline,subheadline,catalog_items,filter_categories,contact_info,copyright_text","Filtros por categoria no topo e cartões com badges técnicos","Barra de filtros de produtos e grelha de resultados organizados","Facilita a busca em inventários extensos de serviços ou equipamentos.","blocked_by_node_registry"
"TPL-448","18","Logística, Transportes e Fretes","Logística, Experiência Virtual & Espaço","tpl-logistica-tour-virtual-galeria-360","Captação e Reserva","Apresentação Imersiva de Ambientes e Instalações","Noivas, organizadores de eventos e clientes de imobiliário","Agendar Visita Presencial","hero -> virtual_tour -> testimonials -> form -> footer","HeroBlock;TestimonialsBlock;FormBlock;FooterBlock","VirtualTourBlock","headline,subheadline,embed_tour_url,testimonials_list,form_fields,copyright_text","Visualizador panorâmico imersivo com botões de navegação","Preview de tour virtual 360 com ícone de navegação interativa","Encanta o cliente mostrando o espaço físico em alta definição antes da visita.","blocked_by_node_registry"
"TPL-449","18","Logística, Transportes e Fretes","Logística, Linha do Tempo & Tradição","tpl-logistica-linha-do-tempo-historica","Website Institucional","Demonstração de Tradição, Anos de Mercado e Milestones","Grandes contas corporativas buscando estabilidade e tradição","Falar com Nossa Gestão","hero -> timeline_history -> team -> contact -> footer","HeroBlock;TeamBlock;ContactBlock;FooterBlock","TimelineHistoryBlock","headline,subheadline,timeline_events,team_members,contact_info,copyright_text","Linha vertical cronológica com pontos de destaque históricos","Linha do tempo interativa marcando anos e conquistas da empresa","Transmite solidez e confiança comprovando anos de atuação no mercado.","blocked_by_node_registry"
"TPL-450","18","Logística, Transportes e Fretes","Logística, Cardápio Interativo & Menus","tpl-logistica-menu-degustacao-cardapio","Captação e Reserva","Apresentação de Opções de Menus e Buffets para Eventos","Organizadores de eventos e noivos escolhendo gastronomia","Solicitar Degustação do Cardápio","hero -> interactive_menu -> testimonials -> form -> footer","HeroBlock;TestimonialsBlock;FormBlock;FooterBlock","InteractiveMenuBlock","headline,subheadline,menu_categories,testimonials_list,form_fields,copyright_text","Abas organizadas por pratos (Entradas, Principais, Sobremesas) com fotos","Cardápio em abas estilizadas com imagens de gastronomia","Estimula o desejo gastronómico apresentando os menus de forma elegante.","blocked_by_node_registry"
"TPL-451","19","Segurança da Informação e Infraestrutura de TI","Segurança Direct Ads Express","tpl-ti-ads-captura-rapida","Landing Page Direta","Captura Imediata de Leads Google/Meta Ads","Pacientes/clientes urgentes em busca de atendimento direto","Solicitar Atendimento Imediato","hero -> form -> benefits -> testimonials -> footer","HeroBlock;FormBlock;BenefitsBlock;TestimonialsBlock;FooterBlock","NONE","headline,subheadline,badge_text,form_fields,submit_button_text,benefits_list,testimonials_list,copyright_text","Clean responsivo com destaque para formulário de conversão direta","Renderização do formulário em topo claro e CTA com contraste","Foco exclusivo em conversão de fundo de funil com formulário acima da dobra e sem fuga.","pilot_eligible"
"TPL-452","19","Segurança da Informação e Infraestrutura de TI","Segurança Agendamento VIP","tpl-ti-agendamento-consulta-vip","Landing de Marcações","Agendamento Direct de Primeira Consulta","Clientes qualificados procurando atendimento exclusivo","Agendar Consulta VIP","hero -> services -> process -> testimonials -> contact -> footer","HeroBlock;ServicesBlock;ProcessBlock;TestimonialsBlock;ContactBlock;FooterBlock","NONE","headline,subheadline,badge_text,services_cards,process_steps,testimonials_list,contact_info,copyright_text","Tom premium com cartões espaçados e etapas do processo ilustradas","Hero com destaque de especialidades e botão de agendamento em destaque","Apresenta a jornada de atendimento passo a passo para gerar confiança no agendamento.","pilot_eligible"
"TPL-453","19","Segurança da Informação e Infraestrutura de TI","Segurança Institucional Autoridade","tpl-ti-institucional-autoridade","Website Institucional","Construção de Autoridade de Marca e Apresentação de Equipa","Clientes corporativos e parceiros estratégicos","Conhecer Soluções da Empresa","hero -> about -> services -> team -> contact -> footer","HeroBlock;AboutBlock;ServicesBlock;TeamBlock;ContactBlock;FooterBlock","NONE","headline,subheadline,story_text,stat_number,stat_label,services_cards,team_members,contact_info,copyright_text","Design corporativo sóbrio com tipografia forte e fotos da equipa","Preview da secção de história e griha de membros da equipa","Posiciona o negócio como líder de mercado através da história e equipa médica/profissional.","pilot_eligible"
"TPL-454","19","Segurança da Informação e Infraestrutura de TI","Segurança Cotação Express","tpl-ti-cotacao-progressiva-express","Landing de Cotação","Solicitação de Orçamento com Dados Iniciais","Compradores buscando estimativa rápida de investimento","Pedir Orçamento Gratuito","hero -> benefits -> form -> faq -> footer","HeroBlock;BenefitsBlock;FormBlock;FaqBlock;FooterBlock","NONE","headline,subheadline,benefits_items,form_fields,submit_button_text,faq_items,copyright_text","Foco em clareza de benefícios antes de expor os campos de orçamento","Captura destacando cartões de diferenciais e formulário de orçamento","Elimina objeções de preço respondendo perguntas frequentes antes do pedido de cotação.","pilot_eligible"
"TPL-455","19","Segurança da Informação e Infraestrutura de TI","Segurança Catálogo de Especialidades","tpl-ti-procedimentos-especializados","Landing de Serviços","Apresentação Detalhada do Portfólio de Serviços","Público que procura soluções técnicas específicas","Consultar Especialista","hero -> services -> benefits -> process -> form -> footer","HeroBlock;ServicesBlock;BenefitsBlock;ProcessBlock;FormBlock;FooterBlock","NONE","headline,subheadline,services_cards,benefits_items,process_steps,form_fields,copyright_text","Grelha modular de serviços com ícones e marcadores técnicos","Visão geral do catálogo de serviços em grelha 3 colunas","Organiza serviços complexos de forma modular e clara para facilidade de navegação.","pilot_eligible"
"TPL-456","19","Segurança da Informação e Infraestrutura de TI","Segurança Casos & Prova Social","tpl-ti-prova-social-intensa","Landing Page Direta","Conversão Baseada em Depoimentos e Prova de Confiança","Clientes indecisos que necessitam de validação de terceiros","Ver Resultados e Agendar","hero -> testimonials -> benefits -> faq -> contact -> footer","HeroBlock;TestimonialsBlock;BenefitsBlock;FaqBlock;ContactBlock;FooterBlock","NONE","headline,subheadline,testimonials_list,benefits_items,faq_items,contact_info,copyright_text","Estilo visual focado em cartões de avaliações com estrelas e avatares","Secção Hero integrada com avaliações 5 estrelas em destaque","Utiliza o gatilho da prova social em posição de destaque máximo para quebrar desconfiança.","pilot_eligible"
"TPL-457","19","Segurança da Informação e Infraestrutura de TI","Segurança Diagnóstico Gratuito","tpl-ti-diagnostico-inicial-gratuito","Landing Page Direta","Captação de Leads via Oferta de Diagnóstico sem Custo","Clientes em fase de descoberta que procuram avaliação inicial","Solicitar Diagnóstico sem Custo","hero -> process -> benefits -> form -> footer","HeroBlock;ProcessBlock;BenefitsBlock;FormBlock;FooterBlock","NONE","headline,subheadline,process_steps,benefits_items,form_fields,copyright_text","Cores de alta energia e badges explicativos do diagnóstico","Hero com badge de Diagnóstico Gratuito e formulário em destaque","Reduz a barreira de entrada oferecendo uma avaliação sem compromisso financeiro.","pilot_eligible"
"TPL-458","19","Segurança da Informação e Infraestrutura de TI","Segurança Plantão & Atendimento Rápido","tpl-ti-atendimento-urgencia-24h","Landing Page Direta","Conversão Urgente para Casos Imediatos","Público com necessidade urgente ou atendimento emergencial","Falar com Atendimento Rápido","hero -> contact -> services -> faq -> footer","HeroBlock;ContactBlock;ServicesBlock;FaqBlock;FooterBlock","NONE","headline,subheadline,phone,email,address,services_cards,faq_items,copyright_text","Layout de alta visibilidade com botão telefónico/WhatsApp de destaque imediato","Hero com botões de contacto direto e mapa de localização rápida","Focado em resolução imediata com telefone e mapa acessíveis sem rolagem.","pilot_eligible"
"TPL-459","19","Segurança da Informação e Infraestrutura de TI","Segurança Guia de Esclarecimento & FAQ","tpl-ti-duvidas-e-faq-interativo","Landing Educacional","Captação via Esclarecimento de Dúvidas Técnicas","Clientes que pesquisam objeções antes de contratar","Tirar Minha Dúvida com Especialista","hero -> faq -> benefits -> form -> footer","HeroBlock;FaqBlock;BenefitsBlock;FormBlock;FooterBlock","NONE","headline,subheadline,faq_items,benefits_items,form_fields,copyright_text","Accordion limpo com boa legibilidade e tipografia contrastante","Secção de perguntas frequentes em destaque com busca visual","Resolve objeções complexas antecipadamente para converter tráfego qualificado.","pilot_eligible"
"TPL-460","19","Segurança da Informação e Infraestrutura de TI","Segurança Equipa & Corpo Clínico/Técnico","tpl-ti-equipa-e-corpo-tecnico","Website Institucional","Apresentação de Credenciais e Especialistas","Clientes que escolhem profissionais por currículo e autoridade","Marcar com Nossos Especialistas","hero -> team -> about -> services -> contact -> footer","HeroBlock;TeamBlock;AboutBlock;ServicesBlock;ContactBlock;FooterBlock","NONE","headline,subheadline,team_members,story_text,services_cards,contact_info,copyright_text","Grelha elegante de perfis profissionais com bios detalhadas","Cartões de equipa com fotos profissionais e bios curtas","Foco no fator humano e nas credenciais individuais da equipa para passar segurança.","pilot_eligible"
"TPL-461","19","Segurança da Informação e Infraestrutura de TI","Segurança Unidades & Mapa Local","tpl-ti-localizacao-e-unidades","Landing Local","Atração de Clientes Locais por Proximidade Geográfica","Moradores/empresas da região geográfica de atendimento","Ver Rota e Agendar Visita","hero -> contact -> services -> testimonials -> footer","HeroBlock;ContactBlock;ServicesBlock;TestimonialsBlock;FooterBlock","NONE","headline,subheadline,google_maps_url,address,phone,services_cards,testimonials_list,copyright_text","Destaque visual para o mapa interativo e informações de endereço","Secção de contacto com mapa integrado e horários de funcionamento","Foco total em busca local e facilidade de localização geográfica.","pilot_eligible"
"TPL-462","19","Segurança da Informação e Infraestrutura de TI","Segurança Apresentação de Pacotes","tpl-ti-pacotes-e-condicoes","Landing de Vendas","Conversão para Pacotes Estruturados de Serviços","Clientes interessados em combos e condições especiais","Escolher Meu Pacote","hero -> services -> benefits -> form -> faq -> footer","HeroBlock;ServicesBlock;BenefitsBlock;FormBlock;FaqBlock;FooterBlock","NONE","headline,subheadline,services_cards,benefits_items,form_fields,faq_items,copyright_text","Grelha de pacotes com marcadores visuais do mais popular","Grelha de serviços formatada como cartões de pacotes","Facilita a decisão de compra agrupando serviços em ofertas claras.","pilot_eligible"
"TPL-463","19","Segurança da Informação e Infraestrutura de TI","Segurança Nossa História & Propósito","tpl-ti-historia-e-proposito","Website Institucional","Conexão Emocional e Alinhamento de Valores","Clientes que valorizam a missão e reputação da empresa","Fazer Parte da Nossa História","hero -> about -> process -> team -> contact -> footer","HeroBlock;AboutBlock;ProcessBlock;TeamBlock;ContactBlock;FooterBlock","NONE","headline,subheadline,story_text,stat_number,stat_label,process_steps,team_members,contact_info,copyright_text","Narrativa em linha do tempo com fotografias institucionais","Secção About com bloco de estatísticas e imagens de bastidores","Constrói lealdade de longo prazo mostrando a trajetória e propósito do negócio.","pilot_eligible"
"TPL-464","19","Segurança da Informação e Infraestrutura de TI","Segurança Jornada do Cliente","tpl-ti-solucao-passo-a-passo","Landing Educacional","Desmistificar o Processo de Prestação do Serviço","Clientes receosos quanto à complexidade do serviço","Iniciar Minha Jornada","hero -> process -> services -> testimonials -> form -> footer","HeroBlock;ProcessBlock;ServicesBlock;TestimonialsBlock;FormBlock;FooterBlock","NONE","headline,subheadline,process_steps,services_cards,testimonials_list,form_fields,copyright_text","Fluxo numérico progressivo (Passo 1, 2, 3) bem marcado","Infográfico do processo de 4 passos com conectores visuais","Reduz a ansiedade do cliente mostrando exatamente o que acontece em cada fase.","pilot_eligible"
"TPL-465","19","Segurança da Informação e Infraestrutura de TI","Segurança Oferta de Boas-Vindas","tpl-ti-primeira-visita-especial","Landing Page Direta","Captação de Novos Clientes com Condição Especial","Público que nunca utilizou os serviços da empresa","Garantir Oferta de Boas-Vindas","hero -> benefits -> form -> testimonials -> footer","HeroBlock;BenefitsBlock;FormBlock;TestimonialsBlock;FooterBlock","NONE","headline,subheadline,badge_text,benefits_items,form_fields,testimonials_list,copyright_text","Badge destacado de oferta exclusiva no Hero","Hero com selo de Boas-Vindas e formulário de inscrição direta","Incentiva a experiência inicial através de um incentivo exclusivo para novos clientes.","pilot_eligible"
"TPL-466","19","Segurança da Informação e Infraestrutura de TI","Segurança Sales Page VSL Longa","tpl-ti-vsl-video-sales-page","Sales Page Longa","Conversão via Vídeo de Vendas (VSL) e Pitch Estruturado","Leads de tráfego frio preparados por apresentação em vídeo","Garantir Vaga no Programa","hero_vsl -> benefits -> testimonials -> faq -> footer","BenefitsBlock;TestimonialsBlock;FaqBlock;FooterBlock","HeroVslBlock","headline,video_url,cta_primary_text,benefits_items,testimonials_list,faq_items,copyright_text","Container de vídeo centralizado com foco total na apresentação VSL","Player de vídeo VSL em topo escuro e botão CTA revelado abaixo","Focado em conversão audiovisual para infoprodutos e mentorias de alto valor.","blocked_by_node_registry"
"TPL-467","19","Segurança da Informação e Infraestrutura de TI","Segurança Planos & Tabela de Pricing","tpl-ti-tabela-de-precos-saas","Produto / Demo / Trial","Seleção de Planos Mensais/Anuais e Free Trial","Decisores de compra avaliando pacotes e limites de software","Assinar Plano Selecionado","hero -> pricing_table -> benefits -> faq -> footer","HeroBlock;BenefitsBlock;FaqBlock;FooterBlock","PricingTableBlock","headline,subheadline,pricing_plans,features_comparison,faq_items,copyright_text","Cartões de preços comparativos com alternador Mensal/Anual","Grelha de 3 planos de preços com destaque para o plano recomendado","Transparência total de preços e funcionalidades para SaaS e assinaturas.","blocked_by_node_registry"
"TPL-468","19","Segurança da Informação e Infraestrutura de TI","Segurança Mostra de Portfólio & Projetos","tpl-ti-galeria-portfolio-projetos","Website/Portfólio","Exibição Visual de Projetos Concluídos","Clientes de alto padrão avaliando qualidade estética e acabamento","Solicitar Projeto Semelhante","hero -> gallery_grid -> process -> contact -> footer","HeroBlock;ProcessBlock;ContactBlock;FooterBlock","GalleryGridBlock","headline,subheadline,gallery_images,project_categories,contact_info,copyright_text","Grelha masonry de alta resolução com lightbox interativo","Galeria visual de projetos com filtros por categoria","Demonstra a excelência técnica através do trabalho visualmente concluído.","blocked_by_node_registry"
"TPL-469","19","Segurança da Informação e Infraestrutura de TI","Segurança Calculadora Interativa de Cotação","tpl-ti-simulador-calculadora-cotacao","Landing de Cotação","Estimativa Interativa em Tempo Real pelo Cliente","Clientes que desejam calcular o investimento aproximado","Enviar Resultado da Simulação","hero -> interactive_calculator -> form -> faq -> footer","HeroBlock;FormBlock;FaqBlock;FooterBlock","CalculatorBlock","headline,subheadline,calculator_fields,form_fields,faq_items,copyright_text","Sliders e seletores interativos com valor total calculado em tempo real","Calculadora interativa com controles deslizantes e resultado estimado","Engaja o utilizador permitindo simular o valor exato da sua necessidade.","blocked_by_node_registry"
"TPL-470","19","Segurança da Informação e Infraestrutura de TI","Segurança Agendador com Calendário Ao Vivo","tpl-ti-calendario-agendamento-online","Landing de Marcações","Reserva Direta de Data e Horário em Agenda Integrada","Clientes que preferem selecionar o dia e hora no momento","Confirmar Data e Horário","hero -> booking_calendar -> testimonials -> footer","HeroBlock;TestimonialsBlock;FooterBlock","BookingCalendarBlock","headline,subheadline,available_slots,testimonials_list,copyright_text","Calendário interativo com escolha de horário em tempo real","Widget de calendário mensal com seleção de slots de horário","Elimina trocas de mensagens agendando a reunião/consulta diretamente.","blocked_by_node_registry"
"TPL-471","19","Segurança da Informação e Infraestrutura de TI","Segurança Comparativo de Soluções B2B","tpl-ti-tabela-comparativa-recursos","Produto / Demo / Trial","Demonstração de Superioridade em Relação a Alternativas","Compradores B2B comparando concorrentes e funcionalidades","Escolher a Solução Líder","hero -> comparison_table -> benefits -> form -> footer","HeroBlock;BenefitsBlock;FormBlock;FooterBlock","ComparisonTableBlock","headline,subheadline,comparison_matrix,benefits_items,form_fields,copyright_text","Tabela comparativa com marcas de verificação (checkmarks) e destaques","Tabela comparativa matricial com a empresa destacada na 1ª coluna","Prova a vantagem competitiva de forma transparente através de matriz de recursos.","blocked_by_node_registry"
"TPL-472","19","Segurança da Informação e Infraestrutura de TI","Segurança Catálogo Filtrável de Soluções","tpl-ti-catalogo-com-filtros-avancados","Website/Portfólio","Navegação por Granularidade de Nichos e Equipamentos","Clientes B2B buscando especificações técnicas detalhadas","Solicitar Ficha Técnica e Cotação","hero -> filtered_catalog -> contact -> footer","HeroBlock;ContactBlock;FooterBlock","FilteredCatalogBlock","headline,subheadline,catalog_items,filter_categories,contact_info,copyright_text","Filtros por categoria no topo e cartões com badges técnicos","Barra de filtros de produtos e grelha de resultados organizados","Facilita a busca em inventários extensos de serviços ou equipamentos.","blocked_by_node_registry"
"TPL-473","19","Segurança da Informação e Infraestrutura de TI","Segurança Experiência Virtual & Espaço","tpl-ti-tour-virtual-galeria-360","Captação e Reserva","Apresentação Imersiva de Ambientes e Instalações","Noivas, organizadores de eventos e clientes de imobiliário","Agendar Visita Presencial","hero -> virtual_tour -> testimonials -> form -> footer","HeroBlock;TestimonialsBlock;FormBlock;FooterBlock","VirtualTourBlock","headline,subheadline,embed_tour_url,testimonials_list,form_fields,copyright_text","Visualizador panorâmico imersivo com botões de navegação","Preview de tour virtual 360 com ícone de navegação interativa","Encanta o cliente mostrando o espaço físico em alta definição antes da visita.","blocked_by_node_registry"
"TPL-474","19","Segurança da Informação e Infraestrutura de TI","Segurança Linha do Tempo & Tradição","tpl-ti-linha-do-tempo-historica","Website Institucional","Demonstração de Tradição, Anos de Mercado e Milestones","Grandes contas corporativas buscando estabilidade e tradição","Falar com Nossa Gestão","hero -> timeline_history -> team -> contact -> footer","HeroBlock;TeamBlock;ContactBlock;FooterBlock","TimelineHistoryBlock","headline,subheadline,timeline_events,team_members,contact_info,copyright_text","Linha vertical cronológica com pontos de destaque históricos","Linha do tempo interativa marcando anos e conquistas da empresa","Transmite solidez e confiança comprovando anos de atuação no mercado.","blocked_by_node_registry"
"TPL-475","19","Segurança da Informação e Infraestrutura de TI","Segurança Cardápio Interativo & Menus","tpl-ti-menu-degustacao-cardapio","Captação e Reserva","Apresentação de Opções de Menus e Buffets para Eventos","Organizadores de eventos e noivos escolhendo gastronomia","Solicitar Degustação do Cardápio","hero -> interactive_menu -> testimonials -> form -> footer","HeroBlock;TestimonialsBlock;FormBlock;FooterBlock","InteractiveMenuBlock","headline,subheadline,menu_categories,testimonials_list,form_fields,copyright_text","Abas organizadas por pratos (Entradas, Principais, Sobremesas) com fotos","Cardápio em abas estilizadas com imagens de gastronomia","Estimula o desejo gastronómico apresentando os menus de forma elegante.","blocked_by_node_registry"
"TPL-476","20","Limpeza e Facilities Empresariais","Limpeza Direct Ads Express","tpl-facilities-ads-captura-rapida","Landing Page Direta","Captura Imediata de Leads Google/Meta Ads","Pacientes/clientes urgentes em busca de atendimento direto","Solicitar Atendimento Imediato","hero -> form -> benefits -> testimonials -> footer","HeroBlock;FormBlock;BenefitsBlock;TestimonialsBlock;FooterBlock","NONE","headline,subheadline,badge_text,form_fields,submit_button_text,benefits_list,testimonials_list,copyright_text","Clean responsivo com destaque para formulário de conversão direta","Renderização do formulário em topo claro e CTA com contraste","Foco exclusivo em conversão de fundo de funil com formulário acima da dobra e sem fuga.","pilot_eligible"
"TPL-477","20","Limpeza e Facilities Empresariais","Limpeza Agendamento VIP","tpl-facilities-agendamento-consulta-vip","Landing de Marcações","Agendamento Direct de Primeira Consulta","Clientes qualificados procurando atendimento exclusivo","Agendar Consulta VIP","hero -> services -> process -> testimonials -> contact -> footer","HeroBlock;ServicesBlock;ProcessBlock;TestimonialsBlock;ContactBlock;FooterBlock","NONE","headline,subheadline,badge_text,services_cards,process_steps,testimonials_list,contact_info,copyright_text","Tom premium com cartões espaçados e etapas do processo ilustradas","Hero com destaque de especialidades e botão de agendamento em destaque","Apresenta a jornada de atendimento passo a passo para gerar confiança no agendamento.","pilot_eligible"
"TPL-478","20","Limpeza e Facilities Empresariais","Limpeza Institucional Autoridade","tpl-facilities-institucional-autoridade","Website Institucional","Construção de Autoridade de Marca e Apresentação de Equipa","Clientes corporativos e parceiros estratégicos","Conhecer Soluções da Empresa","hero -> about -> services -> team -> contact -> footer","HeroBlock;AboutBlock;ServicesBlock;TeamBlock;ContactBlock;FooterBlock","NONE","headline,subheadline,story_text,stat_number,stat_label,services_cards,team_members,contact_info,copyright_text","Design corporativo sóbrio com tipografia forte e fotos da equipa","Preview da secção de história e griha de membros da equipa","Posiciona o negócio como líder de mercado através da história e equipa médica/profissional.","pilot_eligible"
"TPL-479","20","Limpeza e Facilities Empresariais","Limpeza Cotação Express","tpl-facilities-cotacao-progressiva-express","Landing de Cotação","Solicitação de Orçamento com Dados Iniciais","Compradores buscando estimativa rápida de investimento","Pedir Orçamento Gratuito","hero -> benefits -> form -> faq -> footer","HeroBlock;BenefitsBlock;FormBlock;FaqBlock;FooterBlock","NONE","headline,subheadline,benefits_items,form_fields,submit_button_text,faq_items,copyright_text","Foco em clareza de benefícios antes de expor os campos de orçamento","Captura destacando cartões de diferenciais e formulário de orçamento","Elimina objeções de preço respondendo perguntas frequentes antes do pedido de cotação.","pilot_eligible"
"TPL-480","20","Limpeza e Facilities Empresariais","Limpeza Catálogo de Especialidades","tpl-facilities-procedimentos-especializados","Landing de Serviços","Apresentação Detalhada do Portfólio de Serviços","Público que procura soluções técnicas específicas","Consultar Especialista","hero -> services -> benefits -> process -> form -> footer","HeroBlock;ServicesBlock;BenefitsBlock;ProcessBlock;FormBlock;FooterBlock","NONE","headline,subheadline,services_cards,benefits_items,process_steps,form_fields,copyright_text","Grelha modular de serviços com ícones e marcadores técnicos","Visão geral do catálogo de serviços em grelha 3 colunas","Organiza serviços complexos de forma modular e clara para facilidade de navegação.","pilot_eligible"
"TPL-481","20","Limpeza e Facilities Empresariais","Limpeza Casos & Prova Social","tpl-facilities-prova-social-intensa","Landing Page Direta","Conversão Baseada em Depoimentos e Prova de Confiança","Clientes indecisos que necessitam de validação de terceiros","Ver Resultados e Agendar","hero -> testimonials -> benefits -> faq -> contact -> footer","HeroBlock;TestimonialsBlock;BenefitsBlock;FaqBlock;ContactBlock;FooterBlock","NONE","headline,subheadline,testimonials_list,benefits_items,faq_items,contact_info,copyright_text","Estilo visual focado em cartões de avaliações com estrelas e avatares","Secção Hero integrada com avaliações 5 estrelas em destaque","Utiliza o gatilho da prova social em posição de destaque máximo para quebrar desconfiança.","pilot_eligible"
"TPL-482","20","Limpeza e Facilities Empresariais","Limpeza Diagnóstico Gratuito","tpl-facilities-diagnostico-inicial-gratuito","Landing Page Direta","Captação de Leads via Oferta de Diagnóstico sem Custo","Clientes em fase de descoberta que procuram avaliação inicial","Solicitar Diagnóstico sem Custo","hero -> process -> benefits -> form -> footer","HeroBlock;ProcessBlock;BenefitsBlock;FormBlock;FooterBlock","NONE","headline,subheadline,process_steps,benefits_items,form_fields,copyright_text","Cores de alta energia e badges explicativos do diagnóstico","Hero com badge de Diagnóstico Gratuito e formulário em destaque","Reduz a barreira de entrada oferecendo uma avaliação sem compromisso financeiro.","pilot_eligible"
"TPL-483","20","Limpeza e Facilities Empresariais","Limpeza Plantão & Atendimento Rápido","tpl-facilities-atendimento-urgencia-24h","Landing Page Direta","Conversão Urgente para Casos Imediatos","Público com necessidade urgente ou atendimento emergencial","Falar com Atendimento Rápido","hero -> contact -> services -> faq -> footer","HeroBlock;ContactBlock;ServicesBlock;FaqBlock;FooterBlock","NONE","headline,subheadline,phone,email,address,services_cards,faq_items,copyright_text","Layout de alta visibilidade com botão telefónico/WhatsApp de destaque imediato","Hero com botões de contacto direto e mapa de localização rápida","Focado em resolução imediata com telefone e mapa acessíveis sem rolagem.","pilot_eligible"
"TPL-484","20","Limpeza e Facilities Empresariais","Limpeza Guia de Esclarecimento & FAQ","tpl-facilities-duvidas-e-faq-interativo","Landing Educacional","Captação via Esclarecimento de Dúvidas Técnicas","Clientes que pesquisam objeções antes de contratar","Tirar Minha Dúvida com Especialista","hero -> faq -> benefits -> form -> footer","HeroBlock;FaqBlock;BenefitsBlock;FormBlock;FooterBlock","NONE","headline,subheadline,faq_items,benefits_items,form_fields,copyright_text","Accordion limpo com boa legibilidade e tipografia contrastante","Secção de perguntas frequentes em destaque com busca visual","Resolve objeções complexas antecipadamente para converter tráfego qualificado.","pilot_eligible"
"TPL-485","20","Limpeza e Facilities Empresariais","Limpeza Equipa & Corpo Clínico/Técnico","tpl-facilities-equipa-e-corpo-tecnico","Website Institucional","Apresentação de Credenciais e Especialistas","Clientes que escolhem profissionais por currículo e autoridade","Marcar com Nossos Especialistas","hero -> team -> about -> services -> contact -> footer","HeroBlock;TeamBlock;AboutBlock;ServicesBlock;ContactBlock;FooterBlock","NONE","headline,subheadline,team_members,story_text,services_cards,contact_info,copyright_text","Grelha elegante de perfis profissionais com bios detalhadas","Cartões de equipa com fotos profissionais e bios curtas","Foco no fator humano e nas credenciais individuais da equipa para passar segurança.","pilot_eligible"
"TPL-486","20","Limpeza e Facilities Empresariais","Limpeza Unidades & Mapa Local","tpl-facilities-localizacao-e-unidades","Landing Local","Atração de Clientes Locais por Proximidade Geográfica","Moradores/empresas da região geográfica de atendimento","Ver Rota e Agendar Visita","hero -> contact -> services -> testimonials -> footer","HeroBlock;ContactBlock;ServicesBlock;TestimonialsBlock;FooterBlock","NONE","headline,subheadline,google_maps_url,address,phone,services_cards,testimonials_list,copyright_text","Destaque visual para o mapa interativo e informações de endereço","Secção de contacto com mapa integrado e horários de funcionamento","Foco total em busca local e facilidade de localização geográfica.","pilot_eligible"
"TPL-487","20","Limpeza e Facilities Empresariais","Limpeza Apresentação de Pacotes","tpl-facilities-pacotes-e-condicoes","Landing de Vendas","Conversão para Pacotes Estruturados de Serviços","Clientes interessados em combos e condições especiais","Escolher Meu Pacote","hero -> services -> benefits -> form -> faq -> footer","HeroBlock;ServicesBlock;BenefitsBlock;FormBlock;FaqBlock;FooterBlock","NONE","headline,subheadline,services_cards,benefits_items,form_fields,faq_items,copyright_text","Grelha de pacotes com marcadores visuais do mais popular","Grelha de serviços formatada como cartões de pacotes","Facilita a decisão de compra agrupando serviços em ofertas claras.","pilot_eligible"
"TPL-488","20","Limpeza e Facilities Empresariais","Limpeza Nossa História & Propósito","tpl-facilities-historia-e-proposito","Website Institucional","Conexão Emocional e Alinhamento de Valores","Clientes que valorizam a missão e reputação da empresa","Fazer Parte da Nossa História","hero -> about -> process -> team -> contact -> footer","HeroBlock;AboutBlock;ProcessBlock;TeamBlock;ContactBlock;FooterBlock","NONE","headline,subheadline,story_text,stat_number,stat_label,process_steps,team_members,contact_info,copyright_text","Narrativa em linha do tempo com fotografias institucionais","Secção About com bloco de estatísticas e imagens de bastidores","Constrói lealdade de longo prazo mostrando a trajetória e propósito do negócio.","pilot_eligible"
"TPL-489","20","Limpeza e Facilities Empresariais","Limpeza Jornada do Cliente","tpl-facilities-solucao-passo-a-passo","Landing Educacional","Desmistificar o Processo de Prestação do Serviço","Clientes receosos quanto à complexidade do serviço","Iniciar Minha Jornada","hero -> process -> services -> testimonials -> form -> footer","HeroBlock;ProcessBlock;ServicesBlock;TestimonialsBlock;FormBlock;FooterBlock","NONE","headline,subheadline,process_steps,services_cards,testimonials_list,form_fields,copyright_text","Fluxo numérico progressivo (Passo 1, 2, 3) bem marcado","Infográfico do processo de 4 passos com conectores visuais","Reduz a ansiedade do cliente mostrando exatamente o que acontece em cada fase.","pilot_eligible"
"TPL-490","20","Limpeza e Facilities Empresariais","Limpeza Oferta de Boas-Vindas","tpl-facilities-primeira-visita-especial","Landing Page Direta","Captação de Novos Clientes com Condição Especial","Público que nunca utilizou os serviços da empresa","Garantir Oferta de Boas-Vindas","hero -> benefits -> form -> testimonials -> footer","HeroBlock;BenefitsBlock;FormBlock;TestimonialsBlock;FooterBlock","NONE","headline,subheadline,badge_text,benefits_items,form_fields,testimonials_list,copyright_text","Badge destacado de oferta exclusiva no Hero","Hero com selo de Boas-Vindas e formulário de inscrição direta","Incentiva a experiência inicial através de um incentivo exclusivo para novos clientes.","pilot_eligible"
"TPL-491","20","Limpeza e Facilities Empresariais","Limpeza Sales Page VSL Longa","tpl-facilities-vsl-video-sales-page","Sales Page Longa","Conversão via Vídeo de Vendas (VSL) e Pitch Estruturado","Leads de tráfego frio preparados por apresentação em vídeo","Garantir Vaga no Programa","hero_vsl -> benefits -> testimonials -> faq -> footer","BenefitsBlock;TestimonialsBlock;FaqBlock;FooterBlock","HeroVslBlock","headline,video_url,cta_primary_text,benefits_items,testimonials_list,faq_items,copyright_text","Container de vídeo centralizado com foco total na apresentação VSL","Player de vídeo VSL em topo escuro e botão CTA revelado abaixo","Focado em conversão audiovisual para infoprodutos e mentorias de alto valor.","blocked_by_node_registry"
"TPL-492","20","Limpeza e Facilities Empresariais","Limpeza Planos & Tabela de Pricing","tpl-facilities-tabela-de-precos-saas","Produto / Demo / Trial","Seleção de Planos Mensais/Anuais e Free Trial","Decisores de compra avaliando pacotes e limites de software","Assinar Plano Selecionado","hero -> pricing_table -> benefits -> faq -> footer","HeroBlock;BenefitsBlock;FaqBlock;FooterBlock","PricingTableBlock","headline,subheadline,pricing_plans,features_comparison,faq_items,copyright_text","Cartões de preços comparativos com alternador Mensal/Anual","Grelha de 3 planos de preços com destaque para o plano recomendado","Transparência total de preços e funcionalidades para SaaS e assinaturas.","blocked_by_node_registry"
"TPL-493","20","Limpeza e Facilities Empresariais","Limpeza Mostra de Portfólio & Projetos","tpl-facilities-galeria-portfolio-projetos","Website/Portfólio","Exibição Visual de Projetos Concluídos","Clientes de alto padrão avaliando qualidade estética e acabamento","Solicitar Projeto Semelhante","hero -> gallery_grid -> process -> contact -> footer","HeroBlock;ProcessBlock;ContactBlock;FooterBlock","GalleryGridBlock","headline,subheadline,gallery_images,project_categories,contact_info,copyright_text","Grelha masonry de alta resolução com lightbox interativo","Galeria visual de projetos com filtros por categoria","Demonstra a excelência técnica através do trabalho visualmente concluído.","blocked_by_node_registry"
"TPL-494","20","Limpeza e Facilities Empresariais","Limpeza Calculadora Interativa de Cotação","tpl-facilities-simulador-calculadora-cotacao","Landing de Cotação","Estimativa Interativa em Tempo Real pelo Cliente","Clientes que desejam calcular o investimento aproximado","Enviar Resultado da Simulação","hero -> interactive_calculator -> form -> faq -> footer","HeroBlock;FormBlock;FaqBlock;FooterBlock","CalculatorBlock","headline,subheadline,calculator_fields,form_fields,faq_items,copyright_text","Sliders e seletores interativos com valor total calculado em tempo real","Calculadora interativa com controles deslizantes e resultado estimado","Engaja o utilizador permitindo simular o valor exato da sua necessidade.","blocked_by_node_registry"
"TPL-495","20","Limpeza e Facilities Empresariais","Limpeza Agendador com Calendário Ao Vivo","tpl-facilities-calendario-agendamento-online","Landing de Marcações","Reserva Direta de Data e Horário em Agenda Integrada","Clientes que preferem selecionar o dia e hora no momento","Confirmar Data e Horário","hero -> booking_calendar -> testimonials -> footer","HeroBlock;TestimonialsBlock;FooterBlock","BookingCalendarBlock","headline,subheadline,available_slots,testimonials_list,copyright_text","Calendário interativo com escolha de horário em tempo real","Widget de calendário mensal com seleção de slots de horário","Elimina trocas de mensagens agendando a reunião/consulta diretamente.","blocked_by_node_registry"
"TPL-496","20","Limpeza e Facilities Empresariais","Limpeza Comparativo de Soluções B2B","tpl-facilities-tabela-comparativa-recursos","Produto / Demo / Trial","Demonstração de Superioridade em Relação a Alternativas","Compradores B2B comparando concorrentes e funcionalidades","Escolher a Solução Líder","hero -> comparison_table -> benefits -> form -> footer","HeroBlock;BenefitsBlock;FormBlock;FooterBlock","ComparisonTableBlock","headline,subheadline,comparison_matrix,benefits_items,form_fields,copyright_text","Tabela comparativa com marcas de verificação (checkmarks) e destaques","Tabela comparativa matricial com a empresa destacada na 1ª coluna","Prova a vantagem competitiva de forma transparente através de matriz de recursos.","blocked_by_node_registry"
"TPL-497","20","Limpeza e Facilities Empresariais","Limpeza Catálogo Filtrável de Soluções","tpl-facilities-catalogo-com-filtros-avancados","Website/Portfólio","Navegação por Granularidade de Nichos e Equipamentos","Clientes B2B buscando especificações técnicas detalhadas","Solicitar Ficha Técnica e Cotação","hero -> filtered_catalog -> contact -> footer","HeroBlock;ContactBlock;FooterBlock","FilteredCatalogBlock","headline,subheadline,catalog_items,filter_categories,contact_info,copyright_text","Filtros por categoria no topo e cartões com badges técnicos","Barra de filtros de produtos e grelha de resultados organizados","Facilita a busca em inventários extensos de serviços ou equipamentos.","blocked_by_node_registry"
"TPL-498","20","Limpeza e Facilities Empresariais","Limpeza Experiência Virtual & Espaço","tpl-facilities-tour-virtual-galeria-360","Captação e Reserva","Apresentação Imersiva de Ambientes e Instalações","Noivas, organizadores de eventos e clientes de imobiliário","Agendar Visita Presencial","hero -> virtual_tour -> testimonials -> form -> footer","HeroBlock;TestimonialsBlock;FormBlock;FooterBlock","VirtualTourBlock","headline,subheadline,embed_tour_url,testimonials_list,form_fields,copyright_text","Visualizador panorâmico imersivo com botões de navegação","Preview de tour virtual 360 com ícone de navegação interativa","Encanta o cliente mostrando o espaço físico em alta definição antes da visita.","blocked_by_node_registry"
"TPL-499","20","Limpeza e Facilities Empresariais","Limpeza Linha do Tempo & Tradição","tpl-facilities-linha-do-tempo-historica","Website Institucional","Demonstração de Tradição, Anos de Mercado e Milestones","Grandes contas corporativas buscando estabilidade e tradição","Falar com Nossa Gestão","hero -> timeline_history -> team -> contact -> footer","HeroBlock;TeamBlock;ContactBlock;FooterBlock","TimelineHistoryBlock","headline,subheadline,timeline_events,team_members,contact_info,copyright_text","Linha vertical cronológica com pontos de destaque históricos","Linha do tempo interativa marcando anos e conquistas da empresa","Transmite solidez e confiança comprovando anos de atuação no mercado.","blocked_by_node_registry"
"TPL-500","20","Limpeza e Facilities Empresariais","Limpeza Cardápio Interativo & Menus","tpl-facilities-menu-degustacao-cardapio","Captação e Reserva","Apresentação de Opções de Menus e Buffets para Eventos","Organizadores de eventos e noivos escolhendo gastronomia","Solicitar Degustação do Cardápio","hero -> interactive_menu -> testimonials -> form -> footer","HeroBlock;TestimonialsBlock;FormBlock;FooterBlock","InteractiveMenuBlock","headline,subheadline,menu_categories,testimonials_list,form_fields,copyright_text","Abas organizadas por pratos (Entradas, Principais, Sobremesas) com fotos","Cardápio em abas estilizadas com imagens de gastronomia","Estimula o desejo gastronómico apresentando os menus de forma elegante.","blocked_by_node_registry"
"TPL-501","21","Equipamentos e Máquinas Industriais","Equipamentos Direct Ads Express","tpl-ind-ads-captura-rapida","Landing Page Direta","Captura Imediata de Leads Google/Meta Ads","Pacientes/clientes urgentes em busca de atendimento direto","Solicitar Atendimento Imediato","hero -> form -> benefits -> testimonials -> footer","HeroBlock;FormBlock;BenefitsBlock;TestimonialsBlock;FooterBlock","NONE","headline,subheadline,badge_text,form_fields,submit_button_text,benefits_list,testimonials_list,copyright_text","Clean responsivo com destaque para formulário de conversão direta","Renderização do formulário em topo claro e CTA com contraste","Foco exclusivo em conversão de fundo de funil com formulário acima da dobra e sem fuga.","pilot_eligible"
"TPL-502","21","Equipamentos e Máquinas Industriais","Equipamentos Agendamento VIP","tpl-ind-agendamento-consulta-vip","Landing de Marcações","Agendamento Direct de Primeira Consulta","Clientes qualificados procurando atendimento exclusivo","Agendar Consulta VIP","hero -> services -> process -> testimonials -> contact -> footer","HeroBlock;ServicesBlock;ProcessBlock;TestimonialsBlock;ContactBlock;FooterBlock","NONE","headline,subheadline,badge_text,services_cards,process_steps,testimonials_list,contact_info,copyright_text","Tom premium com cartões espaçados e etapas do processo ilustradas","Hero com destaque de especialidades e botão de agendamento em destaque","Apresenta a jornada de atendimento passo a passo para gerar confiança no agendamento.","pilot_eligible"
"TPL-503","21","Equipamentos e Máquinas Industriais","Equipamentos Institucional Autoridade","tpl-ind-institucional-autoridade","Website Institucional","Construção de Autoridade de Marca e Apresentação de Equipa","Clientes corporativos e parceiros estratégicos","Conhecer Soluções da Empresa","hero -> about -> services -> team -> contact -> footer","HeroBlock;AboutBlock;ServicesBlock;TeamBlock;ContactBlock;FooterBlock","NONE","headline,subheadline,story_text,stat_number,stat_label,services_cards,team_members,contact_info,copyright_text","Design corporativo sóbrio com tipografia forte e fotos da equipa","Preview da secção de história e griha de membros da equipa","Posiciona o negócio como líder de mercado através da história e equipa médica/profissional.","pilot_eligible"
"TPL-504","21","Equipamentos e Máquinas Industriais","Equipamentos Cotação Express","tpl-ind-cotacao-progressiva-express","Landing de Cotação","Solicitação de Orçamento com Dados Iniciais","Compradores buscando estimativa rápida de investimento","Pedir Orçamento Gratuito","hero -> benefits -> form -> faq -> footer","HeroBlock;BenefitsBlock;FormBlock;FaqBlock;FooterBlock","NONE","headline,subheadline,benefits_items,form_fields,submit_button_text,faq_items,copyright_text","Foco em clareza de benefícios antes de expor os campos de orçamento","Captura destacando cartões de diferenciais e formulário de orçamento","Elimina objeções de preço respondendo perguntas frequentes antes do pedido de cotação.","pilot_eligible"
"TPL-505","21","Equipamentos e Máquinas Industriais","Equipamentos Catálogo de Especialidades","tpl-ind-procedimentos-especializados","Landing de Serviços","Apresentação Detalhada do Portfólio de Serviços","Público que procura soluções técnicas específicas","Consultar Especialista","hero -> services -> benefits -> process -> form -> footer","HeroBlock;ServicesBlock;BenefitsBlock;ProcessBlock;FormBlock;FooterBlock","NONE","headline,subheadline,services_cards,benefits_items,process_steps,form_fields,copyright_text","Grelha modular de serviços com ícones e marcadores técnicos","Visão geral do catálogo de serviços em grelha 3 colunas","Organiza serviços complexos de forma modular e clara para facilidade de navegação.","pilot_eligible"
"TPL-506","21","Equipamentos e Máquinas Industriais","Equipamentos Casos & Prova Social","tpl-ind-prova-social-intensa","Landing Page Direta","Conversão Baseada em Depoimentos e Prova de Confiança","Clientes indecisos que necessitam de validação de terceiros","Ver Resultados e Agendar","hero -> testimonials -> benefits -> faq -> contact -> footer","HeroBlock;TestimonialsBlock;BenefitsBlock;FaqBlock;ContactBlock;FooterBlock","NONE","headline,subheadline,testimonials_list,benefits_items,faq_items,contact_info,copyright_text","Estilo visual focado em cartões de avaliações com estrelas e avatares","Secção Hero integrada com avaliações 5 estrelas em destaque","Utiliza o gatilho da prova social em posição de destaque máximo para quebrar desconfiança.","pilot_eligible"
"TPL-507","21","Equipamentos e Máquinas Industriais","Equipamentos Diagnóstico Gratuito","tpl-ind-diagnostico-inicial-gratuito","Landing Page Direta","Captação de Leads via Oferta de Diagnóstico sem Custo","Clientes em fase de descoberta que procuram avaliação inicial","Solicitar Diagnóstico sem Custo","hero -> process -> benefits -> form -> footer","HeroBlock;ProcessBlock;BenefitsBlock;FormBlock;FooterBlock","NONE","headline,subheadline,process_steps,benefits_items,form_fields,copyright_text","Cores de alta energia e badges explicativos do diagnóstico","Hero com badge de Diagnóstico Gratuito e formulário em destaque","Reduz a barreira de entrada oferecendo uma avaliação sem compromisso financeiro.","pilot_eligible"
"TPL-508","21","Equipamentos e Máquinas Industriais","Equipamentos Plantão & Atendimento Rápido","tpl-ind-atendimento-urgencia-24h","Landing Page Direta","Conversão Urgente para Casos Imediatos","Público com necessidade urgente ou atendimento emergencial","Falar com Atendimento Rápido","hero -> contact -> services -> faq -> footer","HeroBlock;ContactBlock;ServicesBlock;FaqBlock;FooterBlock","NONE","headline,subheadline,phone,email,address,services_cards,faq_items,copyright_text","Layout de alta visibilidade com botão telefónico/WhatsApp de destaque imediato","Hero com botões de contacto direto e mapa de localização rápida","Focado em resolução imediata com telefone e mapa acessíveis sem rolagem.","pilot_eligible"
"TPL-509","21","Equipamentos e Máquinas Industriais","Equipamentos Guia de Esclarecimento & FAQ","tpl-ind-duvidas-e-faq-interativo","Landing Educacional","Captação via Esclarecimento de Dúvidas Técnicas","Clientes que pesquisam objeções antes de contratar","Tirar Minha Dúvida com Especialista","hero -> faq -> benefits -> form -> footer","HeroBlock;FaqBlock;BenefitsBlock;FormBlock;FooterBlock","NONE","headline,subheadline,faq_items,benefits_items,form_fields,copyright_text","Accordion limpo com boa legibilidade e tipografia contrastante","Secção de perguntas frequentes em destaque com busca visual","Resolve objeções complexas antecipadamente para converter tráfego qualificado.","pilot_eligible"
"TPL-510","21","Equipamentos e Máquinas Industriais","Equipamentos Equipa & Corpo Clínico/Técnico","tpl-ind-equipa-e-corpo-tecnico","Website Institucional","Apresentação de Credenciais e Especialistas","Clientes que escolhem profissionais por currículo e autoridade","Marcar com Nossos Especialistas","hero -> team -> about -> services -> contact -> footer","HeroBlock;TeamBlock;AboutBlock;ServicesBlock;ContactBlock;FooterBlock","NONE","headline,subheadline,team_members,story_text,services_cards,contact_info,copyright_text","Grelha elegante de perfis profissionais com bios detalhadas","Cartões de equipa com fotos profissionais e bios curtas","Foco no fator humano e nas credenciais individuais da equipa para passar segurança.","pilot_eligible"
"TPL-511","21","Equipamentos e Máquinas Industriais","Equipamentos Unidades & Mapa Local","tpl-ind-localizacao-e-unidades","Landing Local","Atração de Clientes Locais por Proximidade Geográfica","Moradores/empresas da região geográfica de atendimento","Ver Rota e Agendar Visita","hero -> contact -> services -> testimonials -> footer","HeroBlock;ContactBlock;ServicesBlock;TestimonialsBlock;FooterBlock","NONE","headline,subheadline,google_maps_url,address,phone,services_cards,testimonials_list,copyright_text","Destaque visual para o mapa interativo e informações de endereço","Secção de contacto com mapa integrado e horários de funcionamento","Foco total em busca local e facilidade de localização geográfica.","pilot_eligible"
"TPL-512","21","Equipamentos e Máquinas Industriais","Equipamentos Apresentação de Pacotes","tpl-ind-pacotes-e-condicoes","Landing de Vendas","Conversão para Pacotes Estruturados de Serviços","Clientes interessados em combos e condições especiais","Escolher Meu Pacote","hero -> services -> benefits -> form -> faq -> footer","HeroBlock;ServicesBlock;BenefitsBlock;FormBlock;FaqBlock;FooterBlock","NONE","headline,subheadline,services_cards,benefits_items,form_fields,faq_items,copyright_text","Grelha de pacotes com marcadores visuais do mais popular","Grelha de serviços formatada como cartões de pacotes","Facilita a decisão de compra agrupando serviços em ofertas claras.","pilot_eligible"
"TPL-513","21","Equipamentos e Máquinas Industriais","Equipamentos Nossa História & Propósito","tpl-ind-historia-e-proposito","Website Institucional","Conexão Emocional e Alinhamento de Valores","Clientes que valorizam a missão e reputação da empresa","Fazer Parte da Nossa História","hero -> about -> process -> team -> contact -> footer","HeroBlock;AboutBlock;ProcessBlock;TeamBlock;ContactBlock;FooterBlock","NONE","headline,subheadline,story_text,stat_number,stat_label,process_steps,team_members,contact_info,copyright_text","Narrativa em linha do tempo com fotografias institucionais","Secção About com bloco de estatísticas e imagens de bastidores","Constrói lealdade de longo prazo mostrando a trajetória e propósito do negócio.","pilot_eligible"
"TPL-514","21","Equipamentos e Máquinas Industriais","Equipamentos Jornada do Cliente","tpl-ind-solucao-passo-a-passo","Landing Educacional","Desmistificar o Processo de Prestação do Serviço","Clientes receosos quanto à complexidade do serviço","Iniciar Minha Jornada","hero -> process -> services -> testimonials -> form -> footer","HeroBlock;ProcessBlock;ServicesBlock;TestimonialsBlock;FormBlock;FooterBlock","NONE","headline,subheadline,process_steps,services_cards,testimonials_list,form_fields,copyright_text","Fluxo numérico progressivo (Passo 1, 2, 3) bem marcado","Infográfico do processo de 4 passos com conectores visuais","Reduz a ansiedade do cliente mostrando exatamente o que acontece em cada fase.","pilot_eligible"
"TPL-515","21","Equipamentos e Máquinas Industriais","Equipamentos Oferta de Boas-Vindas","tpl-ind-primeira-visita-especial","Landing Page Direta","Captação de Novos Clientes com Condição Especial","Público que nunca utilizou os serviços da empresa","Garantir Oferta de Boas-Vindas","hero -> benefits -> form -> testimonials -> footer","HeroBlock;BenefitsBlock;FormBlock;TestimonialsBlock;FooterBlock","NONE","headline,subheadline,badge_text,benefits_items,form_fields,testimonials_list,copyright_text","Badge destacado de oferta exclusiva no Hero","Hero com selo de Boas-Vindas e formulário de inscrição direta","Incentiva a experiência inicial através de um incentivo exclusivo para novos clientes.","pilot_eligible"
"TPL-516","21","Equipamentos e Máquinas Industriais","Equipamentos Sales Page VSL Longa","tpl-ind-vsl-video-sales-page","Sales Page Longa","Conversão via Vídeo de Vendas (VSL) e Pitch Estruturado","Leads de tráfego frio preparados por apresentação em vídeo","Garantir Vaga no Programa","hero_vsl -> benefits -> testimonials -> faq -> footer","BenefitsBlock;TestimonialsBlock;FaqBlock;FooterBlock","HeroVslBlock","headline,video_url,cta_primary_text,benefits_items,testimonials_list,faq_items,copyright_text","Container de vídeo centralizado com foco total na apresentação VSL","Player de vídeo VSL em topo escuro e botão CTA revelado abaixo","Focado em conversão audiovisual para infoprodutos e mentorias de alto valor.","blocked_by_node_registry"
"TPL-517","21","Equipamentos e Máquinas Industriais","Equipamentos Planos & Tabela de Pricing","tpl-ind-tabela-de-precos-saas","Produto / Demo / Trial","Seleção de Planos Mensais/Anuais e Free Trial","Decisores de compra avaliando pacotes e limites de software","Assinar Plano Selecionado","hero -> pricing_table -> benefits -> faq -> footer","HeroBlock;BenefitsBlock;FaqBlock;FooterBlock","PricingTableBlock","headline,subheadline,pricing_plans,features_comparison,faq_items,copyright_text","Cartões de preços comparativos com alternador Mensal/Anual","Grelha de 3 planos de preços com destaque para o plano recomendado","Transparência total de preços e funcionalidades para SaaS e assinaturas.","blocked_by_node_registry"
"TPL-518","21","Equipamentos e Máquinas Industriais","Equipamentos Mostra de Portfólio & Projetos","tpl-ind-galeria-portfolio-projetos","Website/Portfólio","Exibição Visual de Projetos Concluídos","Clientes de alto padrão avaliando qualidade estética e acabamento","Solicitar Projeto Semelhante","hero -> gallery_grid -> process -> contact -> footer","HeroBlock;ProcessBlock;ContactBlock;FooterBlock","GalleryGridBlock","headline,subheadline,gallery_images,project_categories,contact_info,copyright_text","Grelha masonry de alta resolução com lightbox interativo","Galeria visual de projetos com filtros por categoria","Demonstra a excelência técnica através do trabalho visualmente concluído.","blocked_by_node_registry"
"TPL-519","21","Equipamentos e Máquinas Industriais","Equipamentos Calculadora Interativa de Cotação","tpl-ind-simulador-calculadora-cotacao","Landing de Cotação","Estimativa Interativa em Tempo Real pelo Cliente","Clientes que desejam calcular o investimento aproximado","Enviar Resultado da Simulação","hero -> interactive_calculator -> form -> faq -> footer","HeroBlock;FormBlock;FaqBlock;FooterBlock","CalculatorBlock","headline,subheadline,calculator_fields,form_fields,faq_items,copyright_text","Sliders e seletores interativos com valor total calculado em tempo real","Calculadora interativa com controles deslizantes e resultado estimado","Engaja o utilizador permitindo simular o valor exato da sua necessidade.","blocked_by_node_registry"
"TPL-520","21","Equipamentos e Máquinas Industriais","Equipamentos Agendador com Calendário Ao Vivo","tpl-ind-calendario-agendamento-online","Landing de Marcações","Reserva Direta de Data e Horário em Agenda Integrada","Clientes que preferem selecionar o dia e hora no momento","Confirmar Data e Horário","hero -> booking_calendar -> testimonials -> footer","HeroBlock;TestimonialsBlock;FooterBlock","BookingCalendarBlock","headline,subheadline,available_slots,testimonials_list,copyright_text","Calendário interativo com escolha de horário em tempo real","Widget de calendário mensal com seleção de slots de horário","Elimina trocas de mensagens agendando a reunião/consulta diretamente.","blocked_by_node_registry"
"TPL-521","21","Equipamentos e Máquinas Industriais","Equipamentos Comparativo de Soluções B2B","tpl-ind-tabela-comparativa-recursos","Produto / Demo / Trial","Demonstração de Superioridade em Relação a Alternativas","Compradores B2B comparando concorrentes e funcionalidades","Escolher a Solução Líder","hero -> comparison_table -> benefits -> form -> footer","HeroBlock;BenefitsBlock;FormBlock;FooterBlock","ComparisonTableBlock","headline,subheadline,comparison_matrix,benefits_items,form_fields,copyright_text","Tabela comparativa com marcas de verificação (checkmarks) e destaques","Tabela comparativa matricial com a empresa destacada na 1ª coluna","Prova a vantagem competitiva de forma transparente através de matriz de recursos.","blocked_by_node_registry"
"TPL-522","21","Equipamentos e Máquinas Industriais","Equipamentos Catálogo Filtrável de Soluções","tpl-ind-catalogo-com-filtros-avancados","Website/Portfólio","Navegação por Granularidade de Nichos e Equipamentos","Clientes B2B buscando especificações técnicas detalhadas","Solicitar Ficha Técnica e Cotação","hero -> filtered_catalog -> contact -> footer","HeroBlock;ContactBlock;FooterBlock","FilteredCatalogBlock","headline,subheadline,catalog_items,filter_categories,contact_info,copyright_text","Filtros por categoria no topo e cartões com badges técnicos","Barra de filtros de produtos e grelha de resultados organizados","Facilita a busca em inventários extensos de serviços ou equipamentos.","blocked_by_node_registry"
"TPL-523","21","Equipamentos e Máquinas Industriais","Equipamentos Experiência Virtual & Espaço","tpl-ind-tour-virtual-galeria-360","Captação e Reserva","Apresentação Imersiva de Ambientes e Instalações","Noivas, organizadores de eventos e clientes de imobiliário","Agendar Visita Presencial","hero -> virtual_tour -> testimonials -> form -> footer","HeroBlock;TestimonialsBlock;FormBlock;FooterBlock","VirtualTourBlock","headline,subheadline,embed_tour_url,testimonials_list,form_fields,copyright_text","Visualizador panorâmico imersivo com botões de navegação","Preview de tour virtual 360 com ícone de navegação interativa","Encanta o cliente mostrando o espaço físico em alta definição antes da visita.","blocked_by_node_registry"
"TPL-524","21","Equipamentos e Máquinas Industriais","Equipamentos Linha do Tempo & Tradição","tpl-ind-linha-do-tempo-historica","Website Institucional","Demonstração de Tradição, Anos de Mercado e Milestones","Grandes contas corporativas buscando estabilidade e tradição","Falar com Nossa Gestão","hero -> timeline_history -> team -> contact -> footer","HeroBlock;TeamBlock;ContactBlock;FooterBlock","TimelineHistoryBlock","headline,subheadline,timeline_events,team_members,contact_info,copyright_text","Linha vertical cronológica com pontos de destaque históricos","Linha do tempo interativa marcando anos e conquistas da empresa","Transmite solidez e confiança comprovando anos de atuação no mercado.","blocked_by_node_registry"
"TPL-525","21","Equipamentos e Máquinas Industriais","Equipamentos Cardápio Interativo & Menus","tpl-ind-menu-degustacao-cardapio","Captação e Reserva","Apresentação de Opções de Menus e Buffets para Eventos","Organizadores de eventos e noivos escolhendo gastronomia","Solicitar Degustação do Cardápio","hero -> interactive_menu -> testimonials -> form -> footer","HeroBlock;TestimonialsBlock;FormBlock;FooterBlock","InteractiveMenuBlock","headline,subheadline,menu_categories,testimonials_list,form_fields,copyright_text","Abas organizadas por pratos (Entradas, Principais, Sobremesas) com fotos","Cardápio em abas estilizadas com imagens de gastronomia","Estimula o desejo gastronómico apresentando os menus de forma elegante.","blocked_by_node_registry"
"TPL-526","22","Cursos Online e Mentorias","Cursos Direct Ads Express","tpl-curso-ads-captura-rapida","Landing Page Direta","Captura Imediata de Leads Google/Meta Ads","Pacientes/clientes urgentes em busca de atendimento direto","Solicitar Atendimento Imediato","hero -> form -> benefits -> testimonials -> footer","HeroBlock;FormBlock;BenefitsBlock;TestimonialsBlock;FooterBlock","NONE","headline,subheadline,badge_text,form_fields,submit_button_text,benefits_list,testimonials_list,copyright_text","Clean responsivo com destaque para formulário de conversão direta","Renderização do formulário em topo claro e CTA com contraste","Foco exclusivo em conversão de fundo de funil com formulário acima da dobra e sem fuga.","pilot_eligible"
"TPL-527","22","Cursos Online e Mentorias","Cursos Agendamento VIP","tpl-curso-agendamento-consulta-vip","Landing de Marcações","Agendamento Direct de Primeira Consulta","Clientes qualificados procurando atendimento exclusivo","Agendar Consulta VIP","hero -> services -> process -> testimonials -> contact -> footer","HeroBlock;ServicesBlock;ProcessBlock;TestimonialsBlock;ContactBlock;FooterBlock","NONE","headline,subheadline,badge_text,services_cards,process_steps,testimonials_list,contact_info,copyright_text","Tom premium com cartões espaçados e etapas do processo ilustradas","Hero com destaque de especialidades e botão de agendamento em destaque","Apresenta a jornada de atendimento passo a passo para gerar confiança no agendamento.","pilot_eligible"
"TPL-528","22","Cursos Online e Mentorias","Cursos Institucional Autoridade","tpl-curso-institucional-autoridade","Website Institucional","Construção de Autoridade de Marca e Apresentação de Equipa","Clientes corporativos e parceiros estratégicos","Conhecer Soluções da Empresa","hero -> about -> services -> team -> contact -> footer","HeroBlock;AboutBlock;ServicesBlock;TeamBlock;ContactBlock;FooterBlock","NONE","headline,subheadline,story_text,stat_number,stat_label,services_cards,team_members,contact_info,copyright_text","Design corporativo sóbrio com tipografia forte e fotos da equipa","Preview da secção de história e griha de membros da equipa","Posiciona o negócio como líder de mercado através da história e equipa médica/profissional.","pilot_eligible"
"TPL-529","22","Cursos Online e Mentorias","Cursos Cotação Express","tpl-curso-cotacao-progressiva-express","Landing de Cotação","Solicitação de Orçamento com Dados Iniciais","Compradores buscando estimativa rápida de investimento","Pedir Orçamento Gratuito","hero -> benefits -> form -> faq -> footer","HeroBlock;BenefitsBlock;FormBlock;FaqBlock;FooterBlock","NONE","headline,subheadline,benefits_items,form_fields,submit_button_text,faq_items,copyright_text","Foco em clareza de benefícios antes de expor os campos de orçamento","Captura destacando cartões de diferenciais e formulário de orçamento","Elimina objeções de preço respondendo perguntas frequentes antes do pedido de cotação.","pilot_eligible"
"TPL-530","22","Cursos Online e Mentorias","Cursos Catálogo de Especialidades","tpl-curso-procedimentos-especializados","Landing de Serviços","Apresentação Detalhada do Portfólio de Serviços","Público que procura soluções técnicas específicas","Consultar Especialista","hero -> services -> benefits -> process -> form -> footer","HeroBlock;ServicesBlock;BenefitsBlock;ProcessBlock;FormBlock;FooterBlock","NONE","headline,subheadline,services_cards,benefits_items,process_steps,form_fields,copyright_text","Grelha modular de serviços com ícones e marcadores técnicos","Visão geral do catálogo de serviços em grelha 3 colunas","Organiza serviços complexos de forma modular e clara para facilidade de navegação.","pilot_eligible"
"TPL-531","22","Cursos Online e Mentorias","Cursos Casos & Prova Social","tpl-curso-prova-social-intensa","Landing Page Direta","Conversão Baseada em Depoimentos e Prova de Confiança","Clientes indecisos que necessitam de validação de terceiros","Ver Resultados e Agendar","hero -> testimonials -> benefits -> faq -> contact -> footer","HeroBlock;TestimonialsBlock;BenefitsBlock;FaqBlock;ContactBlock;FooterBlock","NONE","headline,subheadline,testimonials_list,benefits_items,faq_items,contact_info,copyright_text","Estilo visual focado em cartões de avaliações com estrelas e avatares","Secção Hero integrada com avaliações 5 estrelas em destaque","Utiliza o gatilho da prova social em posição de destaque máximo para quebrar desconfiança.","pilot_eligible"
"TPL-532","22","Cursos Online e Mentorias","Cursos Diagnóstico Gratuito","tpl-curso-diagnostico-inicial-gratuito","Landing Page Direta","Captação de Leads via Oferta de Diagnóstico sem Custo","Clientes em fase de descoberta que procuram avaliação inicial","Solicitar Diagnóstico sem Custo","hero -> process -> benefits -> form -> footer","HeroBlock;ProcessBlock;BenefitsBlock;FormBlock;FooterBlock","NONE","headline,subheadline,process_steps,benefits_items,form_fields,copyright_text","Cores de alta energia e badges explicativos do diagnóstico","Hero com badge de Diagnóstico Gratuito e formulário em destaque","Reduz a barreira de entrada oferecendo uma avaliação sem compromisso financeiro.","pilot_eligible"
"TPL-533","22","Cursos Online e Mentorias","Cursos Plantão & Atendimento Rápido","tpl-curso-atendimento-urgencia-24h","Landing Page Direta","Conversão Urgente para Casos Imediatos","Público com necessidade urgente ou atendimento emergencial","Falar com Atendimento Rápido","hero -> contact -> services -> faq -> footer","HeroBlock;ContactBlock;ServicesBlock;FaqBlock;FooterBlock","NONE","headline,subheadline,phone,email,address,services_cards,faq_items,copyright_text","Layout de alta visibilidade com botão telefónico/WhatsApp de destaque imediato","Hero com botões de contacto direto e mapa de localização rápida","Focado em resolução imediata com telefone e mapa acessíveis sem rolagem.","pilot_eligible"
"TPL-534","22","Cursos Online e Mentorias","Cursos Guia de Esclarecimento & FAQ","tpl-curso-duvidas-e-faq-interativo","Landing Educacional","Captação via Esclarecimento de Dúvidas Técnicas","Clientes que pesquisam objeções antes de contratar","Tirar Minha Dúvida com Especialista","hero -> faq -> benefits -> form -> footer","HeroBlock;FaqBlock;BenefitsBlock;FormBlock;FooterBlock","NONE","headline,subheadline,faq_items,benefits_items,form_fields,copyright_text","Accordion limpo com boa legibilidade e tipografia contrastante","Secção de perguntas frequentes em destaque com busca visual","Resolve objeções complexas antecipadamente para converter tráfego qualificado.","pilot_eligible"
"TPL-535","22","Cursos Online e Mentorias","Cursos Equipa & Corpo Clínico/Técnico","tpl-curso-equipa-e-corpo-tecnico","Website Institucional","Apresentação de Credenciais e Especialistas","Clientes que escolhem profissionais por currículo e autoridade","Marcar com Nossos Especialistas","hero -> team -> about -> services -> contact -> footer","HeroBlock;TeamBlock;AboutBlock;ServicesBlock;ContactBlock;FooterBlock","NONE","headline,subheadline,team_members,story_text,services_cards,contact_info,copyright_text","Grelha elegante de perfis profissionais com bios detalhadas","Cartões de equipa com fotos profissionais e bios curtas","Foco no fator humano e nas credenciais individuais da equipa para passar segurança.","pilot_eligible"
"TPL-536","22","Cursos Online e Mentorias","Cursos Unidades & Mapa Local","tpl-curso-localizacao-e-unidades","Landing Local","Atração de Clientes Locais por Proximidade Geográfica","Moradores/empresas da região geográfica de atendimento","Ver Rota e Agendar Visita","hero -> contact -> services -> testimonials -> footer","HeroBlock;ContactBlock;ServicesBlock;TestimonialsBlock;FooterBlock","NONE","headline,subheadline,google_maps_url,address,phone,services_cards,testimonials_list,copyright_text","Destaque visual para o mapa interativo e informações de endereço","Secção de contacto com mapa integrado e horários de funcionamento","Foco total em busca local e facilidade de localização geográfica.","pilot_eligible"
"TPL-537","22","Cursos Online e Mentorias","Cursos Apresentação de Pacotes","tpl-curso-pacotes-e-condicoes","Landing de Vendas","Conversão para Pacotes Estruturados de Serviços","Clientes interessados em combos e condições especiais","Escolher Meu Pacote","hero -> services -> benefits -> form -> faq -> footer","HeroBlock;ServicesBlock;BenefitsBlock;FormBlock;FaqBlock;FooterBlock","NONE","headline,subheadline,services_cards,benefits_items,form_fields,faq_items,copyright_text","Grelha de pacotes com marcadores visuais do mais popular","Grelha de serviços formatada como cartões de pacotes","Facilita a decisão de compra agrupando serviços em ofertas claras.","pilot_eligible"
"TPL-538","22","Cursos Online e Mentorias","Cursos Nossa História & Propósito","tpl-curso-historia-e-proposito","Website Institucional","Conexão Emocional e Alinhamento de Valores","Clientes que valorizam a missão e reputação da empresa","Fazer Parte da Nossa História","hero -> about -> process -> team -> contact -> footer","HeroBlock;AboutBlock;ProcessBlock;TeamBlock;ContactBlock;FooterBlock","NONE","headline,subheadline,story_text,stat_number,stat_label,process_steps,team_members,contact_info,copyright_text","Narrativa em linha do tempo com fotografias institucionais","Secção About com bloco de estatísticas e imagens de bastidores","Constrói lealdade de longo prazo mostrando a trajetória e propósito do negócio.","pilot_eligible"
"TPL-539","22","Cursos Online e Mentorias","Cursos Jornada do Cliente","tpl-curso-solucao-passo-a-passo","Landing Educacional","Desmistificar o Processo de Prestação do Serviço","Clientes receosos quanto à complexidade do serviço","Iniciar Minha Jornada","hero -> process -> services -> testimonials -> form -> footer","HeroBlock;ProcessBlock;ServicesBlock;TestimonialsBlock;FormBlock;FooterBlock","NONE","headline,subheadline,process_steps,services_cards,testimonials_list,form_fields,copyright_text","Fluxo numérico progressivo (Passo 1, 2, 3) bem marcado","Infográfico do processo de 4 passos com conectores visuais","Reduz a ansiedade do cliente mostrando exatamente o que acontece em cada fase.","pilot_eligible"
"TPL-540","22","Cursos Online e Mentorias","Cursos Oferta de Boas-Vindas","tpl-curso-primeira-visita-especial","Landing Page Direta","Captação de Novos Clientes com Condição Especial","Público que nunca utilizou os serviços da empresa","Garantir Oferta de Boas-Vindas","hero -> benefits -> form -> testimonials -> footer","HeroBlock;BenefitsBlock;FormBlock;TestimonialsBlock;FooterBlock","NONE","headline,subheadline,badge_text,benefits_items,form_fields,testimonials_list,copyright_text","Badge destacado de oferta exclusiva no Hero","Hero com selo de Boas-Vindas e formulário de inscrição direta","Incentiva a experiência inicial através de um incentivo exclusivo para novos clientes.","pilot_eligible"
"TPL-541","22","Cursos Online e Mentorias","Cursos Sales Page VSL Longa","tpl-curso-vsl-video-sales-page","Sales Page Longa","Conversão via Vídeo de Vendas (VSL) e Pitch Estruturado","Leads de tráfego frio preparados por apresentação em vídeo","Garantir Vaga no Programa","hero_vsl -> benefits -> testimonials -> faq -> footer","BenefitsBlock;TestimonialsBlock;FaqBlock;FooterBlock","HeroVslBlock","headline,video_url,cta_primary_text,benefits_items,testimonials_list,faq_items,copyright_text","Container de vídeo centralizado com foco total na apresentação VSL","Player de vídeo VSL em topo escuro e botão CTA revelado abaixo","Focado em conversão audiovisual para infoprodutos e mentorias de alto valor.","blocked_by_node_registry"
"TPL-542","22","Cursos Online e Mentorias","Cursos Planos & Tabela de Pricing","tpl-curso-tabela-de-precos-saas","Produto / Demo / Trial","Seleção de Planos Mensais/Anuais e Free Trial","Decisores de compra avaliando pacotes e limites de software","Assinar Plano Selecionado","hero -> pricing_table -> benefits -> faq -> footer","HeroBlock;BenefitsBlock;FaqBlock;FooterBlock","PricingTableBlock","headline,subheadline,pricing_plans,features_comparison,faq_items,copyright_text","Cartões de preços comparativos com alternador Mensal/Anual","Grelha de 3 planos de preços com destaque para o plano recomendado","Transparência total de preços e funcionalidades para SaaS e assinaturas.","blocked_by_node_registry"
"TPL-543","22","Cursos Online e Mentorias","Cursos Mostra de Portfólio & Projetos","tpl-curso-galeria-portfolio-projetos","Website/Portfólio","Exibição Visual de Projetos Concluídos","Clientes de alto padrão avaliando qualidade estética e acabamento","Solicitar Projeto Semelhante","hero -> gallery_grid -> process -> contact -> footer","HeroBlock;ProcessBlock;ContactBlock;FooterBlock","GalleryGridBlock","headline,subheadline,gallery_images,project_categories,contact_info,copyright_text","Grelha masonry de alta resolução com lightbox interativo","Galeria visual de projetos com filtros por categoria","Demonstra a excelência técnica através do trabalho visualmente concluído.","blocked_by_node_registry"
"TPL-544","22","Cursos Online e Mentorias","Cursos Calculadora Interativa de Cotação","tpl-curso-simulador-calculadora-cotacao","Landing de Cotação","Estimativa Interativa em Tempo Real pelo Cliente","Clientes que desejam calcular o investimento aproximado","Enviar Resultado da Simulação","hero -> interactive_calculator -> form -> faq -> footer","HeroBlock;FormBlock;FaqBlock;FooterBlock","CalculatorBlock","headline,subheadline,calculator_fields,form_fields,faq_items,copyright_text","Sliders e seletores interativos com valor total calculado em tempo real","Calculadora interativa com controles deslizantes e resultado estimado","Engaja o utilizador permitindo simular o valor exato da sua necessidade.","blocked_by_node_registry"
"TPL-545","22","Cursos Online e Mentorias","Cursos Agendador com Calendário Ao Vivo","tpl-curso-calendario-agendamento-online","Landing de Marcações","Reserva Direta de Data e Horário em Agenda Integrada","Clientes que preferem selecionar o dia e hora no momento","Confirmar Data e Horário","hero -> booking_calendar -> testimonials -> footer","HeroBlock;TestimonialsBlock;FooterBlock","BookingCalendarBlock","headline,subheadline,available_slots,testimonials_list,copyright_text","Calendário interativo com escolha de horário em tempo real","Widget de calendário mensal com seleção de slots de horário","Elimina trocas de mensagens agendando a reunião/consulta diretamente.","blocked_by_node_registry"
"TPL-546","22","Cursos Online e Mentorias","Cursos Comparativo de Soluções B2B","tpl-curso-tabela-comparativa-recursos","Produto / Demo / Trial","Demonstração de Superioridade em Relação a Alternativas","Compradores B2B comparando concorrentes e funcionalidades","Escolher a Solução Líder","hero -> comparison_table -> benefits -> form -> footer","HeroBlock;BenefitsBlock;FormBlock;FooterBlock","ComparisonTableBlock","headline,subheadline,comparison_matrix,benefits_items,form_fields,copyright_text","Tabela comparativa com marcas de verificação (checkmarks) e destaques","Tabela comparativa matricial com a empresa destacada na 1ª coluna","Prova a vantagem competitiva de forma transparente através de matriz de recursos.","blocked_by_node_registry"
"TPL-547","22","Cursos Online e Mentorias","Cursos Catálogo Filtrável de Soluções","tpl-curso-catalogo-com-filtros-avancados","Website/Portfólio","Navegação por Granularidade de Nichos e Equipamentos","Clientes B2B buscando especificações técnicas detalhadas","Solicitar Ficha Técnica e Cotação","hero -> filtered_catalog -> contact -> footer","HeroBlock;ContactBlock;FooterBlock","FilteredCatalogBlock","headline,subheadline,catalog_items,filter_categories,contact_info,copyright_text","Filtros por categoria no topo e cartões com badges técnicos","Barra de filtros de produtos e grelha de resultados organizados","Facilita a busca em inventários extensos de serviços ou equipamentos.","blocked_by_node_registry"
"TPL-548","22","Cursos Online e Mentorias","Cursos Experiência Virtual & Espaço","tpl-curso-tour-virtual-galeria-360","Captação e Reserva","Apresentação Imersiva de Ambientes e Instalações","Noivas, organizadores de eventos e clientes de imobiliário","Agendar Visita Presencial","hero -> virtual_tour -> testimonials -> form -> footer","HeroBlock;TestimonialsBlock;FormBlock;FooterBlock","VirtualTourBlock","headline,subheadline,embed_tour_url,testimonials_list,form_fields,copyright_text","Visualizador panorâmico imersivo com botões de navegação","Preview de tour virtual 360 com ícone de navegação interativa","Encanta o cliente mostrando o espaço físico em alta definição antes da visita.","blocked_by_node_registry"
"TPL-549","22","Cursos Online e Mentorias","Cursos Linha do Tempo & Tradição","tpl-curso-linha-do-tempo-historica","Website Institucional","Demonstração de Tradição, Anos de Mercado e Milestones","Grandes contas corporativas buscando estabilidade e tradição","Falar com Nossa Gestão","hero -> timeline_history -> team -> contact -> footer","HeroBlock;TeamBlock;ContactBlock;FooterBlock","TimelineHistoryBlock","headline,subheadline,timeline_events,team_members,contact_info,copyright_text","Linha vertical cronológica com pontos de destaque históricos","Linha do tempo interativa marcando anos e conquistas da empresa","Transmite solidez e confiança comprovando anos de atuação no mercado.","blocked_by_node_registry"
"TPL-550","22","Cursos Online e Mentorias","Cursos Cardápio Interativo & Menus","tpl-curso-menu-degustacao-cardapio","Captação e Reserva","Apresentação de Opções de Menus e Buffets para Eventos","Organizadores de eventos e noivos escolhendo gastronomia","Solicitar Degustação do Cardápio","hero -> interactive_menu -> testimonials -> form -> footer","HeroBlock;TestimonialsBlock;FormBlock;FooterBlock","InteractiveMenuBlock","headline,subheadline,menu_categories,testimonials_list,form_fields,copyright_text","Abas organizadas por pratos (Entradas, Principais, Sobremesas) com fotos","Cardápio em abas estilizadas com imagens de gastronomia","Estimula o desejo gastronómico apresentando os menus de forma elegante.","blocked_by_node_registry"
"TPL-551","23","Escolas de Idiomas e Formação Profissionalizante","Escolas Direct Ads Express","tpl-idiomas-ads-captura-rapida","Landing Page Direta","Captura Imediata de Leads Google/Meta Ads","Pacientes/clientes urgentes em busca de atendimento direto","Solicitar Atendimento Imediato","hero -> form -> benefits -> testimonials -> footer","HeroBlock;FormBlock;BenefitsBlock;TestimonialsBlock;FooterBlock","NONE","headline,subheadline,badge_text,form_fields,submit_button_text,benefits_list,testimonials_list,copyright_text","Clean responsivo com destaque para formulário de conversão direta","Renderização do formulário em topo claro e CTA com contraste","Foco exclusivo em conversão de fundo de funil com formulário acima da dobra e sem fuga.","pilot_eligible"
"TPL-552","23","Escolas de Idiomas e Formação Profissionalizante","Escolas Agendamento VIP","tpl-idiomas-agendamento-consulta-vip","Landing de Marcações","Agendamento Direct de Primeira Consulta","Clientes qualificados procurando atendimento exclusivo","Agendar Consulta VIP","hero -> services -> process -> testimonials -> contact -> footer","HeroBlock;ServicesBlock;ProcessBlock;TestimonialsBlock;ContactBlock;FooterBlock","NONE","headline,subheadline,badge_text,services_cards,process_steps,testimonials_list,contact_info,copyright_text","Tom premium com cartões espaçados e etapas do processo ilustradas","Hero com destaque de especialidades e botão de agendamento em destaque","Apresenta a jornada de atendimento passo a passo para gerar confiança no agendamento.","pilot_eligible"
"TPL-553","23","Escolas de Idiomas e Formação Profissionalizante","Escolas Institucional Autoridade","tpl-idiomas-institucional-autoridade","Website Institucional","Construção de Autoridade de Marca e Apresentação de Equipa","Clientes corporativos e parceiros estratégicos","Conhecer Soluções da Empresa","hero -> about -> services -> team -> contact -> footer","HeroBlock;AboutBlock;ServicesBlock;TeamBlock;ContactBlock;FooterBlock","NONE","headline,subheadline,story_text,stat_number,stat_label,services_cards,team_members,contact_info,copyright_text","Design corporativo sóbrio com tipografia forte e fotos da equipa","Preview da secção de história e griha de membros da equipa","Posiciona o negócio como líder de mercado através da história e equipa médica/profissional.","pilot_eligible"
"TPL-554","23","Escolas de Idiomas e Formação Profissionalizante","Escolas Cotação Express","tpl-idiomas-cotacao-progressiva-express","Landing de Cotação","Solicitação de Orçamento com Dados Iniciais","Compradores buscando estimativa rápida de investimento","Pedir Orçamento Gratuito","hero -> benefits -> form -> faq -> footer","HeroBlock;BenefitsBlock;FormBlock;FaqBlock;FooterBlock","NONE","headline,subheadline,benefits_items,form_fields,submit_button_text,faq_items,copyright_text","Foco em clareza de benefícios antes de expor os campos de orçamento","Captura destacando cartões de diferenciais e formulário de orçamento","Elimina objeções de preço respondendo perguntas frequentes antes do pedido de cotação.","pilot_eligible"
"TPL-555","23","Escolas de Idiomas e Formação Profissionalizante","Escolas Catálogo de Especialidades","tpl-idiomas-procedimentos-especializados","Landing de Serviços","Apresentação Detalhada do Portfólio de Serviços","Público que procura soluções técnicas específicas","Consultar Especialista","hero -> services -> benefits -> process -> form -> footer","HeroBlock;ServicesBlock;BenefitsBlock;ProcessBlock;FormBlock;FooterBlock","NONE","headline,subheadline,services_cards,benefits_items,process_steps,form_fields,copyright_text","Grelha modular de serviços com ícones e marcadores técnicos","Visão geral do catálogo de serviços em grelha 3 colunas","Organiza serviços complexos de forma modular e clara para facilidade de navegação.","pilot_eligible"
"TPL-556","23","Escolas de Idiomas e Formação Profissionalizante","Escolas Casos & Prova Social","tpl-idiomas-prova-social-intensa","Landing Page Direta","Conversão Baseada em Depoimentos e Prova de Confiança","Clientes indecisos que necessitam de validação de terceiros","Ver Resultados e Agendar","hero -> testimonials -> benefits -> faq -> contact -> footer","HeroBlock;TestimonialsBlock;BenefitsBlock;FaqBlock;ContactBlock;FooterBlock","NONE","headline,subheadline,testimonials_list,benefits_items,faq_items,contact_info,copyright_text","Estilo visual focado em cartões de avaliações com estrelas e avatares","Secção Hero integrada com avaliações 5 estrelas em destaque","Utiliza o gatilho da prova social em posição de destaque máximo para quebrar desconfiança.","pilot_eligible"
"TPL-557","23","Escolas de Idiomas e Formação Profissionalizante","Escolas Diagnóstico Gratuito","tpl-idiomas-diagnostico-inicial-gratuito","Landing Page Direta","Captação de Leads via Oferta de Diagnóstico sem Custo","Clientes em fase de descoberta que procuram avaliação inicial","Solicitar Diagnóstico sem Custo","hero -> process -> benefits -> form -> footer","HeroBlock;ProcessBlock;BenefitsBlock;FormBlock;FooterBlock","NONE","headline,subheadline,process_steps,benefits_items,form_fields,copyright_text","Cores de alta energia e badges explicativos do diagnóstico","Hero com badge de Diagnóstico Gratuito e formulário em destaque","Reduz a barreira de entrada oferecendo uma avaliação sem compromisso financeiro.","pilot_eligible"
"TPL-558","23","Escolas de Idiomas e Formação Profissionalizante","Escolas Plantão & Atendimento Rápido","tpl-idiomas-atendimento-urgencia-24h","Landing Page Direta","Conversão Urgente para Casos Imediatos","Público com necessidade urgente ou atendimento emergencial","Falar com Atendimento Rápido","hero -> contact -> services -> faq -> footer","HeroBlock;ContactBlock;ServicesBlock;FaqBlock;FooterBlock","NONE","headline,subheadline,phone,email,address,services_cards,faq_items,copyright_text","Layout de alta visibilidade com botão telefónico/WhatsApp de destaque imediato","Hero com botões de contacto direto e mapa de localização rápida","Focado em resolução imediata com telefone e mapa acessíveis sem rolagem.","pilot_eligible"
"TPL-559","23","Escolas de Idiomas e Formação Profissionalizante","Escolas Guia de Esclarecimento & FAQ","tpl-idiomas-duvidas-e-faq-interativo","Landing Educacional","Captação via Esclarecimento de Dúvidas Técnicas","Clientes que pesquisam objeções antes de contratar","Tirar Minha Dúvida com Especialista","hero -> faq -> benefits -> form -> footer","HeroBlock;FaqBlock;BenefitsBlock;FormBlock;FooterBlock","NONE","headline,subheadline,faq_items,benefits_items,form_fields,copyright_text","Accordion limpo com boa legibilidade e tipografia contrastante","Secção de perguntas frequentes em destaque com busca visual","Resolve objeções complexas antecipadamente para converter tráfego qualificado.","pilot_eligible"
"TPL-560","23","Escolas de Idiomas e Formação Profissionalizante","Escolas Equipa & Corpo Clínico/Técnico","tpl-idiomas-equipa-e-corpo-tecnico","Website Institucional","Apresentação de Credenciais e Especialistas","Clientes que escolhem profissionais por currículo e autoridade","Marcar com Nossos Especialistas","hero -> team -> about -> services -> contact -> footer","HeroBlock;TeamBlock;AboutBlock;ServicesBlock;ContactBlock;FooterBlock","NONE","headline,subheadline,team_members,story_text,services_cards,contact_info,copyright_text","Grelha elegante de perfis profissionais com bios detalhadas","Cartões de equipa com fotos profissionais e bios curtas","Foco no fator humano e nas credenciais individuais da equipa para passar segurança.","pilot_eligible"
"TPL-561","23","Escolas de Idiomas e Formação Profissionalizante","Escolas Unidades & Mapa Local","tpl-idiomas-localizacao-e-unidades","Landing Local","Atração de Clientes Locais por Proximidade Geográfica","Moradores/empresas da região geográfica de atendimento","Ver Rota e Agendar Visita","hero -> contact -> services -> testimonials -> footer","HeroBlock;ContactBlock;ServicesBlock;TestimonialsBlock;FooterBlock","NONE","headline,subheadline,google_maps_url,address,phone,services_cards,testimonials_list,copyright_text","Destaque visual para o mapa interativo e informações de endereço","Secção de contacto com mapa integrado e horários de funcionamento","Foco total em busca local e facilidade de localização geográfica.","pilot_eligible"
"TPL-562","23","Escolas de Idiomas e Formação Profissionalizante","Escolas Apresentação de Pacotes","tpl-idiomas-pacotes-e-condicoes","Landing de Vendas","Conversão para Pacotes Estruturados de Serviços","Clientes interessados em combos e condições especiais","Escolher Meu Pacote","hero -> services -> benefits -> form -> faq -> footer","HeroBlock;ServicesBlock;BenefitsBlock;FormBlock;FaqBlock;FooterBlock","NONE","headline,subheadline,services_cards,benefits_items,form_fields,faq_items,copyright_text","Grelha de pacotes com marcadores visuais do mais popular","Grelha de serviços formatada como cartões de pacotes","Facilita a decisão de compra agrupando serviços em ofertas claras.","pilot_eligible"
"TPL-563","23","Escolas de Idiomas e Formação Profissionalizante","Escolas Nossa História & Propósito","tpl-idiomas-historia-e-proposito","Website Institucional","Conexão Emocional e Alinhamento de Valores","Clientes que valorizam a missão e reputação da empresa","Fazer Parte da Nossa História","hero -> about -> process -> team -> contact -> footer","HeroBlock;AboutBlock;ProcessBlock;TeamBlock;ContactBlock;FooterBlock","NONE","headline,subheadline,story_text,stat_number,stat_label,process_steps,team_members,contact_info,copyright_text","Narrativa em linha do tempo com fotografias institucionais","Secção About com bloco de estatísticas e imagens de bastidores","Constrói lealdade de longo prazo mostrando a trajetória e propósito do negócio.","pilot_eligible"
"TPL-564","23","Escolas de Idiomas e Formação Profissionalizante","Escolas Jornada do Cliente","tpl-idiomas-solucao-passo-a-passo","Landing Educacional","Desmistificar o Processo de Prestação do Serviço","Clientes receosos quanto à complexidade do serviço","Iniciar Minha Jornada","hero -> process -> services -> testimonials -> form -> footer","HeroBlock;ProcessBlock;ServicesBlock;TestimonialsBlock;FormBlock;FooterBlock","NONE","headline,subheadline,process_steps,services_cards,testimonials_list,form_fields,copyright_text","Fluxo numérico progressivo (Passo 1, 2, 3) bem marcado","Infográfico do processo de 4 passos com conectores visuais","Reduz a ansiedade do cliente mostrando exatamente o que acontece em cada fase.","pilot_eligible"
"TPL-565","23","Escolas de Idiomas e Formação Profissionalizante","Escolas Oferta de Boas-Vindas","tpl-idiomas-primeira-visita-especial","Landing Page Direta","Captação de Novos Clientes com Condição Especial","Público que nunca utilizou os serviços da empresa","Garantir Oferta de Boas-Vindas","hero -> benefits -> form -> testimonials -> footer","HeroBlock;BenefitsBlock;FormBlock;TestimonialsBlock;FooterBlock","NONE","headline,subheadline,badge_text,benefits_items,form_fields,testimonials_list,copyright_text","Badge destacado de oferta exclusiva no Hero","Hero com selo de Boas-Vindas e formulário de inscrição direta","Incentiva a experiência inicial através de um incentivo exclusivo para novos clientes.","pilot_eligible"
"TPL-566","23","Escolas de Idiomas e Formação Profissionalizante","Escolas Sales Page VSL Longa","tpl-idiomas-vsl-video-sales-page","Sales Page Longa","Conversão via Vídeo de Vendas (VSL) e Pitch Estruturado","Leads de tráfego frio preparados por apresentação em vídeo","Garantir Vaga no Programa","hero_vsl -> benefits -> testimonials -> faq -> footer","BenefitsBlock;TestimonialsBlock;FaqBlock;FooterBlock","HeroVslBlock","headline,video_url,cta_primary_text,benefits_items,testimonials_list,faq_items,copyright_text","Container de vídeo centralizado com foco total na apresentação VSL","Player de vídeo VSL em topo escuro e botão CTA revelado abaixo","Focado em conversão audiovisual para infoprodutos e mentorias de alto valor.","blocked_by_node_registry"
"TPL-567","23","Escolas de Idiomas e Formação Profissionalizante","Escolas Planos & Tabela de Pricing","tpl-idiomas-tabela-de-precos-saas","Produto / Demo / Trial","Seleção de Planos Mensais/Anuais e Free Trial","Decisores de compra avaliando pacotes e limites de software","Assinar Plano Selecionado","hero -> pricing_table -> benefits -> faq -> footer","HeroBlock;BenefitsBlock;FaqBlock;FooterBlock","PricingTableBlock","headline,subheadline,pricing_plans,features_comparison,faq_items,copyright_text","Cartões de preços comparativos com alternador Mensal/Anual","Grelha de 3 planos de preços com destaque para o plano recomendado","Transparência total de preços e funcionalidades para SaaS e assinaturas.","blocked_by_node_registry"
"TPL-568","23","Escolas de Idiomas e Formação Profissionalizante","Escolas Mostra de Portfólio & Projetos","tpl-idiomas-galeria-portfolio-projetos","Website/Portfólio","Exibição Visual de Projetos Concluídos","Clientes de alto padrão avaliando qualidade estética e acabamento","Solicitar Projeto Semelhante","hero -> gallery_grid -> process -> contact -> footer","HeroBlock;ProcessBlock;ContactBlock;FooterBlock","GalleryGridBlock","headline,subheadline,gallery_images,project_categories,contact_info,copyright_text","Grelha masonry de alta resolução com lightbox interativo","Galeria visual de projetos com filtros por categoria","Demonstra a excelência técnica através do trabalho visualmente concluído.","blocked_by_node_registry"
"TPL-569","23","Escolas de Idiomas e Formação Profissionalizante","Escolas Calculadora Interativa de Cotação","tpl-idiomas-simulador-calculadora-cotacao","Landing de Cotação","Estimativa Interativa em Tempo Real pelo Cliente","Clientes que desejam calcular o investimento aproximado","Enviar Resultado da Simulação","hero -> interactive_calculator -> form -> faq -> footer","HeroBlock;FormBlock;FaqBlock;FooterBlock","CalculatorBlock","headline,subheadline,calculator_fields,form_fields,faq_items,copyright_text","Sliders e seletores interativos com valor total calculado em tempo real","Calculadora interativa com controles deslizantes e resultado estimado","Engaja o utilizador permitindo simular o valor exato da sua necessidade.","blocked_by_node_registry"
"TPL-570","23","Escolas de Idiomas e Formação Profissionalizante","Escolas Agendador com Calendário Ao Vivo","tpl-idiomas-calendario-agendamento-online","Landing de Marcações","Reserva Direta de Data e Horário em Agenda Integrada","Clientes que preferem selecionar o dia e hora no momento","Confirmar Data e Horário","hero -> booking_calendar -> testimonials -> footer","HeroBlock;TestimonialsBlock;FooterBlock","BookingCalendarBlock","headline,subheadline,available_slots,testimonials_list,copyright_text","Calendário interativo com escolha de horário em tempo real","Widget de calendário mensal com seleção de slots de horário","Elimina trocas de mensagens agendando a reunião/consulta diretamente.","blocked_by_node_registry"
"TPL-571","23","Escolas de Idiomas e Formação Profissionalizante","Escolas Comparativo de Soluções B2B","tpl-idiomas-tabela-comparativa-recursos","Produto / Demo / Trial","Demonstração de Superioridade em Relação a Alternativas","Compradores B2B comparando concorrentes e funcionalidades","Escolher a Solução Líder","hero -> comparison_table -> benefits -> form -> footer","HeroBlock;BenefitsBlock;FormBlock;FooterBlock","ComparisonTableBlock","headline,subheadline,comparison_matrix,benefits_items,form_fields,copyright_text","Tabela comparativa com marcas de verificação (checkmarks) e destaques","Tabela comparativa matricial com a empresa destacada na 1ª coluna","Prova a vantagem competitiva de forma transparente através de matriz de recursos.","blocked_by_node_registry"
"TPL-572","23","Escolas de Idiomas e Formação Profissionalizante","Escolas Catálogo Filtrável de Soluções","tpl-idiomas-catalogo-com-filtros-avancados","Website/Portfólio","Navegação por Granularidade de Nichos e Equipamentos","Clientes B2B buscando especificações técnicas detalhadas","Solicitar Ficha Técnica e Cotação","hero -> filtered_catalog -> contact -> footer","HeroBlock;ContactBlock;FooterBlock","FilteredCatalogBlock","headline,subheadline,catalog_items,filter_categories,contact_info,copyright_text","Filtros por categoria no topo e cartões com badges técnicos","Barra de filtros de produtos e grelha de resultados organizados","Facilita a busca em inventários extensos de serviços ou equipamentos.","blocked_by_node_registry"
"TPL-573","23","Escolas de Idiomas e Formação Profissionalizante","Escolas Experiência Virtual & Espaço","tpl-idiomas-tour-virtual-galeria-360","Captação e Reserva","Apresentação Imersiva de Ambientes e Instalações","Noivas, organizadores de eventos e clientes de imobiliário","Agendar Visita Presencial","hero -> virtual_tour -> testimonials -> form -> footer","HeroBlock;TestimonialsBlock;FormBlock;FooterBlock","VirtualTourBlock","headline,subheadline,embed_tour_url,testimonials_list,form_fields,copyright_text","Visualizador panorâmico imersivo com botões de navegação","Preview de tour virtual 360 com ícone de navegação interativa","Encanta o cliente mostrando o espaço físico em alta definição antes da visita.","blocked_by_node_registry"
"TPL-574","23","Escolas de Idiomas e Formação Profissionalizante","Escolas Linha do Tempo & Tradição","tpl-idiomas-linha-do-tempo-historica","Website Institucional","Demonstração de Tradição, Anos de Mercado e Milestones","Grandes contas corporativas buscando estabilidade e tradição","Falar com Nossa Gestão","hero -> timeline_history -> team -> contact -> footer","HeroBlock;TeamBlock;ContactBlock;FooterBlock","TimelineHistoryBlock","headline,subheadline,timeline_events,team_members,contact_info,copyright_text","Linha vertical cronológica com pontos de destaque históricos","Linha do tempo interativa marcando anos e conquistas da empresa","Transmite solidez e confiança comprovando anos de atuação no mercado.","blocked_by_node_registry"
"TPL-575","23","Escolas de Idiomas e Formação Profissionalizante","Escolas Cardápio Interativo & Menus","tpl-idiomas-menu-degustacao-cardapio","Captação e Reserva","Apresentação de Opções de Menus e Buffets para Eventos","Organizadores de eventos e noivos escolhendo gastronomia","Solicitar Degustação do Cardápio","hero -> interactive_menu -> testimonials -> form -> footer","HeroBlock;TestimonialsBlock;FormBlock;FooterBlock","InteractiveMenuBlock","headline,subheadline,menu_categories,testimonials_list,form_fields,copyright_text","Abas organizadas por pratos (Entradas, Principais, Sobremesas) com fotos","Cardápio em abas estilizadas com imagens de gastronomia","Estimula o desejo gastronómico apresentando os menus de forma elegante.","blocked_by_node_registry"
"TPL-576","24","Treinamentos e Certificações Corporativas","Treinamentos Direct Ads Express","tpl-treinamento-ads-captura-rapida","Landing Page Direta","Captura Imediata de Leads Google/Meta Ads","Pacientes/clientes urgentes em busca de atendimento direto","Solicitar Atendimento Imediato","hero -> form -> benefits -> testimonials -> footer","HeroBlock;FormBlock;BenefitsBlock;TestimonialsBlock;FooterBlock","NONE","headline,subheadline,badge_text,form_fields,submit_button_text,benefits_list,testimonials_list,copyright_text","Clean responsivo com destaque para formulário de conversão direta","Renderização do formulário em topo claro e CTA com contraste","Foco exclusivo em conversão de fundo de funil com formulário acima da dobra e sem fuga.","pilot_eligible"
"TPL-577","24","Treinamentos e Certificações Corporativas","Treinamentos Agendamento VIP","tpl-treinamento-agendamento-consulta-vip","Landing de Marcações","Agendamento Direct de Primeira Consulta","Clientes qualificados procurando atendimento exclusivo","Agendar Consulta VIP","hero -> services -> process -> testimonials -> contact -> footer","HeroBlock;ServicesBlock;ProcessBlock;TestimonialsBlock;ContactBlock;FooterBlock","NONE","headline,subheadline,badge_text,services_cards,process_steps,testimonials_list,contact_info,copyright_text","Tom premium com cartões espaçados e etapas do processo ilustradas","Hero com destaque de especialidades e botão de agendamento em destaque","Apresenta a jornada de atendimento passo a passo para gerar confiança no agendamento.","pilot_eligible"
"TPL-578","24","Treinamentos e Certificações Corporativas","Treinamentos Institucional Autoridade","tpl-treinamento-institucional-autoridade","Website Institucional","Construção de Autoridade de Marca e Apresentação de Equipa","Clientes corporativos e parceiros estratégicos","Conhecer Soluções da Empresa","hero -> about -> services -> team -> contact -> footer","HeroBlock;AboutBlock;ServicesBlock;TeamBlock;ContactBlock;FooterBlock","NONE","headline,subheadline,story_text,stat_number,stat_label,services_cards,team_members,contact_info,copyright_text","Design corporativo sóbrio com tipografia forte e fotos da equipa","Preview da secção de história e griha de membros da equipa","Posiciona o negócio como líder de mercado através da história e equipa médica/profissional.","pilot_eligible"
"TPL-579","24","Treinamentos e Certificações Corporativas","Treinamentos Cotação Express","tpl-treinamento-cotacao-progressiva-express","Landing de Cotação","Solicitação de Orçamento com Dados Iniciais","Compradores buscando estimativa rápida de investimento","Pedir Orçamento Gratuito","hero -> benefits -> form -> faq -> footer","HeroBlock;BenefitsBlock;FormBlock;FaqBlock;FooterBlock","NONE","headline,subheadline,benefits_items,form_fields,submit_button_text,faq_items,copyright_text","Foco em clareza de benefícios antes de expor os campos de orçamento","Captura destacando cartões de diferenciais e formulário de orçamento","Elimina objeções de preço respondendo perguntas frequentes antes do pedido de cotação.","pilot_eligible"
"TPL-580","24","Treinamentos e Certificações Corporativas","Treinamentos Catálogo de Especialidades","tpl-treinamento-procedimentos-especializados","Landing de Serviços","Apresentação Detalhada do Portfólio de Serviços","Público que procura soluções técnicas específicas","Consultar Especialista","hero -> services -> benefits -> process -> form -> footer","HeroBlock;ServicesBlock;BenefitsBlock;ProcessBlock;FormBlock;FooterBlock","NONE","headline,subheadline,services_cards,benefits_items,process_steps,form_fields,copyright_text","Grelha modular de serviços com ícones e marcadores técnicos","Visão geral do catálogo de serviços em grelha 3 colunas","Organiza serviços complexos de forma modular e clara para facilidade de navegação.","pilot_eligible"
"TPL-581","24","Treinamentos e Certificações Corporativas","Treinamentos Casos & Prova Social","tpl-treinamento-prova-social-intensa","Landing Page Direta","Conversão Baseada em Depoimentos e Prova de Confiança","Clientes indecisos que necessitam de validação de terceiros","Ver Resultados e Agendar","hero -> testimonials -> benefits -> faq -> contact -> footer","HeroBlock;TestimonialsBlock;BenefitsBlock;FaqBlock;ContactBlock;FooterBlock","NONE","headline,subheadline,testimonials_list,benefits_items,faq_items,contact_info,copyright_text","Estilo visual focado em cartões de avaliações com estrelas e avatares","Secção Hero integrada com avaliações 5 estrelas em destaque","Utiliza o gatilho da prova social em posição de destaque máximo para quebrar desconfiança.","pilot_eligible"
"TPL-582","24","Treinamentos e Certificações Corporativas","Treinamentos Diagnóstico Gratuito","tpl-treinamento-diagnostico-inicial-gratuito","Landing Page Direta","Captação de Leads via Oferta de Diagnóstico sem Custo","Clientes em fase de descoberta que procuram avaliação inicial","Solicitar Diagnóstico sem Custo","hero -> process -> benefits -> form -> footer","HeroBlock;ProcessBlock;BenefitsBlock;FormBlock;FooterBlock","NONE","headline,subheadline,process_steps,benefits_items,form_fields,copyright_text","Cores de alta energia e badges explicativos do diagnóstico","Hero com badge de Diagnóstico Gratuito e formulário em destaque","Reduz a barreira de entrada oferecendo uma avaliação sem compromisso financeiro.","pilot_eligible"
"TPL-583","24","Treinamentos e Certificações Corporativas","Treinamentos Plantão & Atendimento Rápido","tpl-treinamento-atendimento-urgencia-24h","Landing Page Direta","Conversão Urgente para Casos Imediatos","Público com necessidade urgente ou atendimento emergencial","Falar com Atendimento Rápido","hero -> contact -> services -> faq -> footer","HeroBlock;ContactBlock;ServicesBlock;FaqBlock;FooterBlock","NONE","headline,subheadline,phone,email,address,services_cards,faq_items,copyright_text","Layout de alta visibilidade com botão telefónico/WhatsApp de destaque imediato","Hero com botões de contacto direto e mapa de localização rápida","Focado em resolução imediata com telefone e mapa acessíveis sem rolagem.","pilot_eligible"
"TPL-584","24","Treinamentos e Certificações Corporativas","Treinamentos Guia de Esclarecimento & FAQ","tpl-treinamento-duvidas-e-faq-interativo","Landing Educacional","Captação via Esclarecimento de Dúvidas Técnicas","Clientes que pesquisam objeções antes de contratar","Tirar Minha Dúvida com Especialista","hero -> faq -> benefits -> form -> footer","HeroBlock;FaqBlock;BenefitsBlock;FormBlock;FooterBlock","NONE","headline,subheadline,faq_items,benefits_items,form_fields,copyright_text","Accordion limpo com boa legibilidade e tipografia contrastante","Secção de perguntas frequentes em destaque com busca visual","Resolve objeções complexas antecipadamente para converter tráfego qualificado.","pilot_eligible"
"TPL-585","24","Treinamentos e Certificações Corporativas","Treinamentos Equipa & Corpo Clínico/Técnico","tpl-treinamento-equipa-e-corpo-tecnico","Website Institucional","Apresentação de Credenciais e Especialistas","Clientes que escolhem profissionais por currículo e autoridade","Marcar com Nossos Especialistas","hero -> team -> about -> services -> contact -> footer","HeroBlock;TeamBlock;AboutBlock;ServicesBlock;ContactBlock;FooterBlock","NONE","headline,subheadline,team_members,story_text,services_cards,contact_info,copyright_text","Grelha elegante de perfis profissionais com bios detalhadas","Cartões de equipa com fotos profissionais e bios curtas","Foco no fator humano e nas credenciais individuais da equipa para passar segurança.","pilot_eligible"
"TPL-586","24","Treinamentos e Certificações Corporativas","Treinamentos Unidades & Mapa Local","tpl-treinamento-localizacao-e-unidades","Landing Local","Atração de Clientes Locais por Proximidade Geográfica","Moradores/empresas da região geográfica de atendimento","Ver Rota e Agendar Visita","hero -> contact -> services -> testimonials -> footer","HeroBlock;ContactBlock;ServicesBlock;TestimonialsBlock;FooterBlock","NONE","headline,subheadline,google_maps_url,address,phone,services_cards,testimonials_list,copyright_text","Destaque visual para o mapa interativo e informações de endereço","Secção de contacto com mapa integrado e horários de funcionamento","Foco total em busca local e facilidade de localização geográfica.","pilot_eligible"
"TPL-587","24","Treinamentos e Certificações Corporativas","Treinamentos Apresentação de Pacotes","tpl-treinamento-pacotes-e-condicoes","Landing de Vendas","Conversão para Pacotes Estruturados de Serviços","Clientes interessados em combos e condições especiais","Escolher Meu Pacote","hero -> services -> benefits -> form -> faq -> footer","HeroBlock;ServicesBlock;BenefitsBlock;FormBlock;FaqBlock;FooterBlock","NONE","headline,subheadline,services_cards,benefits_items,form_fields,faq_items,copyright_text","Grelha de pacotes com marcadores visuais do mais popular","Grelha de serviços formatada como cartões de pacotes","Facilita a decisão de compra agrupando serviços em ofertas claras.","pilot_eligible"
"TPL-588","24","Treinamentos e Certificações Corporativas","Treinamentos Nossa História & Propósito","tpl-treinamento-historia-e-proposito","Website Institucional","Conexão Emocional e Alinhamento de Valores","Clientes que valorizam a missão e reputação da empresa","Fazer Parte da Nossa História","hero -> about -> process -> team -> contact -> footer","HeroBlock;AboutBlock;ProcessBlock;TeamBlock;ContactBlock;FooterBlock","NONE","headline,subheadline,story_text,stat_number,stat_label,process_steps,team_members,contact_info,copyright_text","Narrativa em linha do tempo com fotografias institucionais","Secção About com bloco de estatísticas e imagens de bastidores","Constrói lealdade de longo prazo mostrando a trajetória e propósito do negócio.","pilot_eligible"
"TPL-589","24","Treinamentos e Certificações Corporativas","Treinamentos Jornada do Cliente","tpl-treinamento-solucao-passo-a-passo","Landing Educacional","Desmistificar o Processo de Prestação do Serviço","Clientes receosos quanto à complexidade do serviço","Iniciar Minha Jornada","hero -> process -> services -> testimonials -> form -> footer","HeroBlock;ProcessBlock;ServicesBlock;TestimonialsBlock;FormBlock;FooterBlock","NONE","headline,subheadline,process_steps,services_cards,testimonials_list,form_fields,copyright_text","Fluxo numérico progressivo (Passo 1, 2, 3) bem marcado","Infográfico do processo de 4 passos com conectores visuais","Reduz a ansiedade do cliente mostrando exatamente o que acontece em cada fase.","pilot_eligible"
"TPL-590","24","Treinamentos e Certificações Corporativas","Treinamentos Oferta de Boas-Vindas","tpl-treinamento-primeira-visita-especial","Landing Page Direta","Captação de Novos Clientes com Condição Especial","Público que nunca utilizou os serviços da empresa","Garantir Oferta de Boas-Vindas","hero -> benefits -> form -> testimonials -> footer","HeroBlock;BenefitsBlock;FormBlock;TestimonialsBlock;FooterBlock","NONE","headline,subheadline,badge_text,benefits_items,form_fields,testimonials_list,copyright_text","Badge destacado de oferta exclusiva no Hero","Hero com selo de Boas-Vindas e formulário de inscrição direta","Incentiva a experiência inicial através de um incentivo exclusivo para novos clientes.","pilot_eligible"
"TPL-591","24","Treinamentos e Certificações Corporativas","Treinamentos Sales Page VSL Longa","tpl-treinamento-vsl-video-sales-page","Sales Page Longa","Conversão via Vídeo de Vendas (VSL) e Pitch Estruturado","Leads de tráfego frio preparados por apresentação em vídeo","Garantir Vaga no Programa","hero_vsl -> benefits -> testimonials -> faq -> footer","BenefitsBlock;TestimonialsBlock;FaqBlock;FooterBlock","HeroVslBlock","headline,video_url,cta_primary_text,benefits_items,testimonials_list,faq_items,copyright_text","Container de vídeo centralizado com foco total na apresentação VSL","Player de vídeo VSL em topo escuro e botão CTA revelado abaixo","Focado em conversão audiovisual para infoprodutos e mentorias de alto valor.","blocked_by_node_registry"
"TPL-592","24","Treinamentos e Certificações Corporativas","Treinamentos Planos & Tabela de Pricing","tpl-treinamento-tabela-de-precos-saas","Produto / Demo / Trial","Seleção de Planos Mensais/Anuais e Free Trial","Decisores de compra avaliando pacotes e limites de software","Assinar Plano Selecionado","hero -> pricing_table -> benefits -> faq -> footer","HeroBlock;BenefitsBlock;FaqBlock;FooterBlock","PricingTableBlock","headline,subheadline,pricing_plans,features_comparison,faq_items,copyright_text","Cartões de preços comparativos com alternador Mensal/Anual","Grelha de 3 planos de preços com destaque para o plano recomendado","Transparência total de preços e funcionalidades para SaaS e assinaturas.","blocked_by_node_registry"
"TPL-593","24","Treinamentos e Certificações Corporativas","Treinamentos Mostra de Portfólio & Projetos","tpl-treinamento-galeria-portfolio-projetos","Website/Portfólio","Exibição Visual de Projetos Concluídos","Clientes de alto padrão avaliando qualidade estética e acabamento","Solicitar Projeto Semelhante","hero -> gallery_grid -> process -> contact -> footer","HeroBlock;ProcessBlock;ContactBlock;FooterBlock","GalleryGridBlock","headline,subheadline,gallery_images,project_categories,contact_info,copyright_text","Grelha masonry de alta resolução com lightbox interativo","Galeria visual de projetos com filtros por categoria","Demonstra a excelência técnica através do trabalho visualmente concluído.","blocked_by_node_registry"
"TPL-594","24","Treinamentos e Certificações Corporativas","Treinamentos Calculadora Interativa de Cotação","tpl-treinamento-simulador-calculadora-cotacao","Landing de Cotação","Estimativa Interativa em Tempo Real pelo Cliente","Clientes que desejam calcular o investimento aproximado","Enviar Resultado da Simulação","hero -> interactive_calculator -> form -> faq -> footer","HeroBlock;FormBlock;FaqBlock;FooterBlock","CalculatorBlock","headline,subheadline,calculator_fields,form_fields,faq_items,copyright_text","Sliders e seletores interativos com valor total calculado em tempo real","Calculadora interativa com controles deslizantes e resultado estimado","Engaja o utilizador permitindo simular o valor exato da sua necessidade.","blocked_by_node_registry"
"TPL-595","24","Treinamentos e Certificações Corporativas","Treinamentos Agendador com Calendário Ao Vivo","tpl-treinamento-calendario-agendamento-online","Landing de Marcações","Reserva Direta de Data e Horário em Agenda Integrada","Clientes que preferem selecionar o dia e hora no momento","Confirmar Data e Horário","hero -> booking_calendar -> testimonials -> footer","HeroBlock;TestimonialsBlock;FooterBlock","BookingCalendarBlock","headline,subheadline,available_slots,testimonials_list,copyright_text","Calendário interativo com escolha de horário em tempo real","Widget de calendário mensal com seleção de slots de horário","Elimina trocas de mensagens agendando a reunião/consulta diretamente.","blocked_by_node_registry"
"TPL-596","24","Treinamentos e Certificações Corporativas","Treinamentos Comparativo de Soluções B2B","tpl-treinamento-tabela-comparativa-recursos","Produto / Demo / Trial","Demonstração de Superioridade em Relação a Alternativas","Compradores B2B comparando concorrentes e funcionalidades","Escolher a Solução Líder","hero -> comparison_table -> benefits -> form -> footer","HeroBlock;BenefitsBlock;FormBlock;FooterBlock","ComparisonTableBlock","headline,subheadline,comparison_matrix,benefits_items,form_fields,copyright_text","Tabela comparativa com marcas de verificação (checkmarks) e destaques","Tabela comparativa matricial com a empresa destacada na 1ª coluna","Prova a vantagem competitiva de forma transparente através de matriz de recursos.","blocked_by_node_registry"
"TPL-597","24","Treinamentos e Certificações Corporativas","Treinamentos Catálogo Filtrável de Soluções","tpl-treinamento-catalogo-com-filtros-avancados","Website/Portfólio","Navegação por Granularidade de Nichos e Equipamentos","Clientes B2B buscando especificações técnicas detalhadas","Solicitar Ficha Técnica e Cotação","hero -> filtered_catalog -> contact -> footer","HeroBlock;ContactBlock;FooterBlock","FilteredCatalogBlock","headline,subheadline,catalog_items,filter_categories,contact_info,copyright_text","Filtros por categoria no topo e cartões com badges técnicos","Barra de filtros de produtos e grelha de resultados organizados","Facilita a busca em inventários extensos de serviços ou equipamentos.","blocked_by_node_registry"
"TPL-598","24","Treinamentos e Certificações Corporativas","Treinamentos Experiência Virtual & Espaço","tpl-treinamento-tour-virtual-galeria-360","Captação e Reserva","Apresentação Imersiva de Ambientes e Instalações","Noivas, organizadores de eventos e clientes de imobiliário","Agendar Visita Presencial","hero -> virtual_tour -> testimonials -> form -> footer","HeroBlock;TestimonialsBlock;FormBlock;FooterBlock","VirtualTourBlock","headline,subheadline,embed_tour_url,testimonials_list,form_fields,copyright_text","Visualizador panorâmico imersivo com botões de navegação","Preview de tour virtual 360 com ícone de navegação interativa","Encanta o cliente mostrando o espaço físico em alta definição antes da visita.","blocked_by_node_registry"
"TPL-599","24","Treinamentos e Certificações Corporativas","Treinamentos Linha do Tempo & Tradição","tpl-treinamento-linha-do-tempo-historica","Website Institucional","Demonstração de Tradição, Anos de Mercado e Milestones","Grandes contas corporativas buscando estabilidade e tradição","Falar com Nossa Gestão","hero -> timeline_history -> team -> contact -> footer","HeroBlock;TeamBlock;ContactBlock;FooterBlock","TimelineHistoryBlock","headline,subheadline,timeline_events,team_members,contact_info,copyright_text","Linha vertical cronológica com pontos de destaque históricos","Linha do tempo interativa marcando anos e conquistas da empresa","Transmite solidez e confiança comprovando anos de atuação no mercado.","blocked_by_node_registry"
"TPL-600","24","Treinamentos e Certificações Corporativas","Treinamentos Cardápio Interativo & Menus","tpl-treinamento-menu-degustacao-cardapio","Captação e Reserva","Apresentação de Opções de Menus e Buffets para Eventos","Organizadores de eventos e noivos escolhendo gastronomia","Solicitar Degustação do Cardápio","hero -> interactive_menu -> testimonials -> form -> footer","HeroBlock;TestimonialsBlock;FormBlock;FooterBlock","InteractiveMenuBlock","headline,subheadline,menu_categories,testimonials_list,form_fields,copyright_text","Abas organizadas por pratos (Entradas, Principais, Sobremesas) com fotos","Cardápio em abas estilizadas com imagens de gastronomia","Estimula o desejo gastronómico apresentando os menus de forma elegante.","blocked_by_node_registry"
"TPL-601","25","Personal Trainers e Consultorias Fitness Online","Personal Direct Ads Express","tpl-fitness-ads-captura-rapida","Landing Page Direta","Captura Imediata de Leads Google/Meta Ads","Pacientes/clientes urgentes em busca de atendimento direto","Solicitar Atendimento Imediato","hero -> form -> benefits -> testimonials -> footer","HeroBlock;FormBlock;BenefitsBlock;TestimonialsBlock;FooterBlock","NONE","headline,subheadline,badge_text,form_fields,submit_button_text,benefits_list,testimonials_list,copyright_text","Clean responsivo com destaque para formulário de conversão direta","Renderização do formulário em topo claro e CTA com contraste","Foco exclusivo em conversão de fundo de funil com formulário acima da dobra e sem fuga.","pilot_eligible"
"TPL-602","25","Personal Trainers e Consultorias Fitness Online","Personal Agendamento VIP","tpl-fitness-agendamento-consulta-vip","Landing de Marcações","Agendamento Direct de Primeira Consulta","Clientes qualificados procurando atendimento exclusivo","Agendar Consulta VIP","hero -> services -> process -> testimonials -> contact -> footer","HeroBlock;ServicesBlock;ProcessBlock;TestimonialsBlock;ContactBlock;FooterBlock","NONE","headline,subheadline,badge_text,services_cards,process_steps,testimonials_list,contact_info,copyright_text","Tom premium com cartões espaçados e etapas do processo ilustradas","Hero com destaque de especialidades e botão de agendamento em destaque","Apresenta a jornada de atendimento passo a passo para gerar confiança no agendamento.","pilot_eligible"
"TPL-603","25","Personal Trainers e Consultorias Fitness Online","Personal Institucional Autoridade","tpl-fitness-institucional-autoridade","Website Institucional","Construção de Autoridade de Marca e Apresentação de Equipa","Clientes corporativos e parceiros estratégicos","Conhecer Soluções da Empresa","hero -> about -> services -> team -> contact -> footer","HeroBlock;AboutBlock;ServicesBlock;TeamBlock;ContactBlock;FooterBlock","NONE","headline,subheadline,story_text,stat_number,stat_label,services_cards,team_members,contact_info,copyright_text","Design corporativo sóbrio com tipografia forte e fotos da equipa","Preview da secção de história e griha de membros da equipa","Posiciona o negócio como líder de mercado através da história e equipa médica/profissional.","pilot_eligible"
"TPL-604","25","Personal Trainers e Consultorias Fitness Online","Personal Cotação Express","tpl-fitness-cotacao-progressiva-express","Landing de Cotação","Solicitação de Orçamento com Dados Iniciais","Compradores buscando estimativa rápida de investimento","Pedir Orçamento Gratuito","hero -> benefits -> form -> faq -> footer","HeroBlock;BenefitsBlock;FormBlock;FaqBlock;FooterBlock","NONE","headline,subheadline,benefits_items,form_fields,submit_button_text,faq_items,copyright_text","Foco em clareza de benefícios antes de expor os campos de orçamento","Captura destacando cartões de diferenciais e formulário de orçamento","Elimina objeções de preço respondendo perguntas frequentes antes do pedido de cotação.","pilot_eligible"
"TPL-605","25","Personal Trainers e Consultorias Fitness Online","Personal Catálogo de Especialidades","tpl-fitness-procedimentos-especializados","Landing de Serviços","Apresentação Detalhada do Portfólio de Serviços","Público que procura soluções técnicas específicas","Consultar Especialista","hero -> services -> benefits -> process -> form -> footer","HeroBlock;ServicesBlock;BenefitsBlock;ProcessBlock;FormBlock;FooterBlock","NONE","headline,subheadline,services_cards,benefits_items,process_steps,form_fields,copyright_text","Grelha modular de serviços com ícones e marcadores técnicos","Visão geral do catálogo de serviços em grelha 3 colunas","Organiza serviços complexos de forma modular e clara para facilidade de navegação.","pilot_eligible"
"TPL-606","25","Personal Trainers e Consultorias Fitness Online","Personal Casos & Prova Social","tpl-fitness-prova-social-intensa","Landing Page Direta","Conversão Baseada em Depoimentos e Prova de Confiança","Clientes indecisos que necessitam de validação de terceiros","Ver Resultados e Agendar","hero -> testimonials -> benefits -> faq -> contact -> footer","HeroBlock;TestimonialsBlock;BenefitsBlock;FaqBlock;ContactBlock;FooterBlock","NONE","headline,subheadline,testimonials_list,benefits_items,faq_items,contact_info,copyright_text","Estilo visual focado em cartões de avaliações com estrelas e avatares","Secção Hero integrada com avaliações 5 estrelas em destaque","Utiliza o gatilho da prova social em posição de destaque máximo para quebrar desconfiança.","pilot_eligible"
"TPL-607","25","Personal Trainers e Consultorias Fitness Online","Personal Diagnóstico Gratuito","tpl-fitness-diagnostico-inicial-gratuito","Landing Page Direta","Captação de Leads via Oferta de Diagnóstico sem Custo","Clientes em fase de descoberta que procuram avaliação inicial","Solicitar Diagnóstico sem Custo","hero -> process -> benefits -> form -> footer","HeroBlock;ProcessBlock;BenefitsBlock;FormBlock;FooterBlock","NONE","headline,subheadline,process_steps,benefits_items,form_fields,copyright_text","Cores de alta energia e badges explicativos do diagnóstico","Hero com badge de Diagnóstico Gratuito e formulário em destaque","Reduz a barreira de entrada oferecendo uma avaliação sem compromisso financeiro.","pilot_eligible"
"TPL-608","25","Personal Trainers e Consultorias Fitness Online","Personal Plantão & Atendimento Rápido","tpl-fitness-atendimento-urgencia-24h","Landing Page Direta","Conversão Urgente para Casos Imediatos","Público com necessidade urgente ou atendimento emergencial","Falar com Atendimento Rápido","hero -> contact -> services -> faq -> footer","HeroBlock;ContactBlock;ServicesBlock;FaqBlock;FooterBlock","NONE","headline,subheadline,phone,email,address,services_cards,faq_items,copyright_text","Layout de alta visibilidade com botão telefónico/WhatsApp de destaque imediato","Hero com botões de contacto direto e mapa de localização rápida","Focado em resolução imediata com telefone e mapa acessíveis sem rolagem.","pilot_eligible"
"TPL-609","25","Personal Trainers e Consultorias Fitness Online","Personal Guia de Esclarecimento & FAQ","tpl-fitness-duvidas-e-faq-interativo","Landing Educacional","Captação via Esclarecimento de Dúvidas Técnicas","Clientes que pesquisam objeções antes de contratar","Tirar Minha Dúvida com Especialista","hero -> faq -> benefits -> form -> footer","HeroBlock;FaqBlock;BenefitsBlock;FormBlock;FooterBlock","NONE","headline,subheadline,faq_items,benefits_items,form_fields,copyright_text","Accordion limpo com boa legibilidade e tipografia contrastante","Secção de perguntas frequentes em destaque com busca visual","Resolve objeções complexas antecipadamente para converter tráfego qualificado.","pilot_eligible"
"TPL-610","25","Personal Trainers e Consultorias Fitness Online","Personal Equipa & Corpo Clínico/Técnico","tpl-fitness-equipa-e-corpo-tecnico","Website Institucional","Apresentação de Credenciais e Especialistas","Clientes que escolhem profissionais por currículo e autoridade","Marcar com Nossos Especialistas","hero -> team -> about -> services -> contact -> footer","HeroBlock;TeamBlock;AboutBlock;ServicesBlock;ContactBlock;FooterBlock","NONE","headline,subheadline,team_members,story_text,services_cards,contact_info,copyright_text","Grelha elegante de perfis profissionais com bios detalhadas","Cartões de equipa com fotos profissionais e bios curtas","Foco no fator humano e nas credenciais individuais da equipa para passar segurança.","pilot_eligible"
"TPL-611","25","Personal Trainers e Consultorias Fitness Online","Personal Unidades & Mapa Local","tpl-fitness-localizacao-e-unidades","Landing Local","Atração de Clientes Locais por Proximidade Geográfica","Moradores/empresas da região geográfica de atendimento","Ver Rota e Agendar Visita","hero -> contact -> services -> testimonials -> footer","HeroBlock;ContactBlock;ServicesBlock;TestimonialsBlock;FooterBlock","NONE","headline,subheadline,google_maps_url,address,phone,services_cards,testimonials_list,copyright_text","Destaque visual para o mapa interativo e informações de endereço","Secção de contacto com mapa integrado e horários de funcionamento","Foco total em busca local e facilidade de localização geográfica.","pilot_eligible"
"TPL-612","25","Personal Trainers e Consultorias Fitness Online","Personal Apresentação de Pacotes","tpl-fitness-pacotes-e-condicoes","Landing de Vendas","Conversão para Pacotes Estruturados de Serviços","Clientes interessados em combos e condições especiais","Escolher Meu Pacote","hero -> services -> benefits -> form -> faq -> footer","HeroBlock;ServicesBlock;BenefitsBlock;FormBlock;FaqBlock;FooterBlock","NONE","headline,subheadline,services_cards,benefits_items,form_fields,faq_items,copyright_text","Grelha de pacotes com marcadores visuais do mais popular","Grelha de serviços formatada como cartões de pacotes","Facilita a decisão de compra agrupando serviços em ofertas claras.","pilot_eligible"
"TPL-613","25","Personal Trainers e Consultorias Fitness Online","Personal Nossa História & Propósito","tpl-fitness-historia-e-proposito","Website Institucional","Conexão Emocional e Alinhamento de Valores","Clientes que valorizam a missão e reputação da empresa","Fazer Parte da Nossa História","hero -> about -> process -> team -> contact -> footer","HeroBlock;AboutBlock;ProcessBlock;TeamBlock;ContactBlock;FooterBlock","NONE","headline,subheadline,story_text,stat_number,stat_label,process_steps,team_members,contact_info,copyright_text","Narrativa em linha do tempo com fotografias institucionais","Secção About com bloco de estatísticas e imagens de bastidores","Constrói lealdade de longo prazo mostrando a trajetória e propósito do negócio.","pilot_eligible"
"TPL-614","25","Personal Trainers e Consultorias Fitness Online","Personal Jornada do Cliente","tpl-fitness-solucao-passo-a-passo","Landing Educacional","Desmistificar o Processo de Prestação do Serviço","Clientes receosos quanto à complexidade do serviço","Iniciar Minha Jornada","hero -> process -> services -> testimonials -> form -> footer","HeroBlock;ProcessBlock;ServicesBlock;TestimonialsBlock;FormBlock;FooterBlock","NONE","headline,subheadline,process_steps,services_cards,testimonials_list,form_fields,copyright_text","Fluxo numérico progressivo (Passo 1, 2, 3) bem marcado","Infográfico do processo de 4 passos com conectores visuais","Reduz a ansiedade do cliente mostrando exatamente o que acontece em cada fase.","pilot_eligible"
"TPL-615","25","Personal Trainers e Consultorias Fitness Online","Personal Oferta de Boas-Vindas","tpl-fitness-primeira-visita-especial","Landing Page Direta","Captação de Novos Clientes com Condição Especial","Público que nunca utilizou os serviços da empresa","Garantir Oferta de Boas-Vindas","hero -> benefits -> form -> testimonials -> footer","HeroBlock;BenefitsBlock;FormBlock;TestimonialsBlock;FooterBlock","NONE","headline,subheadline,badge_text,benefits_items,form_fields,testimonials_list,copyright_text","Badge destacado de oferta exclusiva no Hero","Hero com selo de Boas-Vindas e formulário de inscrição direta","Incentiva a experiência inicial através de um incentivo exclusivo para novos clientes.","pilot_eligible"
"TPL-616","25","Personal Trainers e Consultorias Fitness Online","Personal Sales Page VSL Longa","tpl-fitness-vsl-video-sales-page","Sales Page Longa","Conversão via Vídeo de Vendas (VSL) e Pitch Estruturado","Leads de tráfego frio preparados por apresentação em vídeo","Garantir Vaga no Programa","hero_vsl -> benefits -> testimonials -> faq -> footer","BenefitsBlock;TestimonialsBlock;FaqBlock;FooterBlock","HeroVslBlock","headline,video_url,cta_primary_text,benefits_items,testimonials_list,faq_items,copyright_text","Container de vídeo centralizado com foco total na apresentação VSL","Player de vídeo VSL em topo escuro e botão CTA revelado abaixo","Focado em conversão audiovisual para infoprodutos e mentorias de alto valor.","blocked_by_node_registry"
"TPL-617","25","Personal Trainers e Consultorias Fitness Online","Personal Planos & Tabela de Pricing","tpl-fitness-tabela-de-precos-saas","Produto / Demo / Trial","Seleção de Planos Mensais/Anuais e Free Trial","Decisores de compra avaliando pacotes e limites de software","Assinar Plano Selecionado","hero -> pricing_table -> benefits -> faq -> footer","HeroBlock;BenefitsBlock;FaqBlock;FooterBlock","PricingTableBlock","headline,subheadline,pricing_plans,features_comparison,faq_items,copyright_text","Cartões de preços comparativos com alternador Mensal/Anual","Grelha de 3 planos de preços com destaque para o plano recomendado","Transparência total de preços e funcionalidades para SaaS e assinaturas.","blocked_by_node_registry"
"TPL-618","25","Personal Trainers e Consultorias Fitness Online","Personal Mostra de Portfólio & Projetos","tpl-fitness-galeria-portfolio-projetos","Website/Portfólio","Exibição Visual de Projetos Concluídos","Clientes de alto padrão avaliando qualidade estética e acabamento","Solicitar Projeto Semelhante","hero -> gallery_grid -> process -> contact -> footer","HeroBlock;ProcessBlock;ContactBlock;FooterBlock","GalleryGridBlock","headline,subheadline,gallery_images,project_categories,contact_info,copyright_text","Grelha masonry de alta resolução com lightbox interativo","Galeria visual de projetos com filtros por categoria","Demonstra a excelência técnica através do trabalho visualmente concluído.","blocked_by_node_registry"
"TPL-619","25","Personal Trainers e Consultorias Fitness Online","Personal Calculadora Interativa de Cotação","tpl-fitness-simulador-calculadora-cotacao","Landing de Cotação","Estimativa Interativa em Tempo Real pelo Cliente","Clientes que desejam calcular o investimento aproximado","Enviar Resultado da Simulação","hero -> interactive_calculator -> form -> faq -> footer","HeroBlock;FormBlock;FaqBlock;FooterBlock","CalculatorBlock","headline,subheadline,calculator_fields,form_fields,faq_items,copyright_text","Sliders e seletores interativos com valor total calculado em tempo real","Calculadora interativa com controles deslizantes e resultado estimado","Engaja o utilizador permitindo simular o valor exato da sua necessidade.","blocked_by_node_registry"
"TPL-620","25","Personal Trainers e Consultorias Fitness Online","Personal Agendador com Calendário Ao Vivo","tpl-fitness-calendario-agendamento-online","Landing de Marcações","Reserva Direta de Data e Horário em Agenda Integrada","Clientes que preferem selecionar o dia e hora no momento","Confirmar Data e Horário","hero -> booking_calendar -> testimonials -> footer","HeroBlock;TestimonialsBlock;FooterBlock","BookingCalendarBlock","headline,subheadline,available_slots,testimonials_list,copyright_text","Calendário interativo com escolha de horário em tempo real","Widget de calendário mensal com seleção de slots de horário","Elimina trocas de mensagens agendando a reunião/consulta diretamente.","blocked_by_node_registry"
"TPL-621","25","Personal Trainers e Consultorias Fitness Online","Personal Comparativo de Soluções B2B","tpl-fitness-tabela-comparativa-recursos","Produto / Demo / Trial","Demonstração de Superioridade em Relação a Alternativas","Compradores B2B comparando concorrentes e funcionalidades","Escolher a Solução Líder","hero -> comparison_table -> benefits -> form -> footer","HeroBlock;BenefitsBlock;FormBlock;FooterBlock","ComparisonTableBlock","headline,subheadline,comparison_matrix,benefits_items,form_fields,copyright_text","Tabela comparativa com marcas de verificação (checkmarks) e destaques","Tabela comparativa matricial com a empresa destacada na 1ª coluna","Prova a vantagem competitiva de forma transparente através de matriz de recursos.","blocked_by_node_registry"
"TPL-622","25","Personal Trainers e Consultorias Fitness Online","Personal Catálogo Filtrável de Soluções","tpl-fitness-catalogo-com-filtros-avancados","Website/Portfólio","Navegação por Granularidade de Nichos e Equipamentos","Clientes B2B buscando especificações técnicas detalhadas","Solicitar Ficha Técnica e Cotação","hero -> filtered_catalog -> contact -> footer","HeroBlock;ContactBlock;FooterBlock","FilteredCatalogBlock","headline,subheadline,catalog_items,filter_categories,contact_info,copyright_text","Filtros por categoria no topo e cartões com badges técnicos","Barra de filtros de produtos e grelha de resultados organizados","Facilita a busca em inventários extensos de serviços ou equipamentos.","blocked_by_node_registry"
"TPL-623","25","Personal Trainers e Consultorias Fitness Online","Personal Experiência Virtual & Espaço","tpl-fitness-tour-virtual-galeria-360","Captação e Reserva","Apresentação Imersiva de Ambientes e Instalações","Noivas, organizadores de eventos e clientes de imobiliário","Agendar Visita Presencial","hero -> virtual_tour -> testimonials -> form -> footer","HeroBlock;TestimonialsBlock;FormBlock;FooterBlock","VirtualTourBlock","headline,subheadline,embed_tour_url,testimonials_list,form_fields,copyright_text","Visualizador panorâmico imersivo com botões de navegação","Preview de tour virtual 360 com ícone de navegação interativa","Encanta o cliente mostrando o espaço físico em alta definição antes da visita.","blocked_by_node_registry"
"TPL-624","25","Personal Trainers e Consultorias Fitness Online","Personal Linha do Tempo & Tradição","tpl-fitness-linha-do-tempo-historica","Website Institucional","Demonstração de Tradição, Anos de Mercado e Milestones","Grandes contas corporativas buscando estabilidade e tradição","Falar com Nossa Gestão","hero -> timeline_history -> team -> contact -> footer","HeroBlock;TeamBlock;ContactBlock;FooterBlock","TimelineHistoryBlock","headline,subheadline,timeline_events,team_members,contact_info,copyright_text","Linha vertical cronológica com pontos de destaque históricos","Linha do tempo interativa marcando anos e conquistas da empresa","Transmite solidez e confiança comprovando anos de atuação no mercado.","blocked_by_node_registry"
"TPL-625","25","Personal Trainers e Consultorias Fitness Online","Personal Cardápio Interativo & Menus","tpl-fitness-menu-degustacao-cardapio","Captação e Reserva","Apresentação de Opções de Menus e Buffets para Eventos","Organizadores de eventos e noivos escolhendo gastronomia","Solicitar Degustação do Cardápio","hero -> interactive_menu -> testimonials -> form -> footer","HeroBlock;TestimonialsBlock;FormBlock;FooterBlock","InteractiveMenuBlock","headline,subheadline,menu_categories,testimonials_list,form_fields,copyright_text","Abas organizadas por pratos (Entradas, Principais, Sobremesas) com fotos","Cardápio em abas estilizadas com imagens de gastronomia","Estimula o desejo gastronómico apresentando os menus de forma elegante.","blocked_by_node_registry"
"TPL-626","26","Espaços de Eventos e Casamentos / Quintas","Espaços Direct Ads Express","tpl-eventos-ads-captura-rapida","Landing Page Direta","Captura Imediata de Leads Google/Meta Ads","Pacientes/clientes urgentes em busca de atendimento direto","Solicitar Atendimento Imediato","hero -> form -> benefits -> testimonials -> footer","HeroBlock;FormBlock;BenefitsBlock;TestimonialsBlock;FooterBlock","NONE","headline,subheadline,badge_text,form_fields,submit_button_text,benefits_list,testimonials_list,copyright_text","Clean responsivo com destaque para formulário de conversão direta","Renderização do formulário em topo claro e CTA com contraste","Foco exclusivo em conversão de fundo de funil com formulário acima da dobra e sem fuga.","pilot_eligible"
"TPL-627","26","Espaços de Eventos e Casamentos / Quintas","Espaços Agendamento VIP","tpl-eventos-agendamento-consulta-vip","Landing de Marcações","Agendamento Direct de Primeira Consulta","Clientes qualificados procurando atendimento exclusivo","Agendar Consulta VIP","hero -> services -> process -> testimonials -> contact -> footer","HeroBlock;ServicesBlock;ProcessBlock;TestimonialsBlock;ContactBlock;FooterBlock","NONE","headline,subheadline,badge_text,services_cards,process_steps,testimonials_list,contact_info,copyright_text","Tom premium com cartões espaçados e etapas do processo ilustradas","Hero com destaque de especialidades e botão de agendamento em destaque","Apresenta a jornada de atendimento passo a passo para gerar confiança no agendamento.","pilot_eligible"
"TPL-628","26","Espaços de Eventos e Casamentos / Quintas","Espaços Institucional Autoridade","tpl-eventos-institucional-autoridade","Website Institucional","Construção de Autoridade de Marca e Apresentação de Equipa","Clientes corporativos e parceiros estratégicos","Conhecer Soluções da Empresa","hero -> about -> services -> team -> contact -> footer","HeroBlock;AboutBlock;ServicesBlock;TeamBlock;ContactBlock;FooterBlock","NONE","headline,subheadline,story_text,stat_number,stat_label,services_cards,team_members,contact_info,copyright_text","Design corporativo sóbrio com tipografia forte e fotos da equipa","Preview da secção de história e griha de membros da equipa","Posiciona o negócio como líder de mercado através da história e equipa médica/profissional.","pilot_eligible"
"TPL-629","26","Espaços de Eventos e Casamentos / Quintas","Espaços Cotação Express","tpl-eventos-cotacao-progressiva-express","Landing de Cotação","Solicitação de Orçamento com Dados Iniciais","Compradores buscando estimativa rápida de investimento","Pedir Orçamento Gratuito","hero -> benefits -> form -> faq -> footer","HeroBlock;BenefitsBlock;FormBlock;FaqBlock;FooterBlock","NONE","headline,subheadline,benefits_items,form_fields,submit_button_text,faq_items,copyright_text","Foco em clareza de benefícios antes de expor os campos de orçamento","Captura destacando cartões de diferenciais e formulário de orçamento","Elimina objeções de preço respondendo perguntas frequentes antes do pedido de cotação.","pilot_eligible"
"TPL-630","26","Espaços de Eventos e Casamentos / Quintas","Espaços Catálogo de Especialidades","tpl-eventos-procedimentos-especializados","Landing de Serviços","Apresentação Detalhada do Portfólio de Serviços","Público que procura soluções técnicas específicas","Consultar Especialista","hero -> services -> benefits -> process -> form -> footer","HeroBlock;ServicesBlock;BenefitsBlock;ProcessBlock;FormBlock;FooterBlock","NONE","headline,subheadline,services_cards,benefits_items,process_steps,form_fields,copyright_text","Grelha modular de serviços com ícones e marcadores técnicos","Visão geral do catálogo de serviços em grelha 3 colunas","Organiza serviços complexos de forma modular e clara para facilidade de navegação.","pilot_eligible"
"TPL-631","26","Espaços de Eventos e Casamentos / Quintas","Espaços Casos & Prova Social","tpl-eventos-prova-social-intensa","Landing Page Direta","Conversão Baseada em Depoimentos e Prova de Confiança","Clientes indecisos que necessitam de validação de terceiros","Ver Resultados e Agendar","hero -> testimonials -> benefits -> faq -> contact -> footer","HeroBlock;TestimonialsBlock;BenefitsBlock;FaqBlock;ContactBlock;FooterBlock","NONE","headline,subheadline,testimonials_list,benefits_items,faq_items,contact_info,copyright_text","Estilo visual focado em cartões de avaliações com estrelas e avatares","Secção Hero integrada com avaliações 5 estrelas em destaque","Utiliza o gatilho da prova social em posição de destaque máximo para quebrar desconfiança.","pilot_eligible"
"TPL-632","26","Espaços de Eventos e Casamentos / Quintas","Espaços Diagnóstico Gratuito","tpl-eventos-diagnostico-inicial-gratuito","Landing Page Direta","Captação de Leads via Oferta de Diagnóstico sem Custo","Clientes em fase de descoberta que procuram avaliação inicial","Solicitar Diagnóstico sem Custo","hero -> process -> benefits -> form -> footer","HeroBlock;ProcessBlock;BenefitsBlock;FormBlock;FooterBlock","NONE","headline,subheadline,process_steps,benefits_items,form_fields,copyright_text","Cores de alta energia e badges explicativos do diagnóstico","Hero com badge de Diagnóstico Gratuito e formulário em destaque","Reduz a barreira de entrada oferecendo uma avaliação sem compromisso financeiro.","pilot_eligible"
"TPL-633","26","Espaços de Eventos e Casamentos / Quintas","Espaços Plantão & Atendimento Rápido","tpl-eventos-atendimento-urgencia-24h","Landing Page Direta","Conversão Urgente para Casos Imediatos","Público com necessidade urgente ou atendimento emergencial","Falar com Atendimento Rápido","hero -> contact -> services -> faq -> footer","HeroBlock;ContactBlock;ServicesBlock;FaqBlock;FooterBlock","NONE","headline,subheadline,phone,email,address,services_cards,faq_items,copyright_text","Layout de alta visibilidade com botão telefónico/WhatsApp de destaque imediato","Hero com botões de contacto direto e mapa de localização rápida","Focado em resolução imediata com telefone e mapa acessíveis sem rolagem.","pilot_eligible"
"TPL-634","26","Espaços de Eventos e Casamentos / Quintas","Espaços Guia de Esclarecimento & FAQ","tpl-eventos-duvidas-e-faq-interativo","Landing Educacional","Captação via Esclarecimento de Dúvidas Técnicas","Clientes que pesquisam objeções antes de contratar","Tirar Minha Dúvida com Especialista","hero -> faq -> benefits -> form -> footer","HeroBlock;FaqBlock;BenefitsBlock;FormBlock;FooterBlock","NONE","headline,subheadline,faq_items,benefits_items,form_fields,copyright_text","Accordion limpo com boa legibilidade e tipografia contrastante","Secção de perguntas frequentes em destaque com busca visual","Resolve objeções complexas antecipadamente para converter tráfego qualificado.","pilot_eligible"
"TPL-635","26","Espaços de Eventos e Casamentos / Quintas","Espaços Equipa & Corpo Clínico/Técnico","tpl-eventos-equipa-e-corpo-tecnico","Website Institucional","Apresentação de Credenciais e Especialistas","Clientes que escolhem profissionais por currículo e autoridade","Marcar com Nossos Especialistas","hero -> team -> about -> services -> contact -> footer","HeroBlock;TeamBlock;AboutBlock;ServicesBlock;ContactBlock;FooterBlock","NONE","headline,subheadline,team_members,story_text,services_cards,contact_info,copyright_text","Grelha elegante de perfis profissionais com bios detalhadas","Cartões de equipa com fotos profissionais e bios curtas","Foco no fator humano e nas credenciais individuais da equipa para passar segurança.","pilot_eligible"
"TPL-636","26","Espaços de Eventos e Casamentos / Quintas","Espaços Unidades & Mapa Local","tpl-eventos-localizacao-e-unidades","Landing Local","Atração de Clientes Locais por Proximidade Geográfica","Moradores/empresas da região geográfica de atendimento","Ver Rota e Agendar Visita","hero -> contact -> services -> testimonials -> footer","HeroBlock;ContactBlock;ServicesBlock;TestimonialsBlock;FooterBlock","NONE","headline,subheadline,google_maps_url,address,phone,services_cards,testimonials_list,copyright_text","Destaque visual para o mapa interativo e informações de endereço","Secção de contacto com mapa integrado e horários de funcionamento","Foco total em busca local e facilidade de localização geográfica.","pilot_eligible"
"TPL-637","26","Espaços de Eventos e Casamentos / Quintas","Espaços Apresentação de Pacotes","tpl-eventos-pacotes-e-condicoes","Landing de Vendas","Conversão para Pacotes Estruturados de Serviços","Clientes interessados em combos e condições especiais","Escolher Meu Pacote","hero -> services -> benefits -> form -> faq -> footer","HeroBlock;ServicesBlock;BenefitsBlock;FormBlock;FaqBlock;FooterBlock","NONE","headline,subheadline,services_cards,benefits_items,form_fields,faq_items,copyright_text","Grelha de pacotes com marcadores visuais do mais popular","Grelha de serviços formatada como cartões de pacotes","Facilita a decisão de compra agrupando serviços em ofertas claras.","pilot_eligible"
"TPL-638","26","Espaços de Eventos e Casamentos / Quintas","Espaços Nossa História & Propósito","tpl-eventos-historia-e-proposito","Website Institucional","Conexão Emocional e Alinhamento de Valores","Clientes que valorizam a missão e reputação da empresa","Fazer Parte da Nossa História","hero -> about -> process -> team -> contact -> footer","HeroBlock;AboutBlock;ProcessBlock;TeamBlock;ContactBlock;FooterBlock","NONE","headline,subheadline,story_text,stat_number,stat_label,process_steps,team_members,contact_info,copyright_text","Narrativa em linha do tempo com fotografias institucionais","Secção About com bloco de estatísticas e imagens de bastidores","Constrói lealdade de longo prazo mostrando a trajetória e propósito do negócio.","pilot_eligible"
"TPL-639","26","Espaços de Eventos e Casamentos / Quintas","Espaços Jornada do Cliente","tpl-eventos-solucao-passo-a-passo","Landing Educacional","Desmistificar o Processo de Prestação do Serviço","Clientes receosos quanto à complexidade do serviço","Iniciar Minha Jornada","hero -> process -> services -> testimonials -> form -> footer","HeroBlock;ProcessBlock;ServicesBlock;TestimonialsBlock;FormBlock;FooterBlock","NONE","headline,subheadline,process_steps,services_cards,testimonials_list,form_fields,copyright_text","Fluxo numérico progressivo (Passo 1, 2, 3) bem marcado","Infográfico do processo de 4 passos com conectores visuais","Reduz a ansiedade do cliente mostrando exatamente o que acontece em cada fase.","pilot_eligible"
"TPL-640","26","Espaços de Eventos e Casamentos / Quintas","Espaços Oferta de Boas-Vindas","tpl-eventos-primeira-visita-especial","Landing Page Direta","Captação de Novos Clientes com Condição Especial","Público que nunca utilizou os serviços da empresa","Garantir Oferta de Boas-Vindas","hero -> benefits -> form -> testimonials -> footer","HeroBlock;BenefitsBlock;FormBlock;TestimonialsBlock;FooterBlock","NONE","headline,subheadline,badge_text,benefits_items,form_fields,testimonials_list,copyright_text","Badge destacado de oferta exclusiva no Hero","Hero com selo de Boas-Vindas e formulário de inscrição direta","Incentiva a experiência inicial através de um incentivo exclusivo para novos clientes.","pilot_eligible"
"TPL-641","26","Espaços de Eventos e Casamentos / Quintas","Espaços Sales Page VSL Longa","tpl-eventos-vsl-video-sales-page","Sales Page Longa","Conversão via Vídeo de Vendas (VSL) e Pitch Estruturado","Leads de tráfego frio preparados por apresentação em vídeo","Garantir Vaga no Programa","hero_vsl -> benefits -> testimonials -> faq -> footer","BenefitsBlock;TestimonialsBlock;FaqBlock;FooterBlock","HeroVslBlock","headline,video_url,cta_primary_text,benefits_items,testimonials_list,faq_items,copyright_text","Container de vídeo centralizado com foco total na apresentação VSL","Player de vídeo VSL em topo escuro e botão CTA revelado abaixo","Focado em conversão audiovisual para infoprodutos e mentorias de alto valor.","blocked_by_node_registry"
"TPL-642","26","Espaços de Eventos e Casamentos / Quintas","Espaços Planos & Tabela de Pricing","tpl-eventos-tabela-de-precos-saas","Produto / Demo / Trial","Seleção de Planos Mensais/Anuais e Free Trial","Decisores de compra avaliando pacotes e limites de software","Assinar Plano Selecionado","hero -> pricing_table -> benefits -> faq -> footer","HeroBlock;BenefitsBlock;FaqBlock;FooterBlock","PricingTableBlock","headline,subheadline,pricing_plans,features_comparison,faq_items,copyright_text","Cartões de preços comparativos com alternador Mensal/Anual","Grelha de 3 planos de preços com destaque para o plano recomendado","Transparência total de preços e funcionalidades para SaaS e assinaturas.","blocked_by_node_registry"
"TPL-643","26","Espaços de Eventos e Casamentos / Quintas","Espaços Mostra de Portfólio & Projetos","tpl-eventos-galeria-portfolio-projetos","Website/Portfólio","Exibição Visual de Projetos Concluídos","Clientes de alto padrão avaliando qualidade estética e acabamento","Solicitar Projeto Semelhante","hero -> gallery_grid -> process -> contact -> footer","HeroBlock;ProcessBlock;ContactBlock;FooterBlock","GalleryGridBlock","headline,subheadline,gallery_images,project_categories,contact_info,copyright_text","Grelha masonry de alta resolução com lightbox interativo","Galeria visual de projetos com filtros por categoria","Demonstra a excelência técnica através do trabalho visualmente concluído.","blocked_by_node_registry"
"TPL-644","26","Espaços de Eventos e Casamentos / Quintas","Espaços Calculadora Interativa de Cotação","tpl-eventos-simulador-calculadora-cotacao","Landing de Cotação","Estimativa Interativa em Tempo Real pelo Cliente","Clientes que desejam calcular o investimento aproximado","Enviar Resultado da Simulação","hero -> interactive_calculator -> form -> faq -> footer","HeroBlock;FormBlock;FaqBlock;FooterBlock","CalculatorBlock","headline,subheadline,calculator_fields,form_fields,faq_items,copyright_text","Sliders e seletores interativos com valor total calculado em tempo real","Calculadora interativa com controles deslizantes e resultado estimado","Engaja o utilizador permitindo simular o valor exato da sua necessidade.","blocked_by_node_registry"
"TPL-645","26","Espaços de Eventos e Casamentos / Quintas","Espaços Agendador com Calendário Ao Vivo","tpl-eventos-calendario-agendamento-online","Landing de Marcações","Reserva Direta de Data e Horário em Agenda Integrada","Clientes que preferem selecionar o dia e hora no momento","Confirmar Data e Horário","hero -> booking_calendar -> testimonials -> footer","HeroBlock;TestimonialsBlock;FooterBlock","BookingCalendarBlock","headline,subheadline,available_slots,testimonials_list,copyright_text","Calendário interativo com escolha de horário em tempo real","Widget de calendário mensal com seleção de slots de horário","Elimina trocas de mensagens agendando a reunião/consulta diretamente.","blocked_by_node_registry"
"TPL-646","26","Espaços de Eventos e Casamentos / Quintas","Espaços Comparativo de Soluções B2B","tpl-eventos-tabela-comparativa-recursos","Produto / Demo / Trial","Demonstração de Superioridade em Relação a Alternativas","Compradores B2B comparando concorrentes e funcionalidades","Escolher a Solução Líder","hero -> comparison_table -> benefits -> form -> footer","HeroBlock;BenefitsBlock;FormBlock;FooterBlock","ComparisonTableBlock","headline,subheadline,comparison_matrix,benefits_items,form_fields,copyright_text","Tabela comparativa com marcas de verificação (checkmarks) e destaques","Tabela comparativa matricial com a empresa destacada na 1ª coluna","Prova a vantagem competitiva de forma transparente através de matriz de recursos.","blocked_by_node_registry"
"TPL-647","26","Espaços de Eventos e Casamentos / Quintas","Espaços Catálogo Filtrável de Soluções","tpl-eventos-catalogo-com-filtros-avancados","Website/Portfólio","Navegação por Granularidade de Nichos e Equipamentos","Clientes B2B buscando especificações técnicas detalhadas","Solicitar Ficha Técnica e Cotação","hero -> filtered_catalog -> contact -> footer","HeroBlock;ContactBlock;FooterBlock","FilteredCatalogBlock","headline,subheadline,catalog_items,filter_categories,contact_info,copyright_text","Filtros por categoria no topo e cartões com badges técnicos","Barra de filtros de produtos e grelha de resultados organizados","Facilita a busca em inventários extensos de serviços ou equipamentos.","blocked_by_node_registry"
"TPL-648","26","Espaços de Eventos e Casamentos / Quintas","Espaços Experiência Virtual & Espaço","tpl-eventos-tour-virtual-galeria-360","Captação e Reserva","Apresentação Imersiva de Ambientes e Instalações","Noivas, organizadores de eventos e clientes de imobiliário","Agendar Visita Presencial","hero -> virtual_tour -> testimonials -> form -> footer","HeroBlock;TestimonialsBlock;FormBlock;FooterBlock","VirtualTourBlock","headline,subheadline,embed_tour_url,testimonials_list,form_fields,copyright_text","Visualizador panorâmico imersivo com botões de navegação","Preview de tour virtual 360 com ícone de navegação interativa","Encanta o cliente mostrando o espaço físico em alta definição antes da visita.","blocked_by_node_registry"
"TPL-649","26","Espaços de Eventos e Casamentos / Quintas","Espaços Linha do Tempo & Tradição","tpl-eventos-linha-do-tempo-historica","Website Institucional","Demonstração de Tradição, Anos de Mercado e Milestones","Grandes contas corporativas buscando estabilidade e tradição","Falar com Nossa Gestão","hero -> timeline_history -> team -> contact -> footer","HeroBlock;TeamBlock;ContactBlock;FooterBlock","TimelineHistoryBlock","headline,subheadline,timeline_events,team_members,contact_info,copyright_text","Linha vertical cronológica com pontos de destaque históricos","Linha do tempo interativa marcando anos e conquistas da empresa","Transmite solidez e confiança comprovando anos de atuação no mercado.","blocked_by_node_registry"
"TPL-650","26","Espaços de Eventos e Casamentos / Quintas","Espaços Cardápio Interativo & Menus","tpl-eventos-menu-degustacao-cardapio","Captação e Reserva","Apresentação de Opções de Menus e Buffets para Eventos","Organizadores de eventos e noivos escolhendo gastronomia","Solicitar Degustação do Cardápio","hero -> interactive_menu -> testimonials -> form -> footer","HeroBlock;TestimonialsBlock;FormBlock;FooterBlock","InteractiveMenuBlock","headline,subheadline,menu_categories,testimonials_list,form_fields,copyright_text","Abas organizadas por pratos (Entradas, Principais, Sobremesas) com fotos","Cardápio em abas estilizadas com imagens de gastronomia","Estimula o desejo gastronómico apresentando os menus de forma elegante.","blocked_by_node_registry"
"TPL-651","27","Fotografia e Produção Audiovisual","Fotografia Direct Ads Express","tpl-foto-ads-captura-rapida","Landing Page Direta","Captura Imediata de Leads Google/Meta Ads","Pacientes/clientes urgentes em busca de atendimento direto","Solicitar Atendimento Imediato","hero -> form -> benefits -> testimonials -> footer","HeroBlock;FormBlock;BenefitsBlock;TestimonialsBlock;FooterBlock","NONE","headline,subheadline,badge_text,form_fields,submit_button_text,benefits_list,testimonials_list,copyright_text","Clean responsivo com destaque para formulário de conversão direta","Renderização do formulário em topo claro e CTA com contraste","Foco exclusivo em conversão de fundo de funil com formulário acima da dobra e sem fuga.","pilot_eligible"
"TPL-652","27","Fotografia e Produção Audiovisual","Fotografia Agendamento VIP","tpl-foto-agendamento-consulta-vip","Landing de Marcações","Agendamento Direct de Primeira Consulta","Clientes qualificados procurando atendimento exclusivo","Agendar Consulta VIP","hero -> services -> process -> testimonials -> contact -> footer","HeroBlock;ServicesBlock;ProcessBlock;TestimonialsBlock;ContactBlock;FooterBlock","NONE","headline,subheadline,badge_text,services_cards,process_steps,testimonials_list,contact_info,copyright_text","Tom premium com cartões espaçados e etapas do processo ilustradas","Hero com destaque de especialidades e botão de agendamento em destaque","Apresenta a jornada de atendimento passo a passo para gerar confiança no agendamento.","pilot_eligible"
"TPL-653","27","Fotografia e Produção Audiovisual","Fotografia Institucional Autoridade","tpl-foto-institucional-autoridade","Website Institucional","Construção de Autoridade de Marca e Apresentação de Equipa","Clientes corporativos e parceiros estratégicos","Conhecer Soluções da Empresa","hero -> about -> services -> team -> contact -> footer","HeroBlock;AboutBlock;ServicesBlock;TeamBlock;ContactBlock;FooterBlock","NONE","headline,subheadline,story_text,stat_number,stat_label,services_cards,team_members,contact_info,copyright_text","Design corporativo sóbrio com tipografia forte e fotos da equipa","Preview da secção de história e griha de membros da equipa","Posiciona o negócio como líder de mercado através da história e equipa médica/profissional.","pilot_eligible"
"TPL-654","27","Fotografia e Produção Audiovisual","Fotografia Cotação Express","tpl-foto-cotacao-progressiva-express","Landing de Cotação","Solicitação de Orçamento com Dados Iniciais","Compradores buscando estimativa rápida de investimento","Pedir Orçamento Gratuito","hero -> benefits -> form -> faq -> footer","HeroBlock;BenefitsBlock;FormBlock;FaqBlock;FooterBlock","NONE","headline,subheadline,benefits_items,form_fields,submit_button_text,faq_items,copyright_text","Foco em clareza de benefícios antes de expor os campos de orçamento","Captura destacando cartões de diferenciais e formulário de orçamento","Elimina objeções de preço respondendo perguntas frequentes antes do pedido de cotação.","pilot_eligible"
"TPL-655","27","Fotografia e Produção Audiovisual","Fotografia Catálogo de Especialidades","tpl-foto-procedimentos-especializados","Landing de Serviços","Apresentação Detalhada do Portfólio de Serviços","Público que procura soluções técnicas específicas","Consultar Especialista","hero -> services -> benefits -> process -> form -> footer","HeroBlock;ServicesBlock;BenefitsBlock;ProcessBlock;FormBlock;FooterBlock","NONE","headline,subheadline,services_cards,benefits_items,process_steps,form_fields,copyright_text","Grelha modular de serviços com ícones e marcadores técnicos","Visão geral do catálogo de serviços em grelha 3 colunas","Organiza serviços complexos de forma modular e clara para facilidade de navegação.","pilot_eligible"
"TPL-656","27","Fotografia e Produção Audiovisual","Fotografia Casos & Prova Social","tpl-foto-prova-social-intensa","Landing Page Direta","Conversão Baseada em Depoimentos e Prova de Confiança","Clientes indecisos que necessitam de validação de terceiros","Ver Resultados e Agendar","hero -> testimonials -> benefits -> faq -> contact -> footer","HeroBlock;TestimonialsBlock;BenefitsBlock;FaqBlock;ContactBlock;FooterBlock","NONE","headline,subheadline,testimonials_list,benefits_items,faq_items,contact_info,copyright_text","Estilo visual focado em cartões de avaliações com estrelas e avatares","Secção Hero integrada com avaliações 5 estrelas em destaque","Utiliza o gatilho da prova social em posição de destaque máximo para quebrar desconfiança.","pilot_eligible"
"TPL-657","27","Fotografia e Produção Audiovisual","Fotografia Diagnóstico Gratuito","tpl-foto-diagnostico-inicial-gratuito","Landing Page Direta","Captação de Leads via Oferta de Diagnóstico sem Custo","Clientes em fase de descoberta que procuram avaliação inicial","Solicitar Diagnóstico sem Custo","hero -> process -> benefits -> form -> footer","HeroBlock;ProcessBlock;BenefitsBlock;FormBlock;FooterBlock","NONE","headline,subheadline,process_steps,benefits_items,form_fields,copyright_text","Cores de alta energia e badges explicativos do diagnóstico","Hero com badge de Diagnóstico Gratuito e formulário em destaque","Reduz a barreira de entrada oferecendo uma avaliação sem compromisso financeiro.","pilot_eligible"
"TPL-658","27","Fotografia e Produção Audiovisual","Fotografia Plantão & Atendimento Rápido","tpl-foto-atendimento-urgencia-24h","Landing Page Direta","Conversão Urgente para Casos Imediatos","Público com necessidade urgente ou atendimento emergencial","Falar com Atendimento Rápido","hero -> contact -> services -> faq -> footer","HeroBlock;ContactBlock;ServicesBlock;FaqBlock;FooterBlock","NONE","headline,subheadline,phone,email,address,services_cards,faq_items,copyright_text","Layout de alta visibilidade com botão telefónico/WhatsApp de destaque imediato","Hero com botões de contacto direto e mapa de localização rápida","Focado em resolução imediata com telefone e mapa acessíveis sem rolagem.","pilot_eligible"
"TPL-659","27","Fotografia e Produção Audiovisual","Fotografia Guia de Esclarecimento & FAQ","tpl-foto-duvidas-e-faq-interativo","Landing Educacional","Captação via Esclarecimento de Dúvidas Técnicas","Clientes que pesquisam objeções antes de contratar","Tirar Minha Dúvida com Especialista","hero -> faq -> benefits -> form -> footer","HeroBlock;FaqBlock;BenefitsBlock;FormBlock;FooterBlock","NONE","headline,subheadline,faq_items,benefits_items,form_fields,copyright_text","Accordion limpo com boa legibilidade e tipografia contrastante","Secção de perguntas frequentes em destaque com busca visual","Resolve objeções complexas antecipadamente para converter tráfego qualificado.","pilot_eligible"
"TPL-660","27","Fotografia e Produção Audiovisual","Fotografia Equipa & Corpo Clínico/Técnico","tpl-foto-equipa-e-corpo-tecnico","Website Institucional","Apresentação de Credenciais e Especialistas","Clientes que escolhem profissionais por currículo e autoridade","Marcar com Nossos Especialistas","hero -> team -> about -> services -> contact -> footer","HeroBlock;TeamBlock;AboutBlock;ServicesBlock;ContactBlock;FooterBlock","NONE","headline,subheadline,team_members,story_text,services_cards,contact_info,copyright_text","Grelha elegante de perfis profissionais com bios detalhadas","Cartões de equipa com fotos profissionais e bios curtas","Foco no fator humano e nas credenciais individuais da equipa para passar segurança.","pilot_eligible"
"TPL-661","27","Fotografia e Produção Audiovisual","Fotografia Unidades & Mapa Local","tpl-foto-localizacao-e-unidades","Landing Local","Atração de Clientes Locais por Proximidade Geográfica","Moradores/empresas da região geográfica de atendimento","Ver Rota e Agendar Visita","hero -> contact -> services -> testimonials -> footer","HeroBlock;ContactBlock;ServicesBlock;TestimonialsBlock;FooterBlock","NONE","headline,subheadline,google_maps_url,address,phone,services_cards,testimonials_list,copyright_text","Destaque visual para o mapa interativo e informações de endereço","Secção de contacto com mapa integrado e horários de funcionamento","Foco total em busca local e facilidade de localização geográfica.","pilot_eligible"
"TPL-662","27","Fotografia e Produção Audiovisual","Fotografia Apresentação de Pacotes","tpl-foto-pacotes-e-condicoes","Landing de Vendas","Conversão para Pacotes Estruturados de Serviços","Clientes interessados em combos e condições especiais","Escolher Meu Pacote","hero -> services -> benefits -> form -> faq -> footer","HeroBlock;ServicesBlock;BenefitsBlock;FormBlock;FaqBlock;FooterBlock","NONE","headline,subheadline,services_cards,benefits_items,form_fields,faq_items,copyright_text","Grelha de pacotes com marcadores visuais do mais popular","Grelha de serviços formatada como cartões de pacotes","Facilita a decisão de compra agrupando serviços em ofertas claras.","pilot_eligible"
"TPL-663","27","Fotografia e Produção Audiovisual","Fotografia Nossa História & Propósito","tpl-foto-historia-e-proposito","Website Institucional","Conexão Emocional e Alinhamento de Valores","Clientes que valorizam a missão e reputação da empresa","Fazer Parte da Nossa História","hero -> about -> process -> team -> contact -> footer","HeroBlock;AboutBlock;ProcessBlock;TeamBlock;ContactBlock;FooterBlock","NONE","headline,subheadline,story_text,stat_number,stat_label,process_steps,team_members,contact_info,copyright_text","Narrativa em linha do tempo com fotografias institucionais","Secção About com bloco de estatísticas e imagens de bastidores","Constrói lealdade de longo prazo mostrando a trajetória e propósito do negócio.","pilot_eligible"
"TPL-664","27","Fotografia e Produção Audiovisual","Fotografia Jornada do Cliente","tpl-foto-solucao-passo-a-passo","Landing Educacional","Desmistificar o Processo de Prestação do Serviço","Clientes receosos quanto à complexidade do serviço","Iniciar Minha Jornada","hero -> process -> services -> testimonials -> form -> footer","HeroBlock;ProcessBlock;ServicesBlock;TestimonialsBlock;FormBlock;FooterBlock","NONE","headline,subheadline,process_steps,services_cards,testimonials_list,form_fields,copyright_text","Fluxo numérico progressivo (Passo 1, 2, 3) bem marcado","Infográfico do processo de 4 passos com conectores visuais","Reduz a ansiedade do cliente mostrando exatamente o que acontece em cada fase.","pilot_eligible"
"TPL-665","27","Fotografia e Produção Audiovisual","Fotografia Oferta de Boas-Vindas","tpl-foto-primeira-visita-especial","Landing Page Direta","Captação de Novos Clientes com Condição Especial","Público que nunca utilizou os serviços da empresa","Garantir Oferta de Boas-Vindas","hero -> benefits -> form -> testimonials -> footer","HeroBlock;BenefitsBlock;FormBlock;TestimonialsBlock;FooterBlock","NONE","headline,subheadline,badge_text,benefits_items,form_fields,testimonials_list,copyright_text","Badge destacado de oferta exclusiva no Hero","Hero com selo de Boas-Vindas e formulário de inscrição direta","Incentiva a experiência inicial através de um incentivo exclusivo para novos clientes.","pilot_eligible"
"TPL-666","27","Fotografia e Produção Audiovisual","Fotografia Sales Page VSL Longa","tpl-foto-vsl-video-sales-page","Sales Page Longa","Conversão via Vídeo de Vendas (VSL) e Pitch Estruturado","Leads de tráfego frio preparados por apresentação em vídeo","Garantir Vaga no Programa","hero_vsl -> benefits -> testimonials -> faq -> footer","BenefitsBlock;TestimonialsBlock;FaqBlock;FooterBlock","HeroVslBlock","headline,video_url,cta_primary_text,benefits_items,testimonials_list,faq_items,copyright_text","Container de vídeo centralizado com foco total na apresentação VSL","Player de vídeo VSL em topo escuro e botão CTA revelado abaixo","Focado em conversão audiovisual para infoprodutos e mentorias de alto valor.","blocked_by_node_registry"
"TPL-667","27","Fotografia e Produção Audiovisual","Fotografia Planos & Tabela de Pricing","tpl-foto-tabela-de-precos-saas","Produto / Demo / Trial","Seleção de Planos Mensais/Anuais e Free Trial","Decisores de compra avaliando pacotes e limites de software","Assinar Plano Selecionado","hero -> pricing_table -> benefits -> faq -> footer","HeroBlock;BenefitsBlock;FaqBlock;FooterBlock","PricingTableBlock","headline,subheadline,pricing_plans,features_comparison,faq_items,copyright_text","Cartões de preços comparativos com alternador Mensal/Anual","Grelha de 3 planos de preços com destaque para o plano recomendado","Transparência total de preços e funcionalidades para SaaS e assinaturas.","blocked_by_node_registry"
"TPL-668","27","Fotografia e Produção Audiovisual","Fotografia Mostra de Portfólio & Projetos","tpl-foto-galeria-portfolio-projetos","Website/Portfólio","Exibição Visual de Projetos Concluídos","Clientes de alto padrão avaliando qualidade estética e acabamento","Solicitar Projeto Semelhante","hero -> gallery_grid -> process -> contact -> footer","HeroBlock;ProcessBlock;ContactBlock;FooterBlock","GalleryGridBlock","headline,subheadline,gallery_images,project_categories,contact_info,copyright_text","Grelha masonry de alta resolução com lightbox interativo","Galeria visual de projetos com filtros por categoria","Demonstra a excelência técnica através do trabalho visualmente concluído.","blocked_by_node_registry"
"TPL-669","27","Fotografia e Produção Audiovisual","Fotografia Calculadora Interativa de Cotação","tpl-foto-simulador-calculadora-cotacao","Landing de Cotação","Estimativa Interativa em Tempo Real pelo Cliente","Clientes que desejam calcular o investimento aproximado","Enviar Resultado da Simulação","hero -> interactive_calculator -> form -> faq -> footer","HeroBlock;FormBlock;FaqBlock;FooterBlock","CalculatorBlock","headline,subheadline,calculator_fields,form_fields,faq_items,copyright_text","Sliders e seletores interativos com valor total calculado em tempo real","Calculadora interativa com controles deslizantes e resultado estimado","Engaja o utilizador permitindo simular o valor exato da sua necessidade.","blocked_by_node_registry"
"TPL-670","27","Fotografia e Produção Audiovisual","Fotografia Agendador com Calendário Ao Vivo","tpl-foto-calendario-agendamento-online","Landing de Marcações","Reserva Direta de Data e Horário em Agenda Integrada","Clientes que preferem selecionar o dia e hora no momento","Confirmar Data e Horário","hero -> booking_calendar -> testimonials -> footer","HeroBlock;TestimonialsBlock;FooterBlock","BookingCalendarBlock","headline,subheadline,available_slots,testimonials_list,copyright_text","Calendário interativo com escolha de horário em tempo real","Widget de calendário mensal com seleção de slots de horário","Elimina trocas de mensagens agendando a reunião/consulta diretamente.","blocked_by_node_registry"
"TPL-671","27","Fotografia e Produção Audiovisual","Fotografia Comparativo de Soluções B2B","tpl-foto-tabela-comparativa-recursos","Produto / Demo / Trial","Demonstração de Superioridade em Relação a Alternativas","Compradores B2B comparando concorrentes e funcionalidades","Escolher a Solução Líder","hero -> comparison_table -> benefits -> form -> footer","HeroBlock;BenefitsBlock;FormBlock;FooterBlock","ComparisonTableBlock","headline,subheadline,comparison_matrix,benefits_items,form_fields,copyright_text","Tabela comparativa com marcas de verificação (checkmarks) e destaques","Tabela comparativa matricial com a empresa destacada na 1ª coluna","Prova a vantagem competitiva de forma transparente através de matriz de recursos.","blocked_by_node_registry"
"TPL-672","27","Fotografia e Produção Audiovisual","Fotografia Catálogo Filtrável de Soluções","tpl-foto-catalogo-com-filtros-avancados","Website/Portfólio","Navegação por Granularidade de Nichos e Equipamentos","Clientes B2B buscando especificações técnicas detalhadas","Solicitar Ficha Técnica e Cotação","hero -> filtered_catalog -> contact -> footer","HeroBlock;ContactBlock;FooterBlock","FilteredCatalogBlock","headline,subheadline,catalog_items,filter_categories,contact_info,copyright_text","Filtros por categoria no topo e cartões com badges técnicos","Barra de filtros de produtos e grelha de resultados organizados","Facilita a busca em inventários extensos de serviços ou equipamentos.","blocked_by_node_registry"
"TPL-673","27","Fotografia e Produção Audiovisual","Fotografia Experiência Virtual & Espaço","tpl-foto-tour-virtual-galeria-360","Captação e Reserva","Apresentação Imersiva de Ambientes e Instalações","Noivas, organizadores de eventos e clientes de imobiliário","Agendar Visita Presencial","hero -> virtual_tour -> testimonials -> form -> footer","HeroBlock;TestimonialsBlock;FormBlock;FooterBlock","VirtualTourBlock","headline,subheadline,embed_tour_url,testimonials_list,form_fields,copyright_text","Visualizador panorâmico imersivo com botões de navegação","Preview de tour virtual 360 com ícone de navegação interativa","Encanta o cliente mostrando o espaço físico em alta definição antes da visita.","blocked_by_node_registry"
"TPL-674","27","Fotografia e Produção Audiovisual","Fotografia Linha do Tempo & Tradição","tpl-foto-linha-do-tempo-historica","Website Institucional","Demonstração de Tradição, Anos de Mercado e Milestones","Grandes contas corporativas buscando estabilidade e tradição","Falar com Nossa Gestão","hero -> timeline_history -> team -> contact -> footer","HeroBlock;TeamBlock;ContactBlock;FooterBlock","TimelineHistoryBlock","headline,subheadline,timeline_events,team_members,contact_info,copyright_text","Linha vertical cronológica com pontos de destaque históricos","Linha do tempo interativa marcando anos e conquistas da empresa","Transmite solidez e confiança comprovando anos de atuação no mercado.","blocked_by_node_registry"
"TPL-675","27","Fotografia e Produção Audiovisual","Fotografia Cardápio Interativo & Menus","tpl-foto-menu-degustacao-cardapio","Captação e Reserva","Apresentação de Opções de Menus e Buffets para Eventos","Organizadores de eventos e noivos escolhendo gastronomia","Solicitar Degustação do Cardápio","hero -> interactive_menu -> testimonials -> form -> footer","HeroBlock;TestimonialsBlock;FormBlock;FooterBlock","InteractiveMenuBlock","headline,subheadline,menu_categories,testimonials_list,form_fields,copyright_text","Abas organizadas por pratos (Entradas, Principais, Sobremesas) com fotos","Cardápio em abas estilizadas com imagens de gastronomia","Estimula o desejo gastronómico apresentando os menus de forma elegante.","blocked_by_node_registry"
"TPL-676","28","Catering e Buffet para Festas","Catering Direct Ads Express","tpl-buffet-ads-captura-rapida","Landing Page Direta","Captura Imediata de Leads Google/Meta Ads","Pacientes/clientes urgentes em busca de atendimento direto","Solicitar Atendimento Imediato","hero -> form -> benefits -> testimonials -> footer","HeroBlock;FormBlock;BenefitsBlock;TestimonialsBlock;FooterBlock","NONE","headline,subheadline,badge_text,form_fields,submit_button_text,benefits_list,testimonials_list,copyright_text","Clean responsivo com destaque para formulário de conversão direta","Renderização do formulário em topo claro e CTA com contraste","Foco exclusivo em conversão de fundo de funil com formulário acima da dobra e sem fuga.","pilot_eligible"
"TPL-677","28","Catering e Buffet para Festas","Catering Agendamento VIP","tpl-buffet-agendamento-consulta-vip","Landing de Marcações","Agendamento Direct de Primeira Consulta","Clientes qualificados procurando atendimento exclusivo","Agendar Consulta VIP","hero -> services -> process -> testimonials -> contact -> footer","HeroBlock;ServicesBlock;ProcessBlock;TestimonialsBlock;ContactBlock;FooterBlock","NONE","headline,subheadline,badge_text,services_cards,process_steps,testimonials_list,contact_info,copyright_text","Tom premium com cartões espaçados e etapas do processo ilustradas","Hero com destaque de especialidades e botão de agendamento em destaque","Apresenta a jornada de atendimento passo a passo para gerar confiança no agendamento.","pilot_eligible"
"TPL-678","28","Catering e Buffet para Festas","Catering Institucional Autoridade","tpl-buffet-institucional-autoridade","Website Institucional","Construção de Autoridade de Marca e Apresentação de Equipa","Clientes corporativos e parceiros estratégicos","Conhecer Soluções da Empresa","hero -> about -> services -> team -> contact -> footer","HeroBlock;AboutBlock;ServicesBlock;TeamBlock;ContactBlock;FooterBlock","NONE","headline,subheadline,story_text,stat_number,stat_label,services_cards,team_members,contact_info,copyright_text","Design corporativo sóbrio com tipografia forte e fotos da equipa","Preview da secção de história e griha de membros da equipa","Posiciona o negócio como líder de mercado através da história e equipa médica/profissional.","pilot_eligible"
"TPL-679","28","Catering e Buffet para Festas","Catering Cotação Express","tpl-buffet-cotacao-progressiva-express","Landing de Cotação","Solicitação de Orçamento com Dados Iniciais","Compradores buscando estimativa rápida de investimento","Pedir Orçamento Gratuito","hero -> benefits -> form -> faq -> footer","HeroBlock;BenefitsBlock;FormBlock;FaqBlock;FooterBlock","NONE","headline,subheadline,benefits_items,form_fields,submit_button_text,faq_items,copyright_text","Foco em clareza de benefícios antes de expor os campos de orçamento","Captura destacando cartões de diferenciais e formulário de orçamento","Elimina objeções de preço respondendo perguntas frequentes antes do pedido de cotação.","pilot_eligible"
"TPL-680","28","Catering e Buffet para Festas","Catering Catálogo de Especialidades","tpl-buffet-procedimentos-especializados","Landing de Serviços","Apresentação Detalhada do Portfólio de Serviços","Público que procura soluções técnicas específicas","Consultar Especialista","hero -> services -> benefits -> process -> form -> footer","HeroBlock;ServicesBlock;BenefitsBlock;ProcessBlock;FormBlock;FooterBlock","NONE","headline,subheadline,services_cards,benefits_items,process_steps,form_fields,copyright_text","Grelha modular de serviços com ícones e marcadores técnicos","Visão geral do catálogo de serviços em grelha 3 colunas","Organiza serviços complexos de forma modular e clara para facilidade de navegação.","pilot_eligible"
"TPL-681","28","Catering e Buffet para Festas","Catering Casos & Prova Social","tpl-buffet-prova-social-intensa","Landing Page Direta","Conversão Baseada em Depoimentos e Prova de Confiança","Clientes indecisos que necessitam de validação de terceiros","Ver Resultados e Agendar","hero -> testimonials -> benefits -> faq -> contact -> footer","HeroBlock;TestimonialsBlock;BenefitsBlock;FaqBlock;ContactBlock;FooterBlock","NONE","headline,subheadline,testimonials_list,benefits_items,faq_items,contact_info,copyright_text","Estilo visual focado em cartões de avaliações com estrelas e avatares","Secção Hero integrada com avaliações 5 estrelas em destaque","Utiliza o gatilho da prova social em posição de destaque máximo para quebrar desconfiança.","pilot_eligible"
"TPL-682","28","Catering e Buffet para Festas","Catering Diagnóstico Gratuito","tpl-buffet-diagnostico-inicial-gratuito","Landing Page Direta","Captação de Leads via Oferta de Diagnóstico sem Custo","Clientes em fase de descoberta que procuram avaliação inicial","Solicitar Diagnóstico sem Custo","hero -> process -> benefits -> form -> footer","HeroBlock;ProcessBlock;BenefitsBlock;FormBlock;FooterBlock","NONE","headline,subheadline,process_steps,benefits_items,form_fields,copyright_text","Cores de alta energia e badges explicativos do diagnóstico","Hero com badge de Diagnóstico Gratuito e formulário em destaque","Reduz a barreira de entrada oferecendo uma avaliação sem compromisso financeiro.","pilot_eligible"
"TPL-683","28","Catering e Buffet para Festas","Catering Plantão & Atendimento Rápido","tpl-buffet-atendimento-urgencia-24h","Landing Page Direta","Conversão Urgente para Casos Imediatos","Público com necessidade urgente ou atendimento emergencial","Falar com Atendimento Rápido","hero -> contact -> services -> faq -> footer","HeroBlock;ContactBlock;ServicesBlock;FaqBlock;FooterBlock","NONE","headline,subheadline,phone,email,address,services_cards,faq_items,copyright_text","Layout de alta visibilidade com botão telefónico/WhatsApp de destaque imediato","Hero com botões de contacto direto e mapa de localização rápida","Focado em resolução imediata com telefone e mapa acessíveis sem rolagem.","pilot_eligible"
"TPL-684","28","Catering e Buffet para Festas","Catering Guia de Esclarecimento & FAQ","tpl-buffet-duvidas-e-faq-interativo","Landing Educacional","Captação via Esclarecimento de Dúvidas Técnicas","Clientes que pesquisam objeções antes de contratar","Tirar Minha Dúvida com Especialista","hero -> faq -> benefits -> form -> footer","HeroBlock;FaqBlock;BenefitsBlock;FormBlock;FooterBlock","NONE","headline,subheadline,faq_items,benefits_items,form_fields,copyright_text","Accordion limpo com boa legibilidade e tipografia contrastante","Secção de perguntas frequentes em destaque com busca visual","Resolve objeções complexas antecipadamente para converter tráfego qualificado.","pilot_eligible"
"TPL-685","28","Catering e Buffet para Festas","Catering Equipa & Corpo Clínico/Técnico","tpl-buffet-equipa-e-corpo-tecnico","Website Institucional","Apresentação de Credenciais e Especialistas","Clientes que escolhem profissionais por currículo e autoridade","Marcar com Nossos Especialistas","hero -> team -> about -> services -> contact -> footer","HeroBlock;TeamBlock;AboutBlock;ServicesBlock;ContactBlock;FooterBlock","NONE","headline,subheadline,team_members,story_text,services_cards,contact_info,copyright_text","Grelha elegante de perfis profissionais com bios detalhadas","Cartões de equipa com fotos profissionais e bios curtas","Foco no fator humano e nas credenciais individuais da equipa para passar segurança.","pilot_eligible"
"TPL-686","28","Catering e Buffet para Festas","Catering Unidades & Mapa Local","tpl-buffet-localizacao-e-unidades","Landing Local","Atração de Clientes Locais por Proximidade Geográfica","Moradores/empresas da região geográfica de atendimento","Ver Rota e Agendar Visita","hero -> contact -> services -> testimonials -> footer","HeroBlock;ContactBlock;ServicesBlock;TestimonialsBlock;FooterBlock","NONE","headline,subheadline,google_maps_url,address,phone,services_cards,testimonials_list,copyright_text","Destaque visual para o mapa interativo e informações de endereço","Secção de contacto com mapa integrado e horários de funcionamento","Foco total em busca local e facilidade de localização geográfica.","pilot_eligible"
"TPL-687","28","Catering e Buffet para Festas","Catering Apresentação de Pacotes","tpl-buffet-pacotes-e-condicoes","Landing de Vendas","Conversão para Pacotes Estruturados de Serviços","Clientes interessados em combos e condições especiais","Escolher Meu Pacote","hero -> services -> benefits -> form -> faq -> footer","HeroBlock;ServicesBlock;BenefitsBlock;FormBlock;FaqBlock;FooterBlock","NONE","headline,subheadline,services_cards,benefits_items,form_fields,faq_items,copyright_text","Grelha de pacotes com marcadores visuais do mais popular","Grelha de serviços formatada como cartões de pacotes","Facilita a decisão de compra agrupando serviços em ofertas claras.","pilot_eligible"
"TPL-688","28","Catering e Buffet para Festas","Catering Nossa História & Propósito","tpl-buffet-historia-e-proposito","Website Institucional","Conexão Emocional e Alinhamento de Valores","Clientes que valorizam a missão e reputação da empresa","Fazer Parte da Nossa História","hero -> about -> process -> team -> contact -> footer","HeroBlock;AboutBlock;ProcessBlock;TeamBlock;ContactBlock;FooterBlock","NONE","headline,subheadline,story_text,stat_number,stat_label,process_steps,team_members,contact_info,copyright_text","Narrativa em linha do tempo com fotografias institucionais","Secção About com bloco de estatísticas e imagens de bastidores","Constrói lealdade de longo prazo mostrando a trajetória e propósito do negócio.","pilot_eligible"
"TPL-689","28","Catering e Buffet para Festas","Catering Jornada do Cliente","tpl-buffet-solucao-passo-a-passo","Landing Educacional","Desmistificar o Processo de Prestação do Serviço","Clientes receosos quanto à complexidade do serviço","Iniciar Minha Jornada","hero -> process -> services -> testimonials -> form -> footer","HeroBlock;ProcessBlock;ServicesBlock;TestimonialsBlock;FormBlock;FooterBlock","NONE","headline,subheadline,process_steps,services_cards,testimonials_list,form_fields,copyright_text","Fluxo numérico progressivo (Passo 1, 2, 3) bem marcado","Infográfico do processo de 4 passos com conectores visuais","Reduz a ansiedade do cliente mostrando exatamente o que acontece em cada fase.","pilot_eligible"
"TPL-690","28","Catering e Buffet para Festas","Catering Oferta de Boas-Vindas","tpl-buffet-primeira-visita-especial","Landing Page Direta","Captação de Novos Clientes com Condição Especial","Público que nunca utilizou os serviços da empresa","Garantir Oferta de Boas-Vindas","hero -> benefits -> form -> testimonials -> footer","HeroBlock;BenefitsBlock;FormBlock;TestimonialsBlock;FooterBlock","NONE","headline,subheadline,badge_text,benefits_items,form_fields,testimonials_list,copyright_text","Badge destacado de oferta exclusiva no Hero","Hero com selo de Boas-Vindas e formulário de inscrição direta","Incentiva a experiência inicial através de um incentivo exclusivo para novos clientes.","pilot_eligible"
"TPL-691","28","Catering e Buffet para Festas","Catering Sales Page VSL Longa","tpl-buffet-vsl-video-sales-page","Sales Page Longa","Conversão via Vídeo de Vendas (VSL) e Pitch Estruturado","Leads de tráfego frio preparados por apresentação em vídeo","Garantir Vaga no Programa","hero_vsl -> benefits -> testimonials -> faq -> footer","BenefitsBlock;TestimonialsBlock;FaqBlock;FooterBlock","HeroVslBlock","headline,video_url,cta_primary_text,benefits_items,testimonials_list,faq_items,copyright_text","Container de vídeo centralizado com foco total na apresentação VSL","Player de vídeo VSL em topo escuro e botão CTA revelado abaixo","Focado em conversão audiovisual para infoprodutos e mentorias de alto valor.","blocked_by_node_registry"
"TPL-692","28","Catering e Buffet para Festas","Catering Planos & Tabela de Pricing","tpl-buffet-tabela-de-precos-saas","Produto / Demo / Trial","Seleção de Planos Mensais/Anuais e Free Trial","Decisores de compra avaliando pacotes e limites de software","Assinar Plano Selecionado","hero -> pricing_table -> benefits -> faq -> footer","HeroBlock;BenefitsBlock;FaqBlock;FooterBlock","PricingTableBlock","headline,subheadline,pricing_plans,features_comparison,faq_items,copyright_text","Cartões de preços comparativos com alternador Mensal/Anual","Grelha de 3 planos de preços com destaque para o plano recomendado","Transparência total de preços e funcionalidades para SaaS e assinaturas.","blocked_by_node_registry"
"TPL-693","28","Catering e Buffet para Festas","Catering Mostra de Portfólio & Projetos","tpl-buffet-galeria-portfolio-projetos","Website/Portfólio","Exibição Visual de Projetos Concluídos","Clientes de alto padrão avaliando qualidade estética e acabamento","Solicitar Projeto Semelhante","hero -> gallery_grid -> process -> contact -> footer","HeroBlock;ProcessBlock;ContactBlock;FooterBlock","GalleryGridBlock","headline,subheadline,gallery_images,project_categories,contact_info,copyright_text","Grelha masonry de alta resolução com lightbox interativo","Galeria visual de projetos com filtros por categoria","Demonstra a excelência técnica através do trabalho visualmente concluído.","blocked_by_node_registry"
"TPL-694","28","Catering e Buffet para Festas","Catering Calculadora Interativa de Cotação","tpl-buffet-simulador-calculadora-cotacao","Landing de Cotação","Estimativa Interativa em Tempo Real pelo Cliente","Clientes que desejam calcular o investimento aproximado","Enviar Resultado da Simulação","hero -> interactive_calculator -> form -> faq -> footer","HeroBlock;FormBlock;FaqBlock;FooterBlock","CalculatorBlock","headline,subheadline,calculator_fields,form_fields,faq_items,copyright_text","Sliders e seletores interativos com valor total calculado em tempo real","Calculadora interativa com controles deslizantes e resultado estimado","Engaja o utilizador permitindo simular o valor exato da sua necessidade.","blocked_by_node_registry"
"TPL-695","28","Catering e Buffet para Festas","Catering Agendador com Calendário Ao Vivo","tpl-buffet-calendario-agendamento-online","Landing de Marcações","Reserva Direta de Data e Horário em Agenda Integrada","Clientes que preferem selecionar o dia e hora no momento","Confirmar Data e Horário","hero -> booking_calendar -> testimonials -> footer","HeroBlock;TestimonialsBlock;FooterBlock","BookingCalendarBlock","headline,subheadline,available_slots,testimonials_list,copyright_text","Calendário interativo com escolha de horário em tempo real","Widget de calendário mensal com seleção de slots de horário","Elimina trocas de mensagens agendando a reunião/consulta diretamente.","blocked_by_node_registry"
"TPL-696","28","Catering e Buffet para Festas","Catering Comparativo de Soluções B2B","tpl-buffet-tabela-comparativa-recursos","Produto / Demo / Trial","Demonstração de Superioridade em Relação a Alternativas","Compradores B2B comparando concorrentes e funcionalidades","Escolher a Solução Líder","hero -> comparison_table -> benefits -> form -> footer","HeroBlock;BenefitsBlock;FormBlock;FooterBlock","ComparisonTableBlock","headline,subheadline,comparison_matrix,benefits_items,form_fields,copyright_text","Tabela comparativa com marcas de verificação (checkmarks) e destaques","Tabela comparativa matricial com a empresa destacada na 1ª coluna","Prova a vantagem competitiva de forma transparente através de matriz de recursos.","blocked_by_node_registry"
"TPL-697","28","Catering e Buffet para Festas","Catering Catálogo Filtrável de Soluções","tpl-buffet-catalogo-com-filtros-avancados","Website/Portfólio","Navegação por Granularidade de Nichos e Equipamentos","Clientes B2B buscando especificações técnicas detalhadas","Solicitar Ficha Técnica e Cotação","hero -> filtered_catalog -> contact -> footer","HeroBlock;ContactBlock;FooterBlock","FilteredCatalogBlock","headline,subheadline,catalog_items,filter_categories,contact_info,copyright_text","Filtros por categoria no topo e cartões com badges técnicos","Barra de filtros de produtos e grelha de resultados organizados","Facilita a busca em inventários extensos de serviços ou equipamentos.","blocked_by_node_registry"
"TPL-698","28","Catering e Buffet para Festas","Catering Experiência Virtual & Espaço","tpl-buffet-tour-virtual-galeria-360","Captação e Reserva","Apresentação Imersiva de Ambientes e Instalações","Noivas, organizadores de eventos e clientes de imobiliário","Agendar Visita Presencial","hero -> virtual_tour -> testimonials -> form -> footer","HeroBlock;TestimonialsBlock;FormBlock;FooterBlock","VirtualTourBlock","headline,subheadline,embed_tour_url,testimonials_list,form_fields,copyright_text","Visualizador panorâmico imersivo com botões de navegação","Preview de tour virtual 360 com ícone de navegação interativa","Encanta o cliente mostrando o espaço físico em alta definição antes da visita.","blocked_by_node_registry"
"TPL-699","28","Catering e Buffet para Festas","Catering Linha do Tempo & Tradição","tpl-buffet-linha-do-tempo-historica","Website Institucional","Demonstração de Tradição, Anos de Mercado e Milestones","Grandes contas corporativas buscando estabilidade e tradição","Falar com Nossa Gestão","hero -> timeline_history -> team -> contact -> footer","HeroBlock;TeamBlock;ContactBlock;FooterBlock","TimelineHistoryBlock","headline,subheadline,timeline_events,team_members,contact_info,copyright_text","Linha vertical cronológica com pontos de destaque históricos","Linha do tempo interativa marcando anos e conquistas da empresa","Transmite solidez e confiança comprovando anos de atuação no mercado.","blocked_by_node_registry"
"TPL-700","28","Catering e Buffet para Festas","Catering Cardápio Interativo & Menus","tpl-buffet-menu-degustacao-cardapio","Captação e Reserva","Apresentação de Opções de Menus e Buffets para Eventos","Organizadores de eventos e noivos escolhendo gastronomia","Solicitar Degustação do Cardápio","hero -> interactive_menu -> testimonials -> form -> footer","HeroBlock;TestimonialsBlock;FormBlock;FooterBlock","InteractiveMenuBlock","headline,subheadline,menu_categories,testimonials_list,form_fields,copyright_text","Abas organizadas por pratos (Entradas, Principais, Sobremesas) com fotos","Cardápio em abas estilizadas com imagens de gastronomia","Estimula o desejo gastronómico apresentando os menus de forma elegante.","blocked_by_node_registry"
"TPL-701","29","Hospedagem de Charme e Alojamento Local","Hospedagem Direct Ads Express","tpl-hotel-ads-captura-rapida","Landing Page Direta","Captura Imediata de Leads Google/Meta Ads","Pacientes/clientes urgentes em busca de atendimento direto","Solicitar Atendimento Imediato","hero -> form -> benefits -> testimonials -> footer","HeroBlock;FormBlock;BenefitsBlock;TestimonialsBlock;FooterBlock","NONE","headline,subheadline,badge_text,form_fields,submit_button_text,benefits_list,testimonials_list,copyright_text","Clean responsivo com destaque para formulário de conversão direta","Renderização do formulário em topo claro e CTA com contraste","Foco exclusivo em conversão de fundo de funil com formulário acima da dobra e sem fuga.","pilot_eligible"
"TPL-702","29","Hospedagem de Charme e Alojamento Local","Hospedagem Agendamento VIP","tpl-hotel-agendamento-consulta-vip","Landing de Marcações","Agendamento Direct de Primeira Consulta","Clientes qualificados procurando atendimento exclusivo","Agendar Consulta VIP","hero -> services -> process -> testimonials -> contact -> footer","HeroBlock;ServicesBlock;ProcessBlock;TestimonialsBlock;ContactBlock;FooterBlock","NONE","headline,subheadline,badge_text,services_cards,process_steps,testimonials_list,contact_info,copyright_text","Tom premium com cartões espaçados e etapas do processo ilustradas","Hero com destaque de especialidades e botão de agendamento em destaque","Apresenta a jornada de atendimento passo a passo para gerar confiança no agendamento.","pilot_eligible"
"TPL-703","29","Hospedagem de Charme e Alojamento Local","Hospedagem Institucional Autoridade","tpl-hotel-institucional-autoridade","Website Institucional","Construção de Autoridade de Marca e Apresentação de Equipa","Clientes corporativos e parceiros estratégicos","Conhecer Soluções da Empresa","hero -> about -> services -> team -> contact -> footer","HeroBlock;AboutBlock;ServicesBlock;TeamBlock;ContactBlock;FooterBlock","NONE","headline,subheadline,story_text,stat_number,stat_label,services_cards,team_members,contact_info,copyright_text","Design corporativo sóbrio com tipografia forte e fotos da equipa","Preview da secção de história e griha de membros da equipa","Posiciona o negócio como líder de mercado através da história e equipa médica/profissional.","pilot_eligible"
"TPL-704","29","Hospedagem de Charme e Alojamento Local","Hospedagem Cotação Express","tpl-hotel-cotacao-progressiva-express","Landing de Cotação","Solicitação de Orçamento com Dados Iniciais","Compradores buscando estimativa rápida de investimento","Pedir Orçamento Gratuito","hero -> benefits -> form -> faq -> footer","HeroBlock;BenefitsBlock;FormBlock;FaqBlock;FooterBlock","NONE","headline,subheadline,benefits_items,form_fields,submit_button_text,faq_items,copyright_text","Foco em clareza de benefícios antes de expor os campos de orçamento","Captura destacando cartões de diferenciais e formulário de orçamento","Elimina objeções de preço respondendo perguntas frequentes antes do pedido de cotação.","pilot_eligible"
"TPL-705","29","Hospedagem de Charme e Alojamento Local","Hospedagem Catálogo de Especialidades","tpl-hotel-procedimentos-especializados","Landing de Serviços","Apresentação Detalhada do Portfólio de Serviços","Público que procura soluções técnicas específicas","Consultar Especialista","hero -> services -> benefits -> process -> form -> footer","HeroBlock;ServicesBlock;BenefitsBlock;ProcessBlock;FormBlock;FooterBlock","NONE","headline,subheadline,services_cards,benefits_items,process_steps,form_fields,copyright_text","Grelha modular de serviços com ícones e marcadores técnicos","Visão geral do catálogo de serviços em grelha 3 colunas","Organiza serviços complexos de forma modular e clara para facilidade de navegação.","pilot_eligible"
"TPL-706","29","Hospedagem de Charme e Alojamento Local","Hospedagem Casos & Prova Social","tpl-hotel-prova-social-intensa","Landing Page Direta","Conversão Baseada em Depoimentos e Prova de Confiança","Clientes indecisos que necessitam de validação de terceiros","Ver Resultados e Agendar","hero -> testimonials -> benefits -> faq -> contact -> footer","HeroBlock;TestimonialsBlock;BenefitsBlock;FaqBlock;ContactBlock;FooterBlock","NONE","headline,subheadline,testimonials_list,benefits_items,faq_items,contact_info,copyright_text","Estilo visual focado em cartões de avaliações com estrelas e avatares","Secção Hero integrada com avaliações 5 estrelas em destaque","Utiliza o gatilho da prova social em posição de destaque máximo para quebrar desconfiança.","pilot_eligible"
"TPL-707","29","Hospedagem de Charme e Alojamento Local","Hospedagem Diagnóstico Gratuito","tpl-hotel-diagnostico-inicial-gratuito","Landing Page Direta","Captação de Leads via Oferta de Diagnóstico sem Custo","Clientes em fase de descoberta que procuram avaliação inicial","Solicitar Diagnóstico sem Custo","hero -> process -> benefits -> form -> footer","HeroBlock;ProcessBlock;BenefitsBlock;FormBlock;FooterBlock","NONE","headline,subheadline,process_steps,benefits_items,form_fields,copyright_text","Cores de alta energia e badges explicativos do diagnóstico","Hero com badge de Diagnóstico Gratuito e formulário em destaque","Reduz a barreira de entrada oferecendo uma avaliação sem compromisso financeiro.","pilot_eligible"
"TPL-708","29","Hospedagem de Charme e Alojamento Local","Hospedagem Plantão & Atendimento Rápido","tpl-hotel-atendimento-urgencia-24h","Landing Page Direta","Conversão Urgente para Casos Imediatos","Público com necessidade urgente ou atendimento emergencial","Falar com Atendimento Rápido","hero -> contact -> services -> faq -> footer","HeroBlock;ContactBlock;ServicesBlock;FaqBlock;FooterBlock","NONE","headline,subheadline,phone,email,address,services_cards,faq_items,copyright_text","Layout de alta visibilidade com botão telefónico/WhatsApp de destaque imediato","Hero com botões de contacto direto e mapa de localização rápida","Focado em resolução imediata com telefone e mapa acessíveis sem rolagem.","pilot_eligible"
"TPL-709","29","Hospedagem de Charme e Alojamento Local","Hospedagem Guia de Esclarecimento & FAQ","tpl-hotel-duvidas-e-faq-interativo","Landing Educacional","Captação via Esclarecimento de Dúvidas Técnicas","Clientes que pesquisam objeções antes de contratar","Tirar Minha Dúvida com Especialista","hero -> faq -> benefits -> form -> footer","HeroBlock;FaqBlock;BenefitsBlock;FormBlock;FooterBlock","NONE","headline,subheadline,faq_items,benefits_items,form_fields,copyright_text","Accordion limpo com boa legibilidade e tipografia contrastante","Secção de perguntas frequentes em destaque com busca visual","Resolve objeções complexas antecipadamente para converter tráfego qualificado.","pilot_eligible"
"TPL-710","29","Hospedagem de Charme e Alojamento Local","Hospedagem Equipa & Corpo Clínico/Técnico","tpl-hotel-equipa-e-corpo-tecnico","Website Institucional","Apresentação de Credenciais e Especialistas","Clientes que escolhem profissionais por currículo e autoridade","Marcar com Nossos Especialistas","hero -> team -> about -> services -> contact -> footer","HeroBlock;TeamBlock;AboutBlock;ServicesBlock;ContactBlock;FooterBlock","NONE","headline,subheadline,team_members,story_text,services_cards,contact_info,copyright_text","Grelha elegante de perfis profissionais com bios detalhadas","Cartões de equipa com fotos profissionais e bios curtas","Foco no fator humano e nas credenciais individuais da equipa para passar segurança.","pilot_eligible"
"TPL-711","29","Hospedagem de Charme e Alojamento Local","Hospedagem Unidades & Mapa Local","tpl-hotel-localizacao-e-unidades","Landing Local","Atração de Clientes Locais por Proximidade Geográfica","Moradores/empresas da região geográfica de atendimento","Ver Rota e Agendar Visita","hero -> contact -> services -> testimonials -> footer","HeroBlock;ContactBlock;ServicesBlock;TestimonialsBlock;FooterBlock","NONE","headline,subheadline,google_maps_url,address,phone,services_cards,testimonials_list,copyright_text","Destaque visual para o mapa interativo e informações de endereço","Secção de contacto com mapa integrado e horários de funcionamento","Foco total em busca local e facilidade de localização geográfica.","pilot_eligible"
"TPL-712","29","Hospedagem de Charme e Alojamento Local","Hospedagem Apresentação de Pacotes","tpl-hotel-pacotes-e-condicoes","Landing de Vendas","Conversão para Pacotes Estruturados de Serviços","Clientes interessados em combos e condições especiais","Escolher Meu Pacote","hero -> services -> benefits -> form -> faq -> footer","HeroBlock;ServicesBlock;BenefitsBlock;FormBlock;FaqBlock;FooterBlock","NONE","headline,subheadline,services_cards,benefits_items,form_fields,faq_items,copyright_text","Grelha de pacotes com marcadores visuais do mais popular","Grelha de serviços formatada como cartões de pacotes","Facilita a decisão de compra agrupando serviços em ofertas claras.","pilot_eligible"
"TPL-713","29","Hospedagem de Charme e Alojamento Local","Hospedagem Nossa História & Propósito","tpl-hotel-historia-e-proposito","Website Institucional","Conexão Emocional e Alinhamento de Valores","Clientes que valorizam a missão e reputação da empresa","Fazer Parte da Nossa História","hero -> about -> process -> team -> contact -> footer","HeroBlock;AboutBlock;ProcessBlock;TeamBlock;ContactBlock;FooterBlock","NONE","headline,subheadline,story_text,stat_number,stat_label,process_steps,team_members,contact_info,copyright_text","Narrativa em linha do tempo com fotografias institucionais","Secção About com bloco de estatísticas e imagens de bastidores","Constrói lealdade de longo prazo mostrando a trajetória e propósito do negócio.","pilot_eligible"
"TPL-714","29","Hospedagem de Charme e Alojamento Local","Hospedagem Jornada do Cliente","tpl-hotel-solucao-passo-a-passo","Landing Educacional","Desmistificar o Processo de Prestação do Serviço","Clientes receosos quanto à complexidade do serviço","Iniciar Minha Jornada","hero -> process -> services -> testimonials -> form -> footer","HeroBlock;ProcessBlock;ServicesBlock;TestimonialsBlock;FormBlock;FooterBlock","NONE","headline,subheadline,process_steps,services_cards,testimonials_list,form_fields,copyright_text","Fluxo numérico progressivo (Passo 1, 2, 3) bem marcado","Infográfico do processo de 4 passos com conectores visuais","Reduz a ansiedade do cliente mostrando exatamente o que acontece em cada fase.","pilot_eligible"
"TPL-715","29","Hospedagem de Charme e Alojamento Local","Hospedagem Oferta de Boas-Vindas","tpl-hotel-primeira-visita-especial","Landing Page Direta","Captação de Novos Clientes com Condição Especial","Público que nunca utilizou os serviços da empresa","Garantir Oferta de Boas-Vindas","hero -> benefits -> form -> testimonials -> footer","HeroBlock;BenefitsBlock;FormBlock;TestimonialsBlock;FooterBlock","NONE","headline,subheadline,badge_text,benefits_items,form_fields,testimonials_list,copyright_text","Badge destacado de oferta exclusiva no Hero","Hero com selo de Boas-Vindas e formulário de inscrição direta","Incentiva a experiência inicial através de um incentivo exclusivo para novos clientes.","pilot_eligible"
"TPL-716","29","Hospedagem de Charme e Alojamento Local","Hospedagem Sales Page VSL Longa","tpl-hotel-vsl-video-sales-page","Sales Page Longa","Conversão via Vídeo de Vendas (VSL) e Pitch Estruturado","Leads de tráfego frio preparados por apresentação em vídeo","Garantir Vaga no Programa","hero_vsl -> benefits -> testimonials -> faq -> footer","BenefitsBlock;TestimonialsBlock;FaqBlock;FooterBlock","HeroVslBlock","headline,video_url,cta_primary_text,benefits_items,testimonials_list,faq_items,copyright_text","Container de vídeo centralizado com foco total na apresentação VSL","Player de vídeo VSL em topo escuro e botão CTA revelado abaixo","Focado em conversão audiovisual para infoprodutos e mentorias de alto valor.","blocked_by_node_registry"
"TPL-717","29","Hospedagem de Charme e Alojamento Local","Hospedagem Planos & Tabela de Pricing","tpl-hotel-tabela-de-precos-saas","Produto / Demo / Trial","Seleção de Planos Mensais/Anuais e Free Trial","Decisores de compra avaliando pacotes e limites de software","Assinar Plano Selecionado","hero -> pricing_table -> benefits -> faq -> footer","HeroBlock;BenefitsBlock;FaqBlock;FooterBlock","PricingTableBlock","headline,subheadline,pricing_plans,features_comparison,faq_items,copyright_text","Cartões de preços comparativos com alternador Mensal/Anual","Grelha de 3 planos de preços com destaque para o plano recomendado","Transparência total de preços e funcionalidades para SaaS e assinaturas.","blocked_by_node_registry"
"TPL-718","29","Hospedagem de Charme e Alojamento Local","Hospedagem Mostra de Portfólio & Projetos","tpl-hotel-galeria-portfolio-projetos","Website/Portfólio","Exibição Visual de Projetos Concluídos","Clientes de alto padrão avaliando qualidade estética e acabamento","Solicitar Projeto Semelhante","hero -> gallery_grid -> process -> contact -> footer","HeroBlock;ProcessBlock;ContactBlock;FooterBlock","GalleryGridBlock","headline,subheadline,gallery_images,project_categories,contact_info,copyright_text","Grelha masonry de alta resolução com lightbox interativo","Galeria visual de projetos com filtros por categoria","Demonstra a excelência técnica através do trabalho visualmente concluído.","blocked_by_node_registry"
"TPL-719","29","Hospedagem de Charme e Alojamento Local","Hospedagem Calculadora Interativa de Cotação","tpl-hotel-simulador-calculadora-cotacao","Landing de Cotação","Estimativa Interativa em Tempo Real pelo Cliente","Clientes que desejam calcular o investimento aproximado","Enviar Resultado da Simulação","hero -> interactive_calculator -> form -> faq -> footer","HeroBlock;FormBlock;FaqBlock;FooterBlock","CalculatorBlock","headline,subheadline,calculator_fields,form_fields,faq_items,copyright_text","Sliders e seletores interativos com valor total calculado em tempo real","Calculadora interativa com controles deslizantes e resultado estimado","Engaja o utilizador permitindo simular o valor exato da sua necessidade.","blocked_by_node_registry"
"TPL-720","29","Hospedagem de Charme e Alojamento Local","Hospedagem Agendador com Calendário Ao Vivo","tpl-hotel-calendario-agendamento-online","Landing de Marcações","Reserva Direta de Data e Horário em Agenda Integrada","Clientes que preferem selecionar o dia e hora no momento","Confirmar Data e Horário","hero -> booking_calendar -> testimonials -> footer","HeroBlock;TestimonialsBlock;FooterBlock","BookingCalendarBlock","headline,subheadline,available_slots,testimonials_list,copyright_text","Calendário interativo com escolha de horário em tempo real","Widget de calendário mensal com seleção de slots de horário","Elimina trocas de mensagens agendando a reunião/consulta diretamente.","blocked_by_node_registry"
"TPL-721","29","Hospedagem de Charme e Alojamento Local","Hospedagem Comparativo de Soluções B2B","tpl-hotel-tabela-comparativa-recursos","Produto / Demo / Trial","Demonstração de Superioridade em Relação a Alternativas","Compradores B2B comparando concorrentes e funcionalidades","Escolher a Solução Líder","hero -> comparison_table -> benefits -> form -> footer","HeroBlock;BenefitsBlock;FormBlock;FooterBlock","ComparisonTableBlock","headline,subheadline,comparison_matrix,benefits_items,form_fields,copyright_text","Tabela comparativa com marcas de verificação (checkmarks) e destaques","Tabela comparativa matricial com a empresa destacada na 1ª coluna","Prova a vantagem competitiva de forma transparente através de matriz de recursos.","blocked_by_node_registry"
"TPL-722","29","Hospedagem de Charme e Alojamento Local","Hospedagem Catálogo Filtrável de Soluções","tpl-hotel-catalogo-com-filtros-avancados","Website/Portfólio","Navegação por Granularidade de Nichos e Equipamentos","Clientes B2B buscando especificações técnicas detalhadas","Solicitar Ficha Técnica e Cotação","hero -> filtered_catalog -> contact -> footer","HeroBlock;ContactBlock;FooterBlock","FilteredCatalogBlock","headline,subheadline,catalog_items,filter_categories,contact_info,copyright_text","Filtros por categoria no topo e cartões com badges técnicos","Barra de filtros de produtos e grelha de resultados organizados","Facilita a busca em inventários extensos de serviços ou equipamentos.","blocked_by_node_registry"
"TPL-723","29","Hospedagem de Charme e Alojamento Local","Hospedagem Experiência Virtual & Espaço","tpl-hotel-tour-virtual-galeria-360","Captação e Reserva","Apresentação Imersiva de Ambientes e Instalações","Noivas, organizadores de eventos e clientes de imobiliário","Agendar Visita Presencial","hero -> virtual_tour -> testimonials -> form -> footer","HeroBlock;TestimonialsBlock;FormBlock;FooterBlock","VirtualTourBlock","headline,subheadline,embed_tour_url,testimonials_list,form_fields,copyright_text","Visualizador panorâmico imersivo com botões de navegação","Preview de tour virtual 360 com ícone de navegação interativa","Encanta o cliente mostrando o espaço físico em alta definição antes da visita.","blocked_by_node_registry"
"TPL-724","29","Hospedagem de Charme e Alojamento Local","Hospedagem Linha do Tempo & Tradição","tpl-hotel-linha-do-tempo-historica","Website Institucional","Demonstração de Tradição, Anos de Mercado e Milestones","Grandes contas corporativas buscando estabilidade e tradição","Falar com Nossa Gestão","hero -> timeline_history -> team -> contact -> footer","HeroBlock;TeamBlock;ContactBlock;FooterBlock","TimelineHistoryBlock","headline,subheadline,timeline_events,team_members,contact_info,copyright_text","Linha vertical cronológica com pontos de destaque históricos","Linha do tempo interativa marcando anos e conquistas da empresa","Transmite solidez e confiança comprovando anos de atuação no mercado.","blocked_by_node_registry"
"TPL-725","29","Hospedagem de Charme e Alojamento Local","Hospedagem Cardápio Interativo & Menus","tpl-hotel-menu-degustacao-cardapio","Captação e Reserva","Apresentação de Opções de Menus e Buffets para Eventos","Organizadores de eventos e noivos escolhendo gastronomia","Solicitar Degustação do Cardápio","hero -> interactive_menu -> testimonials -> form -> footer","HeroBlock;TestimonialsBlock;FormBlock;FooterBlock","InteractiveMenuBlock","headline,subheadline,menu_categories,testimonials_list,form_fields,copyright_text","Abas organizadas por pratos (Entradas, Principais, Sobremesas) com fotos","Cardápio em abas estilizadas com imagens de gastronomia","Estimula o desejo gastronómico apresentando os menus de forma elegante.","blocked_by_node_registry"
"TPL-726","30","Clínicas Veterinárias e Hotel Pet","Clínicas Direct Ads Express","tpl-vet-ads-captura-rapida","Landing Page Direta","Captura Imediata de Leads Google/Meta Ads","Pacientes/clientes urgentes em busca de atendimento direto","Solicitar Atendimento Imediato","hero -> form -> benefits -> testimonials -> footer","HeroBlock;FormBlock;BenefitsBlock;TestimonialsBlock;FooterBlock","NONE","headline,subheadline,badge_text,form_fields,submit_button_text,benefits_list,testimonials_list,copyright_text","Clean responsivo com destaque para formulário de conversão direta","Renderização do formulário em topo claro e CTA com contraste","Foco exclusivo em conversão de fundo de funil com formulário acima da dobra e sem fuga.","pilot_eligible"
"TPL-727","30","Clínicas Veterinárias e Hotel Pet","Clínicas Agendamento VIP","tpl-vet-agendamento-consulta-vip","Landing de Marcações","Agendamento Direct de Primeira Consulta","Clientes qualificados procurando atendimento exclusivo","Agendar Consulta VIP","hero -> services -> process -> testimonials -> contact -> footer","HeroBlock;ServicesBlock;ProcessBlock;TestimonialsBlock;ContactBlock;FooterBlock","NONE","headline,subheadline,badge_text,services_cards,process_steps,testimonials_list,contact_info,copyright_text","Tom premium com cartões espaçados e etapas do processo ilustradas","Hero com destaque de especialidades e botão de agendamento em destaque","Apresenta a jornada de atendimento passo a passo para gerar confiança no agendamento.","pilot_eligible"
"TPL-728","30","Clínicas Veterinárias e Hotel Pet","Clínicas Institucional Autoridade","tpl-vet-institucional-autoridade","Website Institucional","Construção de Autoridade de Marca e Apresentação de Equipa","Clientes corporativos e parceiros estratégicos","Conhecer Soluções da Empresa","hero -> about -> services -> team -> contact -> footer","HeroBlock;AboutBlock;ServicesBlock;TeamBlock;ContactBlock;FooterBlock","NONE","headline,subheadline,story_text,stat_number,stat_label,services_cards,team_members,contact_info,copyright_text","Design corporativo sóbrio com tipografia forte e fotos da equipa","Preview da secção de história e griha de membros da equipa","Posiciona o negócio como líder de mercado através da história e equipa médica/profissional.","pilot_eligible"
"TPL-729","30","Clínicas Veterinárias e Hotel Pet","Clínicas Cotação Express","tpl-vet-cotacao-progressiva-express","Landing de Cotação","Solicitação de Orçamento com Dados Iniciais","Compradores buscando estimativa rápida de investimento","Pedir Orçamento Gratuito","hero -> benefits -> form -> faq -> footer","HeroBlock;BenefitsBlock;FormBlock;FaqBlock;FooterBlock","NONE","headline,subheadline,benefits_items,form_fields,submit_button_text,faq_items,copyright_text","Foco em clareza de benefícios antes de expor os campos de orçamento","Captura destacando cartões de diferenciais e formulário de orçamento","Elimina objeções de preço respondendo perguntas frequentes antes do pedido de cotação.","pilot_eligible"
"TPL-730","30","Clínicas Veterinárias e Hotel Pet","Clínicas Catálogo de Especialidades","tpl-vet-procedimentos-especializados","Landing de Serviços","Apresentação Detalhada do Portfólio de Serviços","Público que procura soluções técnicas específicas","Consultar Especialista","hero -> services -> benefits -> process -> form -> footer","HeroBlock;ServicesBlock;BenefitsBlock;ProcessBlock;FormBlock;FooterBlock","NONE","headline,subheadline,services_cards,benefits_items,process_steps,form_fields,copyright_text","Grelha modular de serviços com ícones e marcadores técnicos","Visão geral do catálogo de serviços em grelha 3 colunas","Organiza serviços complexos de forma modular e clara para facilidade de navegação.","pilot_eligible"
"TPL-731","30","Clínicas Veterinárias e Hotel Pet","Clínicas Casos & Prova Social","tpl-vet-prova-social-intensa","Landing Page Direta","Conversão Baseada em Depoimentos e Prova de Confiança","Clientes indecisos que necessitam de validação de terceiros","Ver Resultados e Agendar","hero -> testimonials -> benefits -> faq -> contact -> footer","HeroBlock;TestimonialsBlock;BenefitsBlock;FaqBlock;ContactBlock;FooterBlock","NONE","headline,subheadline,testimonials_list,benefits_items,faq_items,contact_info,copyright_text","Estilo visual focado em cartões de avaliações com estrelas e avatares","Secção Hero integrada com avaliações 5 estrelas em destaque","Utiliza o gatilho da prova social em posição de destaque máximo para quebrar desconfiança.","pilot_eligible"
"TPL-732","30","Clínicas Veterinárias e Hotel Pet","Clínicas Diagnóstico Gratuito","tpl-vet-diagnostico-inicial-gratuito","Landing Page Direta","Captação de Leads via Oferta de Diagnóstico sem Custo","Clientes em fase de descoberta que procuram avaliação inicial","Solicitar Diagnóstico sem Custo","hero -> process -> benefits -> form -> footer","HeroBlock;ProcessBlock;BenefitsBlock;FormBlock;FooterBlock","NONE","headline,subheadline,process_steps,benefits_items,form_fields,copyright_text","Cores de alta energia e badges explicativos do diagnóstico","Hero com badge de Diagnóstico Gratuito e formulário em destaque","Reduz a barreira de entrada oferecendo uma avaliação sem compromisso financeiro.","pilot_eligible"
"TPL-733","30","Clínicas Veterinárias e Hotel Pet","Clínicas Plantão & Atendimento Rápido","tpl-vet-atendimento-urgencia-24h","Landing Page Direta","Conversão Urgente para Casos Imediatos","Público com necessidade urgente ou atendimento emergencial","Falar com Atendimento Rápido","hero -> contact -> services -> faq -> footer","HeroBlock;ContactBlock;ServicesBlock;FaqBlock;FooterBlock","NONE","headline,subheadline,phone,email,address,services_cards,faq_items,copyright_text","Layout de alta visibilidade com botão telefónico/WhatsApp de destaque imediato","Hero com botões de contacto direto e mapa de localização rápida","Focado em resolução imediata com telefone e mapa acessíveis sem rolagem.","pilot_eligible"
"TPL-734","30","Clínicas Veterinárias e Hotel Pet","Clínicas Guia de Esclarecimento & FAQ","tpl-vet-duvidas-e-faq-interativo","Landing Educacional","Captação via Esclarecimento de Dúvidas Técnicas","Clientes que pesquisam objeções antes de contratar","Tirar Minha Dúvida com Especialista","hero -> faq -> benefits -> form -> footer","HeroBlock;FaqBlock;BenefitsBlock;FormBlock;FooterBlock","NONE","headline,subheadline,faq_items,benefits_items,form_fields,copyright_text","Accordion limpo com boa legibilidade e tipografia contrastante","Secção de perguntas frequentes em destaque com busca visual","Resolve objeções complexas antecipadamente para converter tráfego qualificado.","pilot_eligible"
"TPL-735","30","Clínicas Veterinárias e Hotel Pet","Clínicas Equipa & Corpo Clínico/Técnico","tpl-vet-equipa-e-corpo-tecnico","Website Institucional","Apresentação de Credenciais e Especialistas","Clientes que escolhem profissionais por currículo e autoridade","Marcar com Nossos Especialistas","hero -> team -> about -> services -> contact -> footer","HeroBlock;TeamBlock;AboutBlock;ServicesBlock;ContactBlock;FooterBlock","NONE","headline,subheadline,team_members,story_text,services_cards,contact_info,copyright_text","Grelha elegante de perfis profissionais com bios detalhadas","Cartões de equipa com fotos profissionais e bios curtas","Foco no fator humano e nas credenciais individuais da equipa para passar segurança.","pilot_eligible"
"TPL-736","30","Clínicas Veterinárias e Hotel Pet","Clínicas Unidades & Mapa Local","tpl-vet-localizacao-e-unidades","Landing Local","Atração de Clientes Locais por Proximidade Geográfica","Moradores/empresas da região geográfica de atendimento","Ver Rota e Agendar Visita","hero -> contact -> services -> testimonials -> footer","HeroBlock;ContactBlock;ServicesBlock;TestimonialsBlock;FooterBlock","NONE","headline,subheadline,google_maps_url,address,phone,services_cards,testimonials_list,copyright_text","Destaque visual para o mapa interativo e informações de endereço","Secção de contacto com mapa integrado e horários de funcionamento","Foco total em busca local e facilidade de localização geográfica.","pilot_eligible"
"TPL-737","30","Clínicas Veterinárias e Hotel Pet","Clínicas Apresentação de Pacotes","tpl-vet-pacotes-e-condicoes","Landing de Vendas","Conversão para Pacotes Estruturados de Serviços","Clientes interessados em combos e condições especiais","Escolher Meu Pacote","hero -> services -> benefits -> form -> faq -> footer","HeroBlock;ServicesBlock;BenefitsBlock;FormBlock;FaqBlock;FooterBlock","NONE","headline,subheadline,services_cards,benefits_items,form_fields,faq_items,copyright_text","Grelha de pacotes com marcadores visuais do mais popular","Grelha de serviços formatada como cartões de pacotes","Facilita a decisão de compra agrupando serviços em ofertas claras.","pilot_eligible"
"TPL-738","30","Clínicas Veterinárias e Hotel Pet","Clínicas Nossa História & Propósito","tpl-vet-historia-e-proposito","Website Institucional","Conexão Emocional e Alinhamento de Valores","Clientes que valorizam a missão e reputação da empresa","Fazer Parte da Nossa História","hero -> about -> process -> team -> contact -> footer","HeroBlock;AboutBlock;ProcessBlock;TeamBlock;ContactBlock;FooterBlock","NONE","headline,subheadline,story_text,stat_number,stat_label,process_steps,team_members,contact_info,copyright_text","Narrativa em linha do tempo com fotografias institucionais","Secção About com bloco de estatísticas e imagens de bastidores","Constrói lealdade de longo prazo mostrando a trajetória e propósito do negócio.","pilot_eligible"
"TPL-739","30","Clínicas Veterinárias e Hotel Pet","Clínicas Jornada do Cliente","tpl-vet-solucao-passo-a-passo","Landing Educacional","Desmistificar o Processo de Prestação do Serviço","Clientes receosos quanto à complexidade do serviço","Iniciar Minha Jornada","hero -> process -> services -> testimonials -> form -> footer","HeroBlock;ProcessBlock;ServicesBlock;TestimonialsBlock;FormBlock;FooterBlock","NONE","headline,subheadline,process_steps,services_cards,testimonials_list,form_fields,copyright_text","Fluxo numérico progressivo (Passo 1, 2, 3) bem marcado","Infográfico do processo de 4 passos com conectores visuais","Reduz a ansiedade do cliente mostrando exatamente o que acontece em cada fase.","pilot_eligible"
"TPL-740","30","Clínicas Veterinárias e Hotel Pet","Clínicas Oferta de Boas-Vindas","tpl-vet-primeira-visita-especial","Landing Page Direta","Captação de Novos Clientes com Condição Especial","Público que nunca utilizou os serviços da empresa","Garantir Oferta de Boas-Vindas","hero -> benefits -> form -> testimonials -> footer","HeroBlock;BenefitsBlock;FormBlock;TestimonialsBlock;FooterBlock","NONE","headline,subheadline,badge_text,benefits_items,form_fields,testimonials_list,copyright_text","Badge destacado de oferta exclusiva no Hero","Hero com selo de Boas-Vindas e formulário de inscrição direta","Incentiva a experiência inicial através de um incentivo exclusivo para novos clientes.","pilot_eligible"
"TPL-741","30","Clínicas Veterinárias e Hotel Pet","Clínicas Sales Page VSL Longa","tpl-vet-vsl-video-sales-page","Sales Page Longa","Conversão via Vídeo de Vendas (VSL) e Pitch Estruturado","Leads de tráfego frio preparados por apresentação em vídeo","Garantir Vaga no Programa","hero_vsl -> benefits -> testimonials -> faq -> footer","BenefitsBlock;TestimonialsBlock;FaqBlock;FooterBlock","HeroVslBlock","headline,video_url,cta_primary_text,benefits_items,testimonials_list,faq_items,copyright_text","Container de vídeo centralizado com foco total na apresentação VSL","Player de vídeo VSL em topo escuro e botão CTA revelado abaixo","Focado em conversão audiovisual para infoprodutos e mentorias de alto valor.","blocked_by_node_registry"
"TPL-742","30","Clínicas Veterinárias e Hotel Pet","Clínicas Planos & Tabela de Pricing","tpl-vet-tabela-de-precos-saas","Produto / Demo / Trial","Seleção de Planos Mensais/Anuais e Free Trial","Decisores de compra avaliando pacotes e limites de software","Assinar Plano Selecionado","hero -> pricing_table -> benefits -> faq -> footer","HeroBlock;BenefitsBlock;FaqBlock;FooterBlock","PricingTableBlock","headline,subheadline,pricing_plans,features_comparison,faq_items,copyright_text","Cartões de preços comparativos com alternador Mensal/Anual","Grelha de 3 planos de preços com destaque para o plano recomendado","Transparência total de preços e funcionalidades para SaaS e assinaturas.","blocked_by_node_registry"
"TPL-743","30","Clínicas Veterinárias e Hotel Pet","Clínicas Mostra de Portfólio & Projetos","tpl-vet-galeria-portfolio-projetos","Website/Portfólio","Exibição Visual de Projetos Concluídos","Clientes de alto padrão avaliando qualidade estética e acabamento","Solicitar Projeto Semelhante","hero -> gallery_grid -> process -> contact -> footer","HeroBlock;ProcessBlock;ContactBlock;FooterBlock","GalleryGridBlock","headline,subheadline,gallery_images,project_categories,contact_info,copyright_text","Grelha masonry de alta resolução com lightbox interativo","Galeria visual de projetos com filtros por categoria","Demonstra a excelência técnica através do trabalho visualmente concluído.","blocked_by_node_registry"
"TPL-744","30","Clínicas Veterinárias e Hotel Pet","Clínicas Calculadora Interativa de Cotação","tpl-vet-simulador-calculadora-cotacao","Landing de Cotação","Estimativa Interativa em Tempo Real pelo Cliente","Clientes que desejam calcular o investimento aproximado","Enviar Resultado da Simulação","hero -> interactive_calculator -> form -> faq -> footer","HeroBlock;FormBlock;FaqBlock;FooterBlock","CalculatorBlock","headline,subheadline,calculator_fields,form_fields,faq_items,copyright_text","Sliders e seletores interativos com valor total calculado em tempo real","Calculadora interativa com controles deslizantes e resultado estimado","Engaja o utilizador permitindo simular o valor exato da sua necessidade.","blocked_by_node_registry"
"TPL-745","30","Clínicas Veterinárias e Hotel Pet","Clínicas Agendador com Calendário Ao Vivo","tpl-vet-calendario-agendamento-online","Landing de Marcações","Reserva Direta de Data e Horário em Agenda Integrada","Clientes que preferem selecionar o dia e hora no momento","Confirmar Data e Horário","hero -> booking_calendar -> testimonials -> footer","HeroBlock;TestimonialsBlock;FooterBlock","BookingCalendarBlock","headline,subheadline,available_slots,testimonials_list,copyright_text","Calendário interativo com escolha de horário em tempo real","Widget de calendário mensal com seleção de slots de horário","Elimina trocas de mensagens agendando a reunião/consulta diretamente.","blocked_by_node_registry"
"TPL-746","30","Clínicas Veterinárias e Hotel Pet","Clínicas Comparativo de Soluções B2B","tpl-vet-tabela-comparativa-recursos","Produto / Demo / Trial","Demonstração de Superioridade em Relação a Alternativas","Compradores B2B comparando concorrentes e funcionalidades","Escolher a Solução Líder","hero -> comparison_table -> benefits -> form -> footer","HeroBlock;BenefitsBlock;FormBlock;FooterBlock","ComparisonTableBlock","headline,subheadline,comparison_matrix,benefits_items,form_fields,copyright_text","Tabela comparativa com marcas de verificação (checkmarks) e destaques","Tabela comparativa matricial com a empresa destacada na 1ª coluna","Prova a vantagem competitiva de forma transparente através de matriz de recursos.","blocked_by_node_registry"
"TPL-747","30","Clínicas Veterinárias e Hotel Pet","Clínicas Catálogo Filtrável de Soluções","tpl-vet-catalogo-com-filtros-avancados","Website/Portfólio","Navegação por Granularidade de Nichos e Equipamentos","Clientes B2B buscando especificações técnicas detalhadas","Solicitar Ficha Técnica e Cotação","hero -> filtered_catalog -> contact -> footer","HeroBlock;ContactBlock;FooterBlock","FilteredCatalogBlock","headline,subheadline,catalog_items,filter_categories,contact_info,copyright_text","Filtros por categoria no topo e cartões com badges técnicos","Barra de filtros de produtos e grelha de resultados organizados","Facilita a busca em inventários extensos de serviços ou equipamentos.","blocked_by_node_registry"
"TPL-748","30","Clínicas Veterinárias e Hotel Pet","Clínicas Experiência Virtual & Espaço","tpl-vet-tour-virtual-galeria-360","Captação e Reserva","Apresentação Imersiva de Ambientes e Instalações","Noivas, organizadores de eventos e clientes de imobiliário","Agendar Visita Presencial","hero -> virtual_tour -> testimonials -> form -> footer","HeroBlock;TestimonialsBlock;FormBlock;FooterBlock","VirtualTourBlock","headline,subheadline,embed_tour_url,testimonials_list,form_fields,copyright_text","Visualizador panorâmico imersivo com botões de navegação","Preview de tour virtual 360 com ícone de navegação interativa","Encanta o cliente mostrando o espaço físico em alta definição antes da visita.","blocked_by_node_registry"
"TPL-749","30","Clínicas Veterinárias e Hotel Pet","Clínicas Linha do Tempo & Tradição","tpl-vet-linha-do-tempo-historica","Website Institucional","Demonstração de Tradição, Anos de Mercado e Milestones","Grandes contas corporativas buscando estabilidade e tradição","Falar com Nossa Gestão","hero -> timeline_history -> team -> contact -> footer","HeroBlock;TeamBlock;ContactBlock;FooterBlock","TimelineHistoryBlock","headline,subheadline,timeline_events,team_members,contact_info,copyright_text","Linha vertical cronológica com pontos de destaque históricos","Linha do tempo interativa marcando anos e conquistas da empresa","Transmite solidez e confiança comprovando anos de atuação no mercado.","blocked_by_node_registry"
"TPL-750","30","Clínicas Veterinárias e Hotel Pet","Clínicas Cardápio Interativo & Menus","tpl-vet-menu-degustacao-cardapio","Captação e Reserva","Apresentação de Opções de Menus e Buffets para Eventos","Organizadores de eventos e noivos escolhendo gastronomia","Solicitar Degustação do Cardápio","hero -> interactive_menu -> testimonials -> form -> footer","HeroBlock;TestimonialsBlock;FormBlock;FooterBlock","InteractiveMenuBlock","headline,subheadline,menu_categories,testimonials_list,form_fields,copyright_text","Abas organizadas por pratos (Entradas, Principais, Sobremesas) com fotos","Cardápio em abas estilizadas com imagens de gastronomia","Estimula o desejo gastronómico apresentando os menus de forma elegante.","blocked_by_node_registry"